Asset_1_Weight,Asset_2_Weight,Asset_3_Weight,Asset_4_Weight,Asset_5_Weight,Asset_6_Weight,Asset_7_Weight,Asset_8_Weight,Asset_9_Weight,Asset_10_Weight,Asset_11_Weight,Asset_12_Weight,Asset_13_Weight,Asset_14_Weight,Asset_15_Weight,Day
-0.065470465,-0.20793037,0.05594569,-0.040377345,0.26588303,0.7621413,-0.31971642,0.19600657,0.17392695,0.4168557,-0.27420783,0.039291974,0.4485352,0.11616711,-0.5670511,1
-0.048095793,-0.14956896,0.21930322,0.005556016,0.2150876,0.43496037,-0.22196649,0.0589039,0.10236615,0.43971226,-0.31400082,0.2797527,0.33021137,0.0627513,-0.4149728,2
-0.02820826,-0.23683925,0.026852174,-0.10315904,0.19197355,0.61380714,-0.14587438,0.37022316,0.121512264,0.49161017,-0.30962503,0.1818578,0.17011578,0.18284549,-0.52709156,3
-0.011187792,-0.22137903,-0.00022016013,-0.09198223,0.23066263,0.59440607,-0.19048955,0.3109345,0.14880781,0.45704338,-0.24074136,0.1724546,0.20249094,0.14923589,-0.51003575,4
0.09432691,-0.18020196,-0.1509369,-0.24216928,0.14303252,0.9155143,-0.064961426,0.43327203,0.07088798,0.40356335,-0.20921399,0.1372751,0.10215605,0.05397317,-0.5065179,5
0.078412294,-0.18623367,-0.18057896,-0.17044549,0.10988267,0.76875424,-0.08468889,0.34299448,0.22954267,0.413567,-0.1114798,0.10727966,0.09936138,0.07673531,-0.4931029,6
0.03816716,-0.16361824,-0.060453188,-0.17123342,0.09889195,0.70160866,-0.06641624,0.38952684,0.10137089,0.4035655,-0.13935885,0.11761389,0.12550372,0.06473019,-0.43989885,7
0.14019978,-0.19190495,-0.10735006,-0.12335265,0.04097499,0.7555864,-0.08145757,0.30118528,0.100277334,0.38076043,-0.17941435,0.09607021,0.21347569,0.12355878,-0.46860936,8
0.15145409,-0.17064407,-0.12086065,-0.08181058,0.03657511,0.73326504,-0.09787976,0.24256706,0.11408,0.24791169,-0.18489046,-0.0026021479,0.24387106,0.24054553,-0.35158187,9
0.029859602,-0.17867342,-0.11300341,-0.15939419,0.14072144,0.8181021,-0.11993045,0.34046915,0.11048146,0.3413621,-0.11814491,0.077506386,0.20986938,0.094214775,-0.47344005,10
0.1444067,-0.14540239,-0.07681729,-0.1430065,0.107991025,0.7352222,-0.1346338,0.32033685,0.11274283,0.24007738,-0.013820425,0.048268266,0.11917188,0.11142624,-0.425963,11
0.13064513,-0.119902514,-0.0611835,-0.07508439,0.15855719,0.7023404,-0.09259632,0.12406922,0.070266485,0.25195396,-0.012542239,0.034466524,0.11847514,0.1775741,-0.4070392,12
0.04753201,-0.12913762,-0.010449897,-0.08682993,0.42860186,0.67016405,-0.036650576,0.06677449,0.15806101,0.25752568,-0.05299019,-0.033214167,-0.016954055,0.037461165,-0.29989383,13
0.23967886,-0.27505386,-0.14598554,-0.4301359,0.31814024,0.5488486,0.037370373,0.40447593,-0.04053486,0.42256755,-0.39842054,-0.13087977,0.3136544,0.2427139,-0.10643934,14
0.048626076,-0.07944196,-0.011296994,-0.46604413,0.5230493,0.4659818,0.20407002,0.1829677,-0.045286413,0.6239333,-0.5262735,0.047496207,0.05393301,0.18374105,-0.20545548,15
-0.060396705,-0.17045367,-0.030261697,-0.4484115,0.4673787,0.50474983,0.27052537,0.18037215,-0.07419765,0.48506182,-0.511742,0.051467687,0.3111283,0.24642062,-0.22164124,16
-0.09629444,-0.2103695,-0.03725972,-0.43148127,0.49497792,0.4690864,0.19246659,0.25283766,-0.08829478,0.42695853,-0.46587777,-0.0012614119,0.3958672,0.29255953,-0.19391495,17
-0.11031625,-0.08060592,-0.09141728,-0.17066193,0.6167483,0.34940657,0.28147143,-0.098181464,-0.19320044,0.40133992,-0.31915668,-0.06973021,0.24309304,0.2090695,0.032141414,18
-0.29236978,-0.1642267,0.1173116,-0.2535546,0.8061161,0.3720249,0.2644343,-0.07561529,0.047383312,0.2562695,-0.321209,0.100002706,0.16874017,0.1501558,-0.175463,19
-0.3030505,-0.13461071,-0.0373058,-0.1682086,0.7161976,0.35238603,0.20189676,-0.023403183,-0.102114595,0.2713642,-0.20574787,-0.014414509,0.320849,0.19770074,-0.071538575,20
-0.15708965,-0.20673569,-0.07994153,-0.26104483,0.47316977,0.6430968,0.25883606,0.4386831,-0.044230103,0.51495093,-0.4485906,0.07915974,0.07536409,-0.06944368,-0.21618444,21
-0.19178031,-0.1986345,-0.021271117,-0.21205437,0.57477814,0.72575974,0.22499985,0.27646154,-0.066411056,0.5000489,-0.36111128,0.06424769,-0.052747287,-0.034529157,-0.22775677,22
0.09562473,-0.12693885,-0.06304277,-0.18710074,0.4348427,0.93910563,0.2302048,0.37640285,-0.11229803,0.28679118,-0.7293394,0.1735917,-0.079218276,0.17618583,-0.41481137,23
0.075852334,-0.17666109,-0.11132978,-0.19595115,0.44522977,0.8774734,0.21369693,0.3395985,0.08765028,0.19731903,-0.53861755,0.22605728,-0.08795765,0.14672212,-0.4990824,24
0.02344361,-0.17983706,-0.18064295,-0.1838271,0.42086497,0.99094194,0.2096871,0.38349515,0.015272218,0.22713734,-0.48444176,0.16585541,-0.06781776,0.1380088,-0.4781399,25
-0.011749788,-0.18401392,-0.23668997,-0.15514001,0.37121454,0.9935543,0.17447472,0.40920788,0.060260314,0.17574868,-0.30551,0.12191415,-0.045416366,0.14122762,-0.5090821,26
-0.003195395,-0.17510289,-0.2385733,-0.124678195,0.35188052,0.9441361,0.13463992,0.37221128,-0.011855517,0.24013542,-0.35785726,0.17611885,0.0010579186,0.23083507,-0.53975254,27
0.010577991,-0.14262299,-0.23808108,-0.10845883,0.37401026,0.95181024,0.20231238,0.25141114,-0.037293874,0.27756602,-0.40270537,0.16512968,-0.026041443,0.2823757,-0.5599898,28
0.005406709,-0.1543551,-0.13111137,-0.0517366,0.27901283,0.9234607,0.23974925,0.34913474,-0.09316868,0.20586109,-0.34066167,0.046950854,-0.098122954,0.3417873,-0.5222071,29
-0.018562604,-0.14787297,-0.19961865,-0.07031623,0.29044512,0.93036485,0.16416423,0.4000305,-0.08426683,0.18051735,-0.26048946,0.023042366,-0.005447271,0.25760114,-0.4595915,30
0.062014367,-0.13315412,-0.19787894,-0.07582656,0.2668745,0.8791236,0.21601391,0.27650765,-0.10534297,0.22963339,-0.20536478,0.05795601,-0.080341384,0.2906518,-0.48086646,31
-0.0046588383,-0.10083571,-0.19795914,-0.08951039,0.28571483,0.7379346,0.2660995,0.30880243,-0.11302222,0.29886788,-0.17527498,0.010991217,-0.09504426,0.23003066,-0.36213556,32
0.06334201,0.010266831,-0.17253575,-0.17866063,0.37580678,0.9193451,0.33555892,0.10021338,0.058846623,0.05809052,-0.18073565,0.0003727273,-0.092737615,0.14555502,-0.44272822,33
0.093352236,-0.0247119,-0.1931983,-0.1842499,0.22181778,0.8946457,0.29030854,0.18328492,0.061165776,0.2700707,-0.18130134,0.013010777,-0.044070117,0.108376704,-0.5085016,34
-0.03126637,-0.003875768,-0.11160421,-0.12702882,0.42228913,0.7973705,0.24591444,0.084558316,0.034862466,0.067345746,-0.18636802,-0.02362679,-0.02318928,0.2011718,-0.34655315,35
0.11040411,-0.07515638,-0.21734375,-0.23577622,0.29771248,0.7851078,0.17790435,0.45894897,0.036725227,0.23519316,-0.07523782,-0.084317304,0.07985649,0.05470037,-0.5487215,36
0.11991188,-0.023247356,-0.1565621,-0.24518652,0.33248475,0.63434285,0.2970581,0.37857753,0.033110276,0.21587873,-0.18133464,-0.09299797,-0.009361536,0.07721491,-0.3798889,37
0.106945254,-0.014195904,-0.07233121,-0.1671786,0.3329911,0.521229,0.23236395,0.1555729,0.045690138,0.42114395,-0.1630315,-0.0060360427,-0.056348138,0.023645183,-0.3604601,38
0.22757249,-0.016135301,-0.12966292,-0.19376273,0.27015966,0.5794957,0.21758132,0.19678394,0.06401947,0.3497067,-0.17682636,-0.011755841,-0.015439201,0.021744223,-0.3834812,39
0.17219059,-0.010109827,-0.076570064,-0.091297016,0.27686217,0.61974186,0.15484457,0.14346537,0.04008223,0.28663,-0.26711094,-0.10615376,0.046722464,0.16929506,-0.35859266,40
0.12862691,0.032515988,-0.05136967,-0.13930105,0.2669822,0.5129331,0.1484648,0.22558388,-0.010000109,0.30001965,-0.19087209,-0.074403934,0.07280721,0.104079925,-0.32606682,41
0.32211256,0.013743691,0.014356693,-0.13435833,0.22245115,0.46655616,0.14454888,0.10461587,0.03873125,0.21315244,-0.1928821,-0.11422515,0.063408434,0.15232453,-0.31453606,42
0.2369838,0.030621763,-0.016964413,-0.09299362,0.255455,0.45967755,0.0977926,0.05343518,0.060774125,0.2601393,-0.13592048,-0.112120494,0.08377377,0.180011,-0.36066508,43
0.18728417,0.022160493,-0.047121644,-0.17350864,0.2678434,0.50856084,0.049382523,0.14420497,0.14407432,0.23812643,-0.23257369,-0.04272307,0.2124564,0.11385783,-0.39202437,44
0.17388211,0.033467688,-0.12924613,0.09359604,0.21642654,0.50818354,-0.12703785,0.09202613,0.13716295,0.22950454,-0.17907505,-0.14581922,0.1564692,0.38753694,-0.44707742,45
-0.049941685,0.043045457,-0.34376934,-0.17898522,0.36475632,0.77567697,0.03517235,0.14442852,0.036626205,0.05514537,-0.035311084,-0.2796835,0.2982751,0.5041019,-0.36953732,46
0.009863585,0.025352469,-0.3380113,-0.14797014,0.40672758,0.74682146,-0.08534633,0.2176105,-0.036950618,0.06633719,-0.06087355,-0.14088038,0.20528533,0.46408713,-0.3320529,47
0.12220967,-0.010061755,-0.3528306,-0.22147627,0.28408447,0.7652212,0.014452571,0.2726001,-0.030373568,0.11872907,-0.023460075,-0.23001544,0.121798255,0.38589704,-0.21677467,48
-0.054416604,0.0078315595,-0.41437092,-0.3710769,0.40527236,0.49330476,0.032892015,0.35358775,-0.09744234,0.29883465,-0.0060126726,-0.039475225,0.2542262,0.4563088,-0.31946343,49
-0.07079248,0.034415286,-0.38403532,-0.32306588,0.39208898,0.4297422,0.08449444,0.271755,-0.11815966,0.31777924,-0.058599945,-0.062709175,0.16991833,0.5724874,-0.25531846,50
-0.08674073,-0.07554024,-0.22405992,-0.3595425,0.43312448,0.48290125,-0.02233012,0.41359752,-0.025813947,0.19793335,-0.0938092,0.006117952,0.17192654,0.494337,-0.31210145,51
0.036885116,-0.034769263,-0.1949958,-0.40757406,0.4757667,0.6310399,0.008406473,0.4338319,-0.069601946,0.24635081,-0.1644866,-0.04112131,0.16338404,0.39810175,-0.48121768,52
0.0934327,-0.039827935,-0.14653704,-0.36863315,0.4003144,0.60444325,0.043712135,0.4055925,-0.09108196,0.17785342,-0.15874763,-0.0094630625,0.07431824,0.42550465,-0.4108805,53
-0.067192905,-0.054492794,0.07208226,-0.34426886,0.52710366,0.586275,0.058098063,0.27734795,-0.17234626,0.16072111,-0.070418455,-0.04869371,0.11541463,0.3620031,-0.40163276,54
-0.0030902107,0.036744673,0.09696886,-0.47272706,0.6779302,0.54817307,-0.049022075,0.18351443,-0.04240819,0.16926958,-0.10177066,-0.18919952,0.22078244,0.091345154,-0.16651064,55
-0.0069388226,0.025267962,0.37530127,-0.2530044,0.6816485,0.3135845,0.00729768,0.051624287,0.014593097,0.050493114,-0.07544538,-0.103174,-0.048495345,0.035797503,-0.06854993,56
-0.00423456,0.024002105,0.32639846,-0.33243996,0.63176304,0.36386544,-0.0076732067,0.10124395,-0.074521065,0.12419877,-0.13200581,-0.116078235,0.07953036,0.09596177,-0.0800111,57
0.10316744,0.05449348,0.36310047,-0.24272953,0.66041243,0.36724335,0.0613144,-0.011712228,0.058081005,0.14986038,-0.29389003,-0.116186135,-0.06736764,-0.06348929,-0.02229811,58
0.03181434,0.06873216,0.3752126,-0.120929174,0.70918345,0.4028181,-0.010975945,-0.11498749,-0.02382695,0.15065162,-0.28823343,-0.1288818,0.0011152516,-0.03619196,-0.015500775,59
0.029827261,0.03241006,0.31346247,-0.23478566,0.56828225,0.5207887,-0.072231665,0.17140639,-0.105893575,0.22883764,-0.28618366,-0.23094027,0.13093723,0.015021643,-0.08093885,60
0.016123466,0.034166265,0.28319103,-0.17261826,0.6371038,0.4050642,-0.05991121,0.078972846,-0.061468408,0.26035243,-0.1977099,-0.17931302,0.019515015,0.021590177,-0.08505841,61
-0.026778484,0.018229024,0.29225627,-0.106787086,0.6568045,0.42767,-0.08101193,0.053472724,-0.112420276,0.37076256,-0.17742072,-0.15574376,-0.027160153,-0.06016336,-0.07170927,62
-0.0045727286,0.019237582,0.24856044,-0.16975302,0.6173859,0.3957647,-0.073274344,0.17515014,-0.060420133,0.26008487,-0.12271247,-0.15249552,-0.027322855,-0.02671832,-0.07891424,63
-0.040566258,0.031873625,0.19789003,-0.090020694,0.5685095,0.33593372,-0.118192464,0.19291393,-0.025808709,0.23935366,-0.07051463,-0.10418994,-0.032173906,0.019685116,-0.10469303,64
0.042704225,0.024569884,0.08874566,-0.16508323,0.6154648,0.3826046,-0.106637694,0.08260209,-0.24671955,0.18816714,-0.18664081,-0.052091096,0.103378184,0.20992504,0.019010738,65
-0.050327927,0.033690277,0.095920175,-0.18290551,0.705932,0.36060628,-0.045378238,0.11387281,-0.15094417,0.27693775,-0.031578355,-0.10297985,-0.25965965,0.2325248,0.004289598,66
-0.026840203,0.02828156,0.10331895,-0.276715,0.75757116,0.4020913,-0.09162476,0.07082507,-0.08899267,0.19100268,0.009794882,-0.11668415,-0.14420617,0.2625417,-0.080364324,67
-0.023290923,0.092329375,0.046212476,-0.24034299,0.68848693,0.40104368,-0.052919596,0.046603948,-0.082380734,0.18245779,-0.022012608,-0.114446774,-0.11296542,0.2324713,-0.041246444,68
-0.03690468,0.039481267,0.038651153,-0.2916608,0.63929796,0.46648014,-0.026138334,0.10139022,-0.120501935,0.19310819,0.062123317,-0.1140292,-0.09559673,0.20352338,-0.059223954,69
-0.03550906,0.03877466,0.020412875,-0.2574869,0.5968128,0.4227091,-0.039355922,0.08866604,-0.0963828,0.22890711,0.064452186,-0.10144212,-0.07560504,0.20579769,-0.060750563,70
-0.04548796,0.031428415,-0.017357307,-0.2792631,0.62041986,0.394132,-0.03595266,0.098867856,-0.085538745,0.203038,0.05937974,0.0027681903,-0.0392373,0.18592258,-0.093119554,71
-0.039443582,0.01646832,-0.029653791,-0.30363694,0.60264975,0.39497623,-0.037987877,0.12449641,-0.09044933,0.19329698,0.059329968,-0.017346596,0.004626351,0.16469686,-0.04202278,72
-0.04452806,0.03837507,-0.042430732,-0.29241422,0.56778854,0.3897015,-0.039733317,0.12257139,-0.040675815,0.20130776,0.06366277,-0.036193512,0.0076368977,0.16425076,-0.059319012,73
0.037918627,0.03161727,0.08258299,-0.26224998,0.497461,0.35942975,-0.013771575,0.13007186,-0.16603625,0.15953085,-0.031194506,-0.058321033,0.120668285,0.14150849,-0.029215805,74
0.062313642,0.027032368,-0.020716457,-0.25163427,0.5415746,0.39177898,0.0467892,0.080267176,-0.3066654,0.1793538,-0.0015728797,0.012128041,0.063434295,0.3283393,-0.15242238,75
0.15716086,0.011443319,-0.023756268,-0.22180296,0.48956075,0.3783893,-0.008980584,0.14941911,-0.20025896,0.12909901,-0.015048559,0.011379699,0.024770822,0.21893944,-0.10031498,76
0.14549382,0.036559794,-0.037588824,-0.1823035,0.5169343,0.48683888,-0.078299515,0.14998005,-0.22454767,0.08659153,-0.027757293,-0.020120334,0.049741637,0.13928874,-0.040811583,77
0.1226556,-0.0019250878,-0.057027478,-0.1940319,0.49608234,0.3128121,-0.055671804,0.19285668,-0.24864326,0.1713849,-0.095812045,0.06263029,0.09843212,0.23983324,-0.0435757,78
0.119223304,-0.07884319,-0.16424042,-0.24187589,0.561412,0.23923373,0.11995254,0.0089713875,-0.0868019,0.23002666,-0.09820856,0.28475812,0.13798176,0.06466457,-0.09625411,79
0.14304084,-0.019574013,-0.12766042,-0.304622,0.5588544,0.28832215,0.1676235,-0.1108574,-0.19296154,0.23110099,-0.0755491,0.16500941,0.1264532,0.14649151,0.0043284902,80
0.1623359,-0.0595375,-0.24369155,-0.3265312,0.4813428,0.39629352,0.0756627,0.03372681,0.07105999,0.3584054,-0.105399124,0.04383427,0.06587962,0.019509403,0.027108956,81
0.1833366,-0.010448539,-0.14236692,-0.38986173,0.44209513,0.39282322,0.10501348,-0.08713636,-0.16619612,0.4154264,-0.08427689,-0.020240758,0.21765591,0.08336853,0.06080805,82
0.2642547,-0.03095749,-0.13659652,-0.288396,0.37319162,0.27610824,0.1025411,-0.11147145,-0.1028863,0.19122447,0.015678806,-0.004431743,0.13097526,0.16658224,0.15418309,83
0.1601718,-0.031788953,-0.13159277,-0.27514714,0.3517543,0.32857397,0.118582845,-0.07930152,-0.09190857,0.22973074,-0.08032431,-0.028110027,0.10310527,0.2729431,0.15331125,84
0.18042517,-0.082646795,-0.097765,-0.40800965,0.4528631,0.48832506,0.21494831,-0.1421431,0.010440421,0.17880931,0.015175439,0.0039938395,0.028173132,0.1718117,-0.014400902,85
0.13311669,0.03353894,-0.19972384,-0.25244504,0.41162574,0.39079496,0.10921009,-0.10892383,-0.06160688,0.31388697,0.15779991,-0.025792334,-0.020871768,0.14173985,-0.022349462,86
-0.046092898,0.0016672664,-0.019580761,-0.30526227,0.4571115,0.52530247,0.16014922,0.012654917,-0.25521624,0.3988073,0.009438122,-0.02047612,0.054773502,0.11745012,-0.09072612,87
0.013599711,-0.07631508,-0.045025505,-0.31658766,0.43258765,0.27457458,0.0360369,0.12382564,-0.20907272,0.27816534,0.07173662,0.10771752,0.14234242,0.19204098,-0.025626408,88
0.001055785,-0.07590868,-0.04929318,-0.31114116,0.463399,0.3418718,-0.0017051673,0.025281401,-0.010016682,0.27959946,0.019258222,0.17221244,0.11764226,0.15738796,-0.12964344,89
0.08521346,0.023831837,0.06799734,-0.19303696,0.5166167,0.29236424,0.11323061,-0.26764452,0.031751722,0.30700237,-0.06252467,0.08811878,-0.052180357,0.16096744,-0.11170796,90
0.050440103,0.017068142,-0.037096478,-0.20179535,0.37064904,0.355767,0.03975117,-0.14878324,0.011454898,0.30311242,-0.10650243,0.076627836,0.23886155,0.17794938,-0.14750403,91
0.06785109,0.023113843,0.21875669,-0.19413555,0.3948693,0.42948377,0.119410574,-0.28427544,0.11739285,0.03364739,-0.30786657,0.020497808,0.27581194,0.19642459,-0.11098225,92
0.05930079,-0.29118502,-0.3064413,-0.36985424,0.8933155,0.54305166,0.31148973,-0.1332929,-0.058046907,0.24892746,-0.049778763,-0.14308436,0.27261215,0.090521805,-0.06753554,93
-0.051639594,-0.091754384,0.06299552,-0.21015139,0.96952194,0.45223105,0.36693075,-0.54723567,-0.19089232,0.368366,-0.16073346,-0.30152932,0.05269633,0.17032929,0.11086523,94
-0.060106244,-0.16881847,-0.05158712,-0.23213384,0.90071416,0.4819054,0.28204012,-0.32583424,-0.1851356,0.33673728,0.030125355,-0.2853847,0.15041123,0.096783146,0.030283494,95
0.0065148016,-0.23758848,-0.17674598,-0.25950962,0.8743249,0.56110334,0.19628085,-0.2851655,-0.11020336,0.27101672,0.3662668,-0.1346887,0.06533704,0.04454994,-0.18149276,96
-0.047260586,-0.151527,-0.05065739,-0.112875275,0.7356068,0.34292397,0.15692711,-0.35681587,-0.13009371,0.22947791,0.19672556,-0.07292057,0.05143995,0.039547786,0.1695013,97
-0.030639153,-0.06828696,0.15636756,-0.033367537,0.7801434,0.35045895,0.20050049,-0.5652214,-0.21190922,0.2276225,0.18905021,-0.29767695,-0.018029818,0.06518782,0.2558001,98
-0.11821528,-0.085972264,0.14701761,0.0075751045,0.61349064,0.50067383,0.14732754,-0.4601635,-0.30063117,0.2751651,0.23320217,-0.23456071,0.06738689,0.04717378,0.16053021,99
0.017256835,-0.014118574,0.053673204,0.047379445,0.76230556,0.5645617,0.26315373,-0.7106885,-0.12818187,-0.041533493,-0.029464854,-0.7229211,0.33314055,0.4342839,0.17115346,100
0.10957424,0.04267438,0.13759652,-0.124391586,0.7121289,0.49441552,0.024703054,-0.24971591,-0.47985384,-0.113817126,-0.1628828,-0.41911572,0.23539022,0.627168,0.16612615,101
0.057348005,-0.06849632,0.041508004,-0.20774569,0.59290785,0.674318,0.027995445,-0.18967238,-0.46796024,-0.026970562,0.24341042,-0.57424486,0.28175047,0.60424185,0.011609968,102
0.041805092,-0.08105391,-0.01857814,-0.20998462,0.6018534,0.6869739,0.010953455,-0.13359916,-0.37535408,-0.046141952,0.20836404,-0.5292823,0.28098622,0.5398085,0.023249473,103
0.10720814,-0.091821164,-0.05105876,-0.25830683,0.56020147,0.70453596,0.008536712,-0.08987485,-0.30587995,-0.032377433,0.2465023,-0.5142913,0.23600353,0.47281054,0.007811599,104
0.10483416,-0.09480037,-0.062042173,-0.23136403,0.487276,0.7157846,-0.0026270573,-0.045023795,-0.28179199,-0.050685223,0.24455868,-0.4749847,0.2515733,0.4439996,-0.004706963,105
0.071785204,-0.08992628,-0.06660914,-0.21602887,0.46095872,0.6697057,-0.015327133,-0.032871947,-0.28669086,-0.023206547,0.25266397,-0.45207128,0.28595528,0.45589885,-0.014235641,106
0.19909729,-0.13609804,-0.12942894,-0.22378759,0.34565732,0.68201673,-0.011455432,-0.005786153,-0.13344444,0.00832823,0.39461175,-0.4515496,0.20571385,0.52951807,-0.273393,107
0.36359316,-0.16378187,0.078206316,-0.4077408,0.32310814,0.8349608,0.13574538,-0.14342164,-0.21776141,0.18065688,-0.10245136,-0.42628372,0.2585086,0.41856268,-0.13190116,108
0.29745406,-0.1786867,0.10857117,-0.3893508,0.27730468,0.71310693,0.13525596,0.011928955,-0.06301505,0.22941443,-0.19886951,-0.2928965,0.12368811,0.44320822,-0.21711391,109
0.267349,-0.10974403,0.10166346,-0.30442664,0.18739942,0.6257508,0.043138713,-0.021504361,-0.085515425,0.3344411,-0.1066759,-0.33427617,0.27891237,0.36000192,-0.23651424,110
0.20151813,-0.10538474,0.05989656,-0.27450892,0.1603415,0.6769662,0.02150958,0.05143223,-0.15846744,0.2178721,-0.08183941,-0.32684222,0.21704632,0.39344308,-0.05298296,111
0.357847,-0.015492596,-0.27397397,-0.3450299,0.44006202,0.2793739,0.09835362,0.023512421,-0.06447507,0.41322437,-0.45332366,-0.09412755,0.11326853,0.2392505,0.28153035,112
-0.002394619,0.034344755,0.16196325,0.27679724,0.6203567,0.16043396,-0.09442862,0.642623,-0.36327675,0.48995057,-0.8579822,-0.08139909,-0.39095485,0.08890753,0.31505913,113
-0.19844188,-0.052378424,0.3143887,-0.2670487,0.7085404,0.42657986,0.091708094,1.0975316,-0.28859213,0.596172,-0.6641464,-0.6057073,-0.38731307,-0.14863294,0.37734032,114
-0.35945287,-0.06204467,0.35584065,-0.0060149785,0.63195485,-0.2185869,0.001976742,0.9132446,-0.28917852,0.43244758,-0.72894686,-0.12730934,-0.1893508,0.1268933,0.5185272,115
-0.6014079,0.018855296,0.34233522,0.16569592,0.6111473,0.06717211,0.62396485,0.22148809,-0.1186638,0.5570271,-0.6285729,0.15310961,-0.51899946,-0.12926753,0.23611602,116
-0.6364891,-0.021719404,0.7341829,0.21970999,0.652886,-0.46547687,0.21561788,0.47686967,-0.34640792,-0.08859625,-0.52738017,0.33095366,-0.39463994,0.029489374,0.82100016,117
-0.7117981,0.0020416032,0.79544926,0.13401431,0.67521054,-0.39685678,0.17827952,0.5861677,-0.35207954,-0.09699876,-0.5417533,0.23842525,-0.3353141,0.045144737,0.7800677,118
-0.61101997,0.049614288,0.8949503,-0.02171174,0.570245,-0.34864023,0.37273014,0.2751099,-0.25053966,-0.41874197,-0.1789273,0.25218993,-0.19680195,-0.27505165,0.8865949,119
-0.5575852,0.05114274,0.74086916,-0.038285855,0.48922038,-0.25381342,0.4611555,0.11981039,-0.20113428,-0.33130103,-0.24123031,0.16851568,0.06014726,-0.1759632,0.70845217,120
-0.6994045,0.14456472,0.95349675,-0.50117946,0.8345637,0.24851169,0.5088016,0.4250037,-0.21956056,-0.14666153,-0.70455974,-0.7530922,0.1202478,0.07663332,0.7126347,121
-0.407784,0.13402858,0.70766485,-0.16140312,0.67558354,0.060849138,0.8608959,-0.37818864,-0.1002696,-0.08898904,-0.320534,-0.30530757,-0.1258082,-0.028948572,0.47821075,122
-0.36185837,0.14334373,0.74730474,-0.10611521,0.6687185,0.06702088,0.9690518,-0.5334635,-0.05462315,-0.065165564,-0.29862452,-0.25567067,-0.2766899,-0.07208427,0.42885545,123
-0.46349925,0.12992227,0.98361003,-0.3782002,0.8341469,0.16079074,1.098859,-0.38435572,-0.0967752,0.045842297,-0.15673652,-0.19427864,-0.56193584,-0.06262109,0.045231227,124
-0.36559927,0.041538503,0.52036226,-0.12965077,1.0122472,0.03320873,0.9968771,-0.14237264,-0.2639796,0.13875291,0.09048259,0.018393392,-0.8675147,0.43547803,-0.5182237,125
-0.28372556,0.024252227,0.47542906,-1.1342251,0.723076,0.08282826,1.622013,0.4487813,-0.23379642,0.42271528,0.043365598,-0.06336873,-1.0443226,0.22423731,-0.30725956,126
-0.31406254,0.07856729,-0.0892517,-0.28434464,-0.16583799,-0.06489693,1.9899728,-0.79724646,-0.09554725,0.07889997,-0.071181,0.03014797,0.63900864,0.4628777,-0.3971058,127
-0.37172553,0.10519333,-0.10845523,-0.35296467,-0.15952775,-0.119085446,2.086235,-0.9465172,-0.120155066,0.11440757,-0.0766916,0.042870916,0.8006487,0.66777456,-0.5620077,128
-0.410446,0.07525785,-0.099724986,-0.66805905,0.12668382,0.09648927,1.6918826,-0.14463398,-0.082664445,0.09080212,-0.025186267,-0.049493965,0.499681,0.30907694,-0.40966496,129
-0.37245017,0.09535689,-0.1274878,-0.5175727,0.10053378,0.12084744,1.6461788,-0.29380375,-0.09666455,0.117911294,0.03242828,-0.048254643,0.49194267,0.38974956,-0.5387152,130
-0.22538084,0.06595693,-0.45464265,-0.35983592,0.15792218,0.066685416,1.1910752,-0.30598196,-0.093603045,0.15445004,0.2854713,-0.03387229,0.70435506,0.4384225,-0.59102196,131
-0.25489464,0.09005992,-0.20162518,-0.31093794,0.29316127,0.07706857,1.3407454,-0.6908616,0.1551084,-0.049842626,-0.14178461,-0.0055076675,0.74859905,0.6266307,-0.6759191,132
-0.30303088,0.08587611,-0.105125494,-0.44213217,0.43310603,0.2149221,1.1808022,-0.033956327,-0.105840206,0.1917239,-0.27708614,-0.031389732,0.2725884,0.3340247,-0.41448256,133
-0.2281117,0.017114332,0.18183878,-0.40745142,0.4126398,0.55149335,1.4587513,-0.27743766,0.046207223,0.13268553,0.06922092,-0.011839162,-0.45551625,-1.0141957,0.5246007,134
-0.33482164,0.028594907,0.040957976,-0.46743742,0.33467215,0.45628846,1.5167954,-0.22534908,0.00060001644,0.2997367,0.012986673,-0.011624923,-0.2101226,-0.8451139,0.40383723,135
-0.18231604,0.007641522,0.6306465,-0.6461069,0.60187554,0.6277995,1.5377442,0.01906522,0.211402,0.111290015,0.24806814,-0.042955182,-1.3283418,-1.289471,0.4936584,136
-0.10576973,-0.027696531,0.040732384,-0.61682975,0.37264118,0.45294508,1.7073127,-0.41095552,0.24600507,0.28434378,0.59505975,-0.053245794,-0.66399634,-1.5987474,0.77820116,137
-0.09476493,-0.10094304,-0.07183986,-0.5323627,0.29922295,0.393218,1.2301072,-0.048310347,0.1365912,0.048155595,1.1953623,-0.17144887,-0.60870427,-1.5590898,0.88480645,138
-0.29645604,-0.0037411626,-0.6000873,-0.7836151,-0.005117199,0.5964394,1.2819057,0.40710473,0.4076235,-0.12094443,-0.59287935,-0.22347984,1.2950809,0.1808697,-0.5427035,139
-0.22956967,-0.11267264,-0.23279002,-0.7904599,0.18471162,0.386906,0.8957983,0.9858359,0.3116338,0.05448284,-0.058119547,-0.19721438,0.26779154,0.37034997,-0.83668387,140
-0.175946,-0.21723993,-0.26340955,-0.68246984,0.16228908,0.19771373,0.29878283,1.5913117,0.25892118,0.021209937,0.31932595,-0.18422544,0.08290836,0.6095964,-1.0187683,141
-0.25625238,-0.10696969,-0.74213153,-0.5192338,-0.025352905,0.15958808,0.077834964,1.6178881,0.14041696,0.14769597,-0.3974179,-0.15330203,1.215368,0.32204047,-0.48017234,142
-0.17398027,-0.101379104,-1.3286316,-0.5478978,-0.005638424,0.26735458,0.5186569,1.0080054,0.3247144,0.21471329,0.315539,-0.14471392,1.3235073,-1.4029181,0.7326684,143
-0.2572785,-0.05340641,-1.574003,-0.47922292,-0.047034744,-0.010053378,0.32655445,0.88435036,0.08373334,0.49343225,0.58386976,-0.10533664,1.6155341,-0.78360945,0.32247078,144
-0.2356587,-0.13087742,-1.6503032,-0.39426154,-0.10468224,0.10022541,-0.0513475,1.4065675,0.15713839,0.2748254,0.27395442,-0.09557488,1.8534868,-0.8437105,0.44021824,145
-0.1996299,-0.17314723,-1.4744647,-0.36194846,-0.10230064,0.13253355,-0.17300235,1.5658202,0.15880993,0.26442304,0.1885034,-0.091458894,1.6821674,-0.6908514,0.27454594,146
-0.24073656,-0.109975554,-1.1977056,-0.42107624,-0.040780485,-0.0015808915,0.06805972,0.89004475,-0.072815254,0.398689,1.4842312,0.0034411307,1.0591078,-0.73426616,-0.08463683,147
-0.2805055,-0.11723981,-1.4607548,-0.40933767,-0.1907238,0.118627936,-0.070206545,1.2748177,-0.14409238,0.18508247,0.763547,0.008757242,1.8725711,-0.6221419,0.07159896,148
-0.29160687,-0.13846013,-1.2211083,-0.31133273,-0.25001872,-0.02411834,-0.24284646,1.5330652,-0.21281838,0.38320982,0.70061344,-0.024638876,1.5593083,-0.38508445,-0.07416342,149
-0.26861697,0.034317635,-0.8989124,-0.44170266,-0.23660187,0.07743908,-0.12906939,1.7497815,-0.17206624,0.13094956,0.0844741,-0.15646194,1.4275302,-0.14685193,-0.05420869,150
-0.18679284,-0.095018364,-0.8869921,-0.4167107,-0.18656224,0.13150524,-0.3159556,2.240405,-0.0021697416,0.003006845,0.26264948,-0.09901287,0.88372445,0.07738805,-0.40946478,151
-0.28902003,-0.15505333,-0.879067,-0.4041009,-0.1107115,0.68175226,-0.1490454,2.3784583,-0.71581405,0.16210105,-0.38923016,-0.14918412,1.0805347,-0.4895811,0.42796126,152
-0.2793969,-0.1713334,-0.79408044,-0.47843122,-0.000116778276,0.531685,-0.27146,2.6073444,-0.70379114,0.39162576,0.07902389,-0.13910934,0.46187353,-0.40412247,0.1702891,153
-0.28398943,-0.24224491,-0.82298094,-0.45485795,0.037465114,0.42405915,-0.3313459,2.5056682,-0.56802464,0.3880144,0.5676548,-0.11871268,0.3067309,-0.36371252,-0.043723706,154
-0.2434933,-0.22778147,-0.7700985,-0.36110896,-0.013570778,0.26424304,-0.3410666,2.2087152,-0.40824094,0.3257579,0.8999607,-0.10515063,0.22028907,-0.26869568,-0.17975895,155
-0.3096807,-0.18063375,-0.60948145,-0.47625884,0.06957281,0.8050095,-0.21288434,2.1076624,-0.40469927,0.26948673,0.26756272,-0.13217776,0.46516484,-0.78709376,0.12845086,156
-0.25239,-0.1827155,-0.4928897,-0.3991627,0.07299029,0.70984495,-0.23846427,1.9599863,-0.40930116,0.51775193,0.26035666,-0.13693216,0.26211682,-0.724298,0.053106505,157
-0.14548005,-0.17741454,-0.38870826,-0.34235504,0.042999502,0.58077717,-0.35325474,2.1565123,-0.19853348,0.059093263,-0.14180155,-0.101266555,0.29695165,-0.69483715,0.4073175,158
-0.09328445,-0.14365932,-0.31180987,-0.4542259,0.14835902,0.7337852,-0.14955449,1.7453986,-0.1988967,0.17117782,-0.29624763,-0.05318802,0.24115165,-0.79029995,0.45129395,159
-0.52261925,-0.12838554,0.2943846,-0.603946,0.4908526,0.067088746,-0.07860012,1.1422466,-0.062913,0.41739213,-0.25667235,0.09696721,0.4004497,-0.34419546,0.08795007,160
-0.507574,-0.102673866,-0.21335691,-0.60395795,0.56188697,-0.042507216,0.07266132,0.83266497,0.087061256,0.566597,0.1082168,0.28830466,0.53660965,-0.40378094,-0.18015169,161
-0.5940578,-0.1305248,-0.41614363,-0.39526844,0.5092771,0.122273035,-0.25776142,1.0181735,0.1630997,0.510999,0.90005636,0.15278149,0.27957508,-0.633379,-0.22910012,162
-0.6517876,-0.15739332,-0.44674918,-0.27838656,0.53767836,0.10020595,-0.20779446,0.8733285,0.34867498,0.3209972,0.847025,0.12195041,0.45030874,-0.4529043,-0.40515372,163
-0.6029062,-0.12230778,-0.47687066,-0.32274148,0.55985093,0.05075732,-0.19125041,0.91754955,0.30092394,0.2486305,0.6978121,0.08488945,0.5311869,-0.31196767,-0.3635564,164
-0.5171737,-0.101551555,-0.4382954,-0.23433433,0.4707308,-0.06463619,-0.17955495,0.7841747,0.21640533,0.39228576,0.8786722,0.10479071,0.42649284,-0.5516421,-0.18636402,165
-0.52564096,-0.076025896,-0.39445284,-0.007660384,0.3050797,-0.0052184295,-0.2870452,0.5524227,0.21156316,0.52604216,1.0320995,0.1173834,0.33174485,-0.49335518,-0.2869365,166
-0.54173654,-0.07568025,-0.45199788,-0.036279723,0.24450883,0.04080947,-0.27053353,0.5637439,0.39344797,0.45818993,0.9652907,0.05139852,0.4307256,-0.5599855,-0.21190147,167
-0.6027354,-0.122390635,-0.44714388,0.12873699,0.13668196,0.19338208,-0.33322728,0.8405966,0.17311932,0.5919777,0.5034313,0.048365388,0.4836801,-0.52242506,-0.072049335,168
-0.54443115,-0.13565405,-0.26329154,0.03170153,0.40645415,0.10577312,-0.25956008,0.75424564,0.18065661,0.45889974,0.5984667,0.036298186,0.22252464,-0.4174621,-0.17462145,169
-0.43662557,-0.11465679,-0.19753371,0.057917792,0.29943588,-0.061155148,-0.3171157,0.7259248,0.06900236,0.6960785,0.5946607,0.06741841,0.05953453,-0.52356386,0.080677874,170
-0.37678626,-0.08217829,-0.1234981,0.027820501,0.19778787,0.012407316,-0.2373854,0.6447359,0.15460588,0.66081655,0.34759197,0.08882986,0.08676391,-0.40080494,-0.0007066975,171
-0.29134452,-0.06292814,0.0108240815,0.27105445,0.29320365,-0.020731265,-0.21749192,0.36836174,0.08296009,0.6320276,0.33224034,0.09776051,-0.1363956,-0.32209295,-0.037448112,172
-0.25585017,-0.08641622,-0.12163662,0.21143153,0.12798093,-0.054487906,-0.2177902,0.45593634,-0.1590029,0.84114826,0.45246062,0.09461304,0.052723363,-0.06127241,-0.2798376,173
-0.3014297,-0.00799213,-0.23314384,0.2797724,0.09915183,-0.14325748,-0.35363257,0.56221133,-0.24762657,0.85045004,0.47775707,-0.0119414795,0.1658812,0.016070807,-0.15227096,174
-0.36051667,0.019274203,-0.06843585,0.5207602,0.22377695,0.041127596,-0.44160673,0.14620169,-0.13101177,1.04923,0.37522063,-0.04495032,-0.022619573,-0.122473076,-0.1839772,175
-0.37715322,0.044587154,0.049098663,0.49068514,0.44896606,0.11741491,-0.12497073,-0.07081101,-0.05948629,0.8108797,-0.08605243,0.043137122,-0.07496968,-0.038692664,-0.1726327,176
-0.27160585,0.04531484,0.09051065,0.4270699,0.30642834,0.13839267,-0.13504715,-0.029175537,-0.030018153,0.9101578,-0.072516225,0.012669929,-0.1524919,-0.09262312,-0.14706619,177
-0.24054384,0.05730824,-0.06302757,0.55938566,0.108658314,-0.09192217,-0.2505818,0.12041668,-0.01612052,0.85427403,0.078498386,0.2172112,-0.15671644,-0.3591361,0.1822959,178
-0.333057,0.0057293265,-0.35547888,0.55384254,0.45852184,-0.10079561,-0.5996533,0.45189747,-0.17120682,0.6749051,0.1342838,0.4054456,0.09427213,-0.20705114,-0.011655091,179
-0.29026884,0.023628544,-0.36899352,0.6561744,0.24560401,0.07888447,-0.4025916,0.1274638,0.026624415,0.62470996,0.15496884,0.19622485,0.17418733,-0.30579862,0.05918186,180
-0.2912275,-0.044074643,-0.42741495,0.59253484,0.26837337,0.07742746,-0.20721976,-0.11068216,0.09073574,0.60428256,0.16731645,0.13883139,0.2314943,-0.090248205,-0.00012883259,181
-0.16727006,0.04151272,-0.35835698,0.37232167,0.39651772,0.00040607556,-0.020780079,-0.16024393,0.05076177,0.5620454,-0.15457521,0.29807886,0.11280335,-0.13187058,0.15864927,182
-0.08096357,-0.058405027,-0.24623187,0.30692858,0.4041009,0.44036287,0.024770284,-0.14547276,-0.30246195,0.756632,-0.10148486,0.41803718,-0.19535787,-0.33309206,0.1126382,183
-0.054889977,-0.014080912,-0.19360332,0.026636727,0.3638768,0.41449875,-0.15536077,0.49002963,-0.25184384,0.6641643,-0.34627783,-0.30288395,-0.052028943,0.1307238,0.28103954,184
-0.09490334,-0.0012402403,0.14209159,0.06994961,0.32511213,-0.239672,-0.0001283376,0.295592,0.038690377,0.7534782,-0.14812323,-0.34682602,-0.29965535,-0.014619257,0.52025384,185
-0.06406853,-0.008897057,-0.16056505,0.07306711,0.06872365,-0.268872,-0.19812542,0.51808786,-0.029914329,0.8585227,-0.049431913,-0.295934,0.08780893,0.07379556,0.39580244,186
-0.08724756,0.015164839,-0.23090734,0.07396635,0.008044937,-0.45225665,-0.21651573,0.57084775,-0.23897661,0.9161975,-0.078583896,-0.2489298,0.32142797,0.07584689,0.5719214,187
-0.34218535,-0.09483758,0.16652414,0.35882372,0.2529493,-0.13668889,-0.27418515,0.63544816,-0.54621106,0.7944197,-0.07109342,-0.07936682,0.18512419,-0.40086874,0.5521478,188
-0.5267236,-0.047828726,0.35815284,0.10185784,0.5896637,-0.3727371,-0.3682042,1.2395887,-0.4000324,0.58042085,0.15412943,-0.08344715,-0.33114633,-0.45270333,0.55900943,189
-0.41024294,-0.16325454,0.7315742,-0.6070986,0.95906186,0.0276737,0.13934226,1.1006174,-0.17595552,0.15453227,-0.045039248,-0.22089592,-0.63113683,-0.4833138,0.62413573,190
-0.33888045,-0.18306848,0.2726636,-0.789901,0.82799053,0.5041149,0.34415156,1.341883,0.005517501,0.24248216,0.36598527,-0.16077201,-0.92037004,-0.056052096,-0.45574436,191
-0.3224571,-0.3030643,0.43637678,-0.6264384,0.7353159,0.4669491,-0.14941196,1.6799178,0.067824185,0.24219875,0.57872236,-0.24929883,-1.0234774,-0.1698647,-0.36329216,192
-0.21197374,-0.3222777,0.41263664,-0.52250195,0.5509202,0.5339695,-0.3417281,1.6946908,0.040682793,0.2906671,0.5654731,-0.30343065,-0.90203255,0.06138451,-0.5464799,193
-0.33453962,-0.31652728,0.048535313,-0.48460993,0.42058176,0.52065027,-0.31723917,1.5819283,0.17789802,0.08480641,0.64623886,-0.3115559,-0.21225303,0.04421375,-0.54812783,194
-0.26943216,-0.33150086,0.07457578,-0.52490985,0.46297097,0.42241797,-0.4888391,1.7927262,0.36327434,-0.18558168,0.487068,-0.3055291,-0.13953578,0.033250146,-0.39095488,195
-0.12225719,-0.34392166,-0.32626244,-0.38128725,0.2622833,0.82652867,-0.354342,1.4906905,0.31507748,-0.04799613,0.3918432,-0.35317287,-0.06341754,0.3434945,-0.63726056,196
-0.10354075,-0.50301814,-0.58941996,-0.2705807,0.13155362,0.5594981,-0.7306507,2.088939,0.17566106,0.16695786,0.68139577,-0.4914389,0.037306104,0.07746868,-0.23013088,197
-0.09431716,-0.44205296,-0.44205743,-0.3723991,0.27018684,0.4234249,-0.54946214,2.028998,0.2298792,0.045478147,0.6016365,-0.3771072,-0.19324236,0.044747688,-0.17371288,198
-0.11697486,-0.48772225,-0.515688,-0.41477194,0.25164804,0.40671042,-0.5143936,2.1657271,0.2215083,-0.013615074,0.33535445,-0.392084,0.009069547,0.2683004,-0.20306866,199
-0.17862846,-0.3457243,-0.19201079,-0.35932547,0.28454188,0.40920994,-0.48170963,2.1520765,0.14643338,-0.13615093,-0.16799141,-0.53722274,-0.112728216,0.3843478,0.13488247,200
-0.3058931,-0.3149712,-0.40755448,-0.2566947,0.050355393,0.31167448,-0.6380941,2.1977816,0.11493246,-0.020547938,0.08027101,-0.48949912,0.4242934,0.32256946,-0.068623,201
-0.28748816,-0.3329505,-0.3625413,-0.20219466,0.06988495,0.27314714,-0.5502868,1.9684472,0.11086107,-0.06948714,0.1945225,-0.40158245,0.3886893,0.26125705,-0.060278278,202
-0.35966522,-0.20347749,-0.7948244,-0.2127704,0.2377006,0.3036292,-0.6121483,1.5686423,0.41096798,-0.10086099,0.02164084,-0.66284937,0.8646014,0.5850686,-0.04565462,203
-0.2837931,-0.27279767,-0.94476134,-0.10592382,0.012382082,1.2807388,-0.3982489,0.81014955,0.03509129,0.4847516,-0.720645,-0.85066116,1.6242783,0.36823165,-0.038792234,204
-0.3577253,-0.29595298,-0.8568674,-0.29541454,0.2130189,1.3381351,-0.6159278,1.2829486,0.14054973,0.5696154,-0.83363205,-0.89628845,1.3726724,0.07711995,0.15774845,205
-0.14133914,-0.32079962,-0.81551456,-0.31694844,0.22057937,1.2996479,-0.66220945,1.2666366,0.29922518,0.2844912,-0.68834496,-0.9533991,1.2219911,0.1620195,0.14396437,206
-0.3063514,-0.35641608,-0.80506617,-0.23657082,0.17295454,1.1287519,-0.7872482,1.3379561,0.32475886,0.42696214,-0.63241726,-0.935893,1.3830498,0.21913458,0.06639492,207
-0.37365162,-0.36590317,-0.58059984,-0.08188993,0.16086406,0.32632542,-0.88021505,1.1265788,0.50312066,0.36455375,-0.3376828,-0.78991145,1.3285675,0.48307136,0.11677229,208
-0.20895176,-0.24220192,-0.3823373,-0.16727336,0.21364051,-0.019255951,-0.57859325,0.68516433,0.61067086,-0.11342806,-0.38808474,-0.38500777,1.3617066,0.48154396,0.13240789,209
-0.09161703,-0.32705873,-0.7068857,-0.2485405,0.12448651,0.051748816,-0.72478336,1.1988266,0.33364046,0.30748028,-0.22335728,-0.5314971,1.1245661,0.58217674,0.1308143,210
-0.11321282,-0.29475063,-0.4612459,-0.101407915,0.07960213,0.22791041,-0.651318,0.8391579,0.8166319,0.45830658,0.22317694,-0.29690275,0.60962695,-0.08630084,-0.24927399,211
-0.17061466,-0.27117085,-0.3224991,-0.00876839,0.071895026,0.34920415,-0.75448763,0.81065017,0.9179089,0.44841823,0.41969264,-0.43804005,0.25748378,0.25762498,-0.56729716,212
-0.14181274,-0.25421035,-0.35210615,0.0066232993,0.035821583,0.25215662,-0.65237355,0.70063215,0.8261833,0.48611486,0.5720187,-0.38659638,0.26412782,0.15728556,-0.5138647,213
0.0035042653,-0.28792447,-0.6363163,-0.012449533,0.018639069,0.6885202,-0.5527878,0.86726993,0.67755306,0.36015534,0.37778303,-0.43223196,0.20264213,0.37612522,-0.6504822,214
0.17875288,-0.28994876,-0.71048313,0.03756458,-0.13163047,0.35279772,-0.5763228,0.8880137,0.46408632,0.35029462,0.7885226,-0.3301469,0.28652674,0.3223848,-0.63041204,215
0.08188727,-0.32055128,-0.6747926,-0.03925268,0.06590004,0.42758426,-0.5361776,0.8316384,0.51569515,0.32995135,0.5668005,-0.24430339,0.29685608,0.43911064,-0.7403462,216
0.07241096,-0.3396352,-0.53829545,-0.05371416,-0.004016233,0.4004593,-0.4878618,0.923346,0.41027537,0.31495693,0.45521635,-0.27637324,0.2624837,0.46880022,-0.60805273,217
-0.11539685,-0.2173591,-0.25522152,-0.09036646,0.29707277,0.22797638,-0.4678884,0.915319,0.16344395,0.4233421,0.36854863,-0.14254127,0.03529792,0.3876958,-0.52992296,218
-0.05277035,-0.20835389,-0.47420737,-0.03320844,0.18240613,0.3659508,-0.34576768,0.64105684,0.24731424,0.35161278,0.5354005,-0.21921775,0.22881038,0.36536288,-0.5843891,219
-0.057274636,-0.20566767,-0.37215537,-0.021558275,0.21555711,0.3437597,-0.3167752,0.5461886,0.26883802,0.19432843,0.57714766,-0.22510757,0.13070865,0.46531907,-0.5433085,220
-0.062408086,-0.15984932,-0.2951574,-0.077457584,0.3570245,0.39357296,-0.25430393,0.5002087,0.20294249,0.24244519,0.5014742,-0.19778474,0.040000983,0.14287601,-0.33358392,221
0.0543437,-0.21747284,-0.49129978,-0.09673466,0.2460898,0.5357047,-0.27649504,0.5352452,0.35254347,0.20192349,0.34534726,-0.2697196,0.26700425,0.13403592,-0.32051584,222
0.065585956,-0.21853729,-0.29085067,-0.06990246,0.3711578,0.47246012,-0.22430778,0.45852488,0.38458967,0.16221575,0.18196356,-0.15128186,0.07698467,0.10294963,-0.32155198,223
0.14479803,-0.19834556,-0.3596875,-0.16256838,0.24181761,0.61743206,-0.29530877,0.7042611,0.34185922,0.29314372,0.31114882,-0.21685398,-0.023704225,0.062102444,-0.46009457,224
0.14540839,-0.17146821,-0.32879147,-0.12911364,0.22378375,0.5989252,-0.3181294,0.6508873,0.30208722,0.31629628,0.35860008,-0.25289154,-0.042682856,0.12017441,-0.4730855,225
0.07733524,-0.15133645,-0.28844452,-0.019199863,0.18332624,0.6066952,-0.26706156,0.5830801,0.2983957,0.19713366,0.3476374,-0.22685903,-0.01562638,0.09715346,-0.42222914,226
0.060884006,-0.14214419,-0.27649263,-0.118343726,0.15084434,0.57379156,-0.23055609,0.56555575,0.23630695,0.3740142,0.24547996,-0.17832212,0.030363617,0.17046773,-0.46184933,227
0.069026925,-0.12129231,-0.23040879,-0.13384868,0.12981795,0.60737365,-0.21743844,0.6298335,0.23354445,0.20712438,0.22348423,-0.17311515,0.04378096,0.08496237,-0.35284507,228
0.105938785,-0.13782555,-0.2843197,-0.11074544,0.13680999,0.55376184,-0.2486366,0.5797866,0.24971502,0.3225864,0.30003032,-0.18447083,0.036849756,0.12726063,-0.44674116,229
0.06012767,-0.13634573,-0.37048328,-0.11704167,0.16958849,0.5834231,-0.25183544,0.60228896,0.30847612,0.37160516,0.17485824,-0.13748886,0.087935515,0.11285518,-0.45796344,230
0.02210914,-0.071963295,-0.4032117,-0.24622492,0.22350672,0.7747189,-0.21987839,0.89140517,0.1787153,0.25575924,0.27536488,-0.27639478,-0.14078817,0.03465072,-0.29776874,231
-0.11100816,-0.07012543,-0.36760905,-0.13868636,0.3606977,0.72641426,-0.22364508,0.8515579,0.19710834,0.14500278,0.20817138,-0.20986094,-0.13791187,0.09991192,-0.33001745,232
-0.067435235,-0.077193856,-0.37228587,-0.11350904,0.26921713,0.7232375,-0.24839443,0.8550489,0.22570916,0.1831726,0.18027323,-0.23655944,-0.07199421,0.12837538,-0.37766185,233
-0.06702583,-0.16432433,-0.39302686,-0.1318451,0.20279652,0.62411714,-0.2437375,0.9896144,0.13628496,0.2617076,0.1539818,-0.17171508,-0.02531121,0.108022325,-0.27953887,234
0.019360699,-0.13074426,-0.37545615,-0.16138439,0.19084121,0.6439264,-0.21391307,0.8327393,0.18998726,0.20332626,0.06744135,-0.25457844,-0.009703289,0.34827304,-0.3501159,235
0.13368127,-0.16341148,-0.35076392,-0.1534765,0.1437136,0.56916684,-0.25979716,0.83639824,0.23998004,0.16893655,0.12668589,-0.27643934,0.046905737,0.1587186,-0.22029835,236
0.09657675,-0.15712886,-0.38845548,-0.29021555,0.211039,0.39806637,-0.18450637,0.6366437,0.42828542,-0.028375812,0.31936884,-0.2567042,0.1045037,0.21230681,-0.10140431,237
0.16778369,-0.16023181,-0.29840305,-0.3299891,0.20361474,0.3118293,-0.245286,0.5722145,0.3803503,0.016819913,0.29364473,-0.24875905,0.046500273,0.18226448,0.107647136,238
0.22684123,-0.12443845,-0.5799576,-0.19523002,0.15388957,-0.020624105,-0.20948426,0.34809938,0.26346374,0.41187128,0.51789165,-0.22532557,0.028096005,0.3362234,0.06868371,239
0.16283649,-0.049021814,-0.6732766,-0.14244215,0.09687249,0.04577467,0.038336426,-0.11836601,0.21243048,0.572908,0.26840764,-0.13300437,0.38262537,0.3972705,-0.061351072,240
0.14880693,-0.059968885,-0.60803086,-0.1685095,0.14522596,0.0123245,-0.032820493,0.09978655,0.2269508,0.429449,0.2967444,-0.16505039,0.20923889,0.25654167,0.2093114,241
0.06168379,-0.026344735,-0.50245225,-0.17855984,0.33577955,0.0127761755,-0.12595983,0.12852801,0.17685959,0.35332704,0.1454862,-0.103349544,0.31017336,0.29156882,0.12048366,242
0.12610172,-0.08576402,-0.4853768,-0.19925645,0.2788491,0.08494691,-0.12022646,0.22035412,0.15372819,0.4239649,0.093123145,-0.17571305,0.22932519,0.3521036,0.103839904,243
0.0839778,-0.05327135,-0.42179832,-0.18877055,0.22393407,0.04350121,-0.1079014,0.33762074,0.12386029,0.36891252,0.0684471,-0.16591425,0.14896007,0.3543481,0.18409403,244
0.13542524,-0.008114654,-0.27574593,-0.11353527,0.14858772,0.08411083,-0.040897653,0.15874502,0.18817061,0.4523853,-0.07495083,-0.18745413,0.08133948,0.21452324,0.23741102,245
-0.040295005,-0.13718249,-0.55522865,-0.2736283,0.25788668,-0.47010806,-0.22661448,0.61395895,0.12041052,0.35445648,0.6248141,0.05922011,0.29694605,-0.008846058,0.38421014,246
-0.24814613,-0.13356166,-0.6657455,-0.19229418,0.6923633,-0.02823366,-0.2302239,0.6975052,-0.05303283,0.47717682,0.49940556,0.18368717,0.19589429,-0.74644995,0.5516555,247
-0.386027,-0.12739728,-0.62652594,-0.1870717,0.78940976,0.1613107,-0.21003522,0.59161013,0.04550356,0.31011298,0.5268908,0.13809171,0.35219404,-0.6260951,0.2480285,248
-0.44648263,-0.07048198,-0.48363945,0.041208386,0.6056259,-0.06520767,-0.07686531,0.23950574,-0.053028423,0.5689422,0.6555368,-0.044610992,0.4177393,-0.7029998,0.41475794,249
