Asset_1_Weight,Asset_2_Weight,Asset_3_Weight,Asset_4_Weight,Asset_5_Weight,Day,Model,Estimation_Method,Distribution
-0.51727873,-0.15890034,0.6164368,-0.025575252,1.0853175,1,Sequential RNN,MAP,t-Distribution
-0.53890294,-0.0014494924,0.21033154,8.73505e-5,1.3299335,2,Sequential RNN,MAP,t-Distribution
-0.43864322,-0.15769093,0.63387024,-0.12446779,1.0869317,3,Sequential RNN,MAP,t-Distribution
-0.65343255,-0.1810855,0.7407718,0.078890935,1.0148554,4,Sequential RNN,MAP,t-Distribution
-0.59215456,-0.15502113,0.6185566,0.05207481,1.0765443,5,Sequential RNN,MAP,t-Distribution
-0.61530566,-0.131335,0.5200141,0.1412884,1.0853381,6,Sequential RNN,MAP,t-Distribution
-0.28537306,-0.09432816,0.3175627,-0.06760624,1.1297448,7,Sequential RNN,MAP,t-Distribution
-0.5219785,-0.1559114,0.5740863,0.04490592,1.0588977,8,Sequential RNN,MAP,t-Distribution
-0.46663195,-0.11875727,0.55958486,-0.16520007,1.1910044,9,Sequential RNN,MAP,t-Distribution
-0.5419912,-0.16897357,0.7115985,-0.072820164,1.0721864,10,Sequential RNN,MAP,t-Distribution
-0.5881683,-0.1346275,0.6020292,-0.014326957,1.1350937,11,Sequential RNN,MAP,t-Distribution
-0.6973761,-0.18205935,0.7855843,0.08471844,1.0091327,12,Sequential RNN,MAP,t-Distribution
-0.320149,-0.053188477,0.24296004,-0.13238229,1.2627597,13,Sequential RNN,MAP,t-Distribution
-0.33177227,-0.008803374,0.19145799,-0.2185552,1.3676728,14,Sequential RNN,MAP,t-Distribution
-0.70572984,-0.15847646,0.8016232,-0.037458096,1.1000412,15,Sequential RNN,MAP,t-Distribution
-0.50877166,-0.15444475,0.6987902,-0.13565809,1.1000843,16,Sequential RNN,MAP,t-Distribution
-0.6676395,-0.1347922,0.68372494,-0.019789582,1.1384964,17,Sequential RNN,MAP,t-Distribution
-0.5391955,0.0017028092,0.20659164,-0.02932142,1.3602225,18,Sequential RNN,MAP,t-Distribution
-0.7027821,-0.14767873,0.76434326,-0.033921294,1.1200389,19,Sequential RNN,MAP,t-Distribution
-0.5802466,-0.09900346,0.57589644,-0.11651249,1.2198662,20,Sequential RNN,MAP,t-Distribution
-0.6002116,-0.09446307,0.6248483,-0.13316514,1.2029915,21,Sequential RNN,MAP,t-Distribution
-0.64113975,-0.09817625,0.42735752,0.18971013,1.1222483,22,Sequential RNN,MAP,t-Distribution
-0.5277457,-0.14223096,0.6010595,-0.08006332,1.1489805,23,Sequential RNN,MAP,t-Distribution
-0.47096306,-0.13757701,0.47586334,0.07188756,1.0607891,24,Sequential RNN,MAP,t-Distribution
-0.52448785,-0.17159016,0.69837207,-0.062024485,1.0597304,25,Sequential RNN,MAP,t-Distribution
-0.45874882,-0.17266841,0.6281342,-0.02929507,1.0325781,26,Sequential RNN,MAP,t-Distribution
-0.6485666,-0.15275376,0.6382861,0.107100934,1.0559332,27,Sequential RNN,MAP,t-Distribution
-0.6489687,-0.10021912,0.5431243,0.026485356,1.1795782,28,Sequential RNN,MAP,t-Distribution
-0.3944028,-0.1528627,0.5685135,-0.10357359,1.0823256,29,Sequential RNN,MAP,t-Distribution
-0.4835249,-0.16650684,0.6493588,-0.0630691,1.063742,30,Sequential RNN,MAP,t-Distribution
-0.43449068,-0.16213416,0.5720493,-0.01047445,1.0350499,31,Sequential RNN,MAP,t-Distribution
-0.55055845,-0.18189637,0.7744321,-0.0911625,1.0491852,32,Sequential RNN,MAP,t-Distribution
-0.5237831,-0.13137656,0.4870124,0.054290634,1.1138567,33,Sequential RNN,MAP,t-Distribution
-0.54898673,-0.14313675,0.6418668,-0.094172716,1.1444294,34,Sequential RNN,MAP,t-Distribution
-0.4887782,-0.13125344,0.47618863,0.028905798,1.1149372,35,Sequential RNN,MAP,t-Distribution
-0.59123147,-0.16423443,0.7422864,-0.070578516,1.083758,36,Sequential RNN,MAP,t-Distribution
-0.7064909,-0.18088157,0.75052184,0.15137778,0.9854728,37,Sequential RNN,MAP,t-Distribution
-0.40689278,-0.089883745,0.3542211,-0.05707152,1.1996269,38,Sequential RNN,MAP,t-Distribution
-0.63337386,-0.14434212,0.6235845,0.043535113,1.1105963,39,Sequential RNN,MAP,t-Distribution
-0.48107523,-0.16473939,0.62722856,-0.035255115,1.0538412,40,Sequential RNN,MAP,t-Distribution
-0.5716002,-0.11100141,0.5392937,-0.08172419,1.2250321,41,Sequential RNN,MAP,t-Distribution
-0.28334928,-0.14414471,0.545422,-0.194743,1.076815,42,Sequential RNN,MAP,t-Distribution
-0.66235656,-0.11732942,0.56917834,0.048420906,1.1620867,43,Sequential RNN,MAP,t-Distribution
-0.5231379,-0.12838344,0.548899,-0.05845099,1.1610734,44,Sequential RNN,MAP,t-Distribution
-0.64648795,-0.16850597,0.67136747,0.115557075,1.0280694,45,Sequential RNN,MAP,t-Distribution
-0.6529209,-0.13091649,0.5781272,0.102687575,1.1030226,46,Sequential RNN,MAP,t-Distribution
-0.51818657,-0.15562277,0.57526964,0.035847276,1.0626924,47,Sequential RNN,MAP,t-Distribution
-0.51759285,-0.16394965,0.6573188,-0.061796803,1.0860206,48,Sequential RNN,MAP,t-Distribution
-0.56482095,-0.101601906,0.57889485,-0.15190977,1.2394378,49,Sequential RNN,MAP,t-Distribution
-0.50440514,-0.1273938,0.63242227,-0.16391577,1.1632924,50,Sequential RNN,MAP,t-Distribution
-0.48695004,-0.15718934,0.639661,-0.071522154,1.0760005,51,Sequential RNN,MAP,t-Distribution
-0.6632664,-0.13907896,0.58136594,0.14597636,1.0750031,52,Sequential RNN,MAP,t-Distribution
-0.6108522,-0.12858418,0.66204476,-0.098835744,1.1762273,53,Sequential RNN,MAP,t-Distribution
-0.50477993,-0.15600565,0.5879754,0.024149843,1.0486604,54,Sequential RNN,MAP,t-Distribution
-0.49849162,-0.1485447,0.70942247,-0.19251366,1.1301275,55,Sequential RNN,MAP,t-Distribution
-0.31909132,0.008714787,0.17101496,-0.19951282,1.3388743,56,Sequential RNN,MAP,t-Distribution
-0.54488266,-0.06699489,0.45417324,-0.13393812,1.2916424,57,Sequential RNN,MAP,t-Distribution
-0.6175708,-0.13098815,0.73859507,-0.15535642,1.1653203,58,Sequential RNN,MAP,t-Distribution
-0.3981478,-0.15218483,0.5016768,0.010694967,1.0379609,59,Sequential RNN,MAP,t-Distribution
-0.62830746,-0.1578888,0.67704386,0.040534157,1.0686183,60,Sequential RNN,MAP,t-Distribution
-0.46647587,-0.13142858,0.47582358,0.0391284,1.0829525,61,Sequential RNN,MAP,t-Distribution
-0.6263984,-0.16640034,0.673589,0.073088534,1.0461212,62,Sequential RNN,MAP,t-Distribution
-0.47762454,-0.14304982,0.6000439,-0.079165235,1.0997957,63,Sequential RNN,MAP,t-Distribution
-0.7322094,-0.17546429,0.76169527,0.13923056,1.0067478,64,Sequential RNN,MAP,t-Distribution
-0.55767745,-0.07099728,0.41506115,-0.06912465,1.2827382,65,Sequential RNN,MAP,t-Distribution
-0.59012836,-0.12457877,0.6146154,-0.06275507,1.1628468,66,Sequential RNN,MAP,t-Distribution
-0.52804327,-0.05054375,0.37904957,-0.10066645,1.3002039,67,Sequential RNN,MAP,t-Distribution
-0.48494124,-0.17732652,0.71951497,-0.108841285,1.051594,68,Sequential RNN,MAP,t-Distribution
-0.529742,-0.16470388,0.6168304,0.038363993,1.0392516,69,Sequential RNN,MAP,t-Distribution
-0.66105306,-0.18104143,0.74915767,0.0798421,1.0130948,70,Sequential RNN,MAP,t-Distribution
-0.49131858,-0.17170191,0.7000051,-0.10183828,1.0648537,71,Sequential RNN,MAP,t-Distribution
-0.47639605,-0.17057745,0.6368216,-0.036169052,1.0463209,72,Sequential RNN,MAP,t-Distribution
-0.55930036,-0.16196789,0.67645437,-0.028317954,1.0731319,73,Sequential RNN,MAP,t-Distribution
-0.6859758,-0.13860384,0.6035649,0.14394365,1.077071,74,Sequential RNN,MAP,t-Distribution
-0.48032588,-0.15666732,0.5585156,0.036727194,1.0417504,75,Sequential RNN,MAP,t-Distribution
-0.59058666,-0.11506464,0.543835,-0.029307002,1.1911234,76,Sequential RNN,MAP,t-Distribution
-0.4573141,-0.11375525,0.59269625,-0.17038836,1.1487614,77,Sequential RNN,MAP,t-Distribution
-0.3712216,-0.13910238,0.470362,-0.04732418,1.0872861,78,Sequential RNN,MAP,t-Distribution
-0.75040317,-0.16400886,0.7030772,0.19806367,1.0132712,79,Sequential RNN,MAP,t-Distribution
-0.54322505,-0.07579463,0.36387488,0.0019572766,1.2531875,80,Sequential RNN,MAP,t-Distribution
-0.69667554,-0.15661836,0.6866835,0.09955691,1.0670536,81,Sequential RNN,MAP,t-Distribution
-0.688064,-0.08253409,0.39606133,0.25153816,1.1229986,82,Sequential RNN,MAP,t-Distribution
-0.6059746,-0.11795721,0.48389786,0.12852481,1.1115091,83,Sequential RNN,MAP,t-Distribution
-0.68212134,-0.1532145,0.62578064,0.1693122,1.040243,84,Sequential RNN,MAP,t-Distribution
-0.5319591,-0.14166164,0.5084485,0.117283985,1.0478883,85,Sequential RNN,MAP,t-Distribution
-0.6667088,-0.14542674,0.69781125,-0.013104699,1.127429,86,Sequential RNN,MAP,t-Distribution
-0.5808706,-0.1673621,0.65006644,0.062457226,1.0357091,87,Sequential RNN,MAP,t-Distribution
-0.49900237,-0.16852766,0.6793811,-0.076863766,1.0650127,88,Sequential RNN,MAP,t-Distribution
-0.51957947,-0.14857815,0.5964502,-0.049038943,1.1207464,89,Sequential RNN,MAP,t-Distribution
-0.56431365,-0.042467497,0.34190527,0.001960873,1.262915,90,Sequential RNN,MAP,t-Distribution
-0.3089627,-0.14708436,0.57740486,-0.21075362,1.0893958,91,Sequential RNN,MAP,t-Distribution
-0.6754155,-0.14353174,0.64866257,0.06745476,1.1028299,92,Sequential RNN,MAP,t-Distribution
-0.5056232,-0.04214926,0.39389107,-0.18209869,1.33598,93,Sequential RNN,MAP,t-Distribution
-0.3894455,-0.11088213,0.6613906,-0.26341686,1.1023539,94,Sequential RNN,MAP,t-Distribution
-0.56261075,-0.16164055,0.61834574,0.052955914,1.0529497,95,Sequential RNN,MAP,t-Distribution
-0.5922696,-0.15820171,0.6340532,0.030451436,1.0859667,96,Sequential RNN,MAP,t-Distribution
-0.36705422,-0.11822813,0.4208348,-0.096278176,1.1607257,97,Sequential RNN,MAP,t-Distribution
-0.68821543,-0.16078386,0.80469483,-0.059053563,1.103358,98,Sequential RNN,MAP,t-Distribution
-0.7204527,-0.14906073,0.64879733,0.1842047,1.0365114,99,Sequential RNN,MAP,t-Distribution
-0.48532823,-0.15766968,0.6239204,-0.07259538,1.0916729,100,Sequential RNN,MAP,t-Distribution
-0.5821375,-0.020916222,0.26820967,0.0050576003,1.3297864,101,Sequential RNN,MAP,t-Distribution
-0.59556246,-0.11938549,0.5511167,-0.028703885,1.1925352,102,Sequential RNN,MAP,t-Distribution
-0.6119143,-0.1716765,0.70453525,0.020284781,1.0587708,103,Sequential RNN,MAP,t-Distribution
-0.6785421,-0.11965455,0.6223455,0.027209291,1.1486418,104,Sequential RNN,MAP,t-Distribution
-0.61557734,-0.15546197,0.63741493,0.07538616,1.0582383,105,Sequential RNN,MAP,t-Distribution
-0.44193286,-0.16746977,0.59073395,-0.018106487,1.0367751,106,Sequential RNN,MAP,t-Distribution
-0.64482737,-0.17198278,0.7232268,0.04407159,1.0495118,107,Sequential RNN,MAP,t-Distribution
-0.775326,-0.15112424,0.6287408,0.31993654,0.97777295,108,Sequential RNN,MAP,t-Distribution
-0.6133584,-0.18144885,0.7839713,-0.03860029,1.0494362,109,Sequential RNN,MAP,t-Distribution
-0.633113,-0.14368798,0.65867925,-0.024768338,1.1428901,110,Sequential RNN,MAP,t-Distribution
-0.44425935,-0.12985234,0.54776573,-0.13231306,1.1586591,111,Sequential RNN,MAP,t-Distribution
-0.37619442,0.073421426,0.11946643,-0.24250987,1.4258164,112,Sequential RNN,MAP,t-Distribution
-0.61606115,-0.018564569,0.33647472,0.009163724,1.2889873,113,Sequential RNN,MAP,t-Distribution
-0.6091865,-0.08862124,0.5755066,-0.06228365,1.1845847,114,Sequential RNN,MAP,t-Distribution
-0.5306504,-0.065944366,0.4934851,-0.17334323,1.2764529,115,Sequential RNN,MAP,t-Distribution
-0.3838259,0.071754016,0.14353858,-0.24956511,1.4180984,116,Sequential RNN,MAP,t-Distribution
-0.6771231,-0.13007478,0.63870335,0.07460381,1.0938907,117,Sequential RNN,MAP,t-Distribution
-0.66430473,-0.12978926,0.66158646,-0.029111965,1.1616195,118,Sequential RNN,MAP,t-Distribution
-0.7409645,-0.12069475,0.5613736,0.2264886,1.073797,119,Sequential RNN,MAP,t-Distribution
-0.39787647,0.0073773446,0.18241525,-0.16721526,1.3752991,120,Sequential RNN,MAP,t-Distribution
-0.49278066,-0.038137533,0.35024107,-0.1974767,1.3781538,121,Sequential RNN,MAP,t-Distribution
-0.4589414,-0.03870524,0.38014728,-0.16593835,1.2834377,122,Sequential RNN,MAP,t-Distribution
-0.1586556,0.21376179,-0.03948441,-0.30824924,1.2926275,123,Sequential RNN,MAP,t-Distribution
-0.557241,-0.07256909,0.52739304,-0.10144982,1.2038668,124,Sequential RNN,MAP,t-Distribution
-0.49409822,-0.035979263,0.35600755,-0.12015084,1.2942208,125,Sequential RNN,MAP,t-Distribution
0.101493254,0.038956296,0.45143354,-0.3600624,0.7681793,126,Sequential RNN,MAP,t-Distribution
-0.4723953,-0.040073745,0.38920537,-0.15627219,1.2795359,127,Sequential RNN,MAP,t-Distribution
0.00821921,0.18243383,0.08709048,-0.39364365,1.1159002,128,Sequential RNN,MAP,t-Distribution
-0.47261736,-0.01999542,0.2917347,-0.19272892,1.393607,129,Sequential RNN,MAP,t-Distribution
-0.07461087,0.0924554,0.39442587,-0.35985285,0.9475824,130,Sequential RNN,MAP,t-Distribution
-0.76063746,-0.086298436,0.33255118,0.6413523,0.87303245,131,Sequential RNN,MAP,t-Distribution
-0.33265543,-0.010875976,0.25375316,-0.26858807,1.3583664,132,Sequential RNN,MAP,t-Distribution
-0.7088571,0.18390551,0.16042423,0.27425298,1.0902743,133,Sequential RNN,MAP,t-Distribution
-0.2354312,0.0062919953,0.19033223,-0.30024025,1.3390472,134,Sequential RNN,MAP,t-Distribution
-0.39995664,0.121714704,0.2550607,-0.28472462,1.3079058,135,Sequential RNN,MAP,t-Distribution
-0.34840366,-0.09749165,0.458222,-0.24567658,1.2333499,136,Sequential RNN,MAP,t-Distribution
-0.5624072,-0.07696034,0.47720233,-0.11533426,1.2774994,137,Sequential RNN,MAP,t-Distribution
-0.6644166,-0.11245802,0.64518636,-0.04578645,1.1774747,138,Sequential RNN,MAP,t-Distribution
-0.5566897,-0.11905905,0.6430722,-0.16471116,1.1973877,139,Sequential RNN,MAP,t-Distribution
-0.6573834,-0.072320685,0.5411487,-0.07457362,1.2631289,140,Sequential RNN,MAP,t-Distribution
-0.5352115,-0.039284952,0.37655437,-0.14696474,1.3449068,141,Sequential RNN,MAP,t-Distribution
-0.31989488,0.15156819,0.054917287,-0.14310119,1.2565106,142,Sequential RNN,MAP,t-Distribution
-0.46060145,-0.113062665,0.5359058,-0.11211343,1.1498718,143,Sequential RNN,MAP,t-Distribution
0.0741616,-0.110303335,0.30187047,-0.10046825,0.8347395,144,Sequential RNN,MAP,t-Distribution
-0.67743737,-0.082839,0.55074435,-0.009923437,1.2194555,145,Sequential RNN,MAP,t-Distribution
-0.56863385,-0.1515625,0.66701305,-0.077724524,1.1309079,146,Sequential RNN,MAP,t-Distribution
-0.42786863,-0.09602805,0.443782,-0.17494754,1.2550622,147,Sequential RNN,MAP,t-Distribution
-0.16797177,-0.0018831384,0.08266798,-0.23978138,1.3269683,148,Sequential RNN,MAP,t-Distribution
-0.6829632,-0.16721275,0.75816494,0.023915429,1.0680956,149,Sequential RNN,MAP,t-Distribution
-0.7393515,-0.095223926,0.47225207,0.29789358,1.0644298,150,Sequential RNN,MAP,t-Distribution
-0.6757222,-0.1528197,0.7717474,-0.06510203,1.1218965,151,Sequential RNN,MAP,t-Distribution
-0.49248534,-0.006473146,0.21707651,-0.13398227,1.4158642,152,Sequential RNN,MAP,t-Distribution
-0.51509416,-0.15886196,0.7764769,-0.1582429,1.0557221,153,Sequential RNN,MAP,t-Distribution
-0.6029403,-0.12285589,0.5985265,-0.053348675,1.1806184,154,Sequential RNN,MAP,t-Distribution
-0.43394166,-0.019081527,0.2913388,-0.15561104,1.3172954,155,Sequential RNN,MAP,t-Distribution
-0.416378,-0.0013446638,0.2996552,-0.14546488,1.2635323,156,Sequential RNN,MAP,t-Distribution
-0.25913283,-0.18887307,0.57875717,0.08025122,0.78899753,157,Sequential RNN,MAP,t-Distribution
-0.33568203,0.06483802,0.28510404,-0.2406,1.2263399,158,Sequential RNN,MAP,t-Distribution
-0.5412781,-0.06315765,0.43329898,-0.15194808,1.3230848,159,Sequential RNN,MAP,t-Distribution
-0.49238437,-0.06426725,0.47292402,-0.22653288,1.3102605,160,Sequential RNN,MAP,t-Distribution
-0.4884216,0.013563481,0.15761653,-0.07718487,1.3944265,161,Sequential RNN,MAP,t-Distribution
-0.3994101,-0.08431953,0.51146835,-0.22171666,1.193978,162,Sequential RNN,MAP,t-Distribution
-0.55980957,-0.022389553,0.28702188,-0.06139259,1.3565698,163,Sequential RNN,MAP,t-Distribution
-0.6513704,-0.09025592,0.5560909,0.02017891,1.1653565,164,Sequential RNN,MAP,t-Distribution
0.050769843,-0.09005486,0.28565875,-0.19582115,0.9494474,165,Sequential RNN,MAP,t-Distribution
-0.47898212,-0.09398724,0.46076414,-0.155937,1.2681422,166,Sequential RNN,MAP,t-Distribution
-0.6240599,-0.14058551,0.6274196,0.0033888367,1.133837,167,Sequential RNN,MAP,t-Distribution
-0.53845525,-0.00851798,0.25208822,-0.0916502,1.3865352,168,Sequential RNN,MAP,t-Distribution
-0.41792157,0.022930887,0.29189202,-0.25196275,1.3550614,169,Sequential RNN,MAP,t-Distribution
-0.46905726,-0.1538407,0.5984022,-0.06251157,1.0870074,170,Sequential RNN,MAP,t-Distribution
-0.42419207,0.22735173,0.14982542,-0.2324504,1.2794653,171,Sequential RNN,MAP,t-Distribution
-0.67346376,-0.052726436,0.30261523,0.28153506,1.1420399,172,Sequential RNN,MAP,t-Distribution
-0.4687398,-0.11605568,0.5900872,-0.19291314,1.1876215,173,Sequential RNN,MAP,t-Distribution
-0.3107022,0.028006785,0.23514731,-0.25108668,1.2986348,174,Sequential RNN,MAP,t-Distribution
-0.5877579,-0.1385118,0.66125166,-0.101372294,1.1663903,175,Sequential RNN,MAP,t-Distribution
-0.24180637,0.15414949,0.020458046,-0.19029117,1.25749,176,Sequential RNN,MAP,t-Distribution
-0.3466072,-0.17301695,0.5224587,0.16401024,0.8331552,177,Sequential RNN,MAP,t-Distribution
-0.39214957,-0.14906499,0.6314363,-0.22315668,1.1329349,178,Sequential RNN,MAP,t-Distribution
-0.6320441,-0.06532362,0.4321392,-0.021388192,1.2866167,179,Sequential RNN,MAP,t-Distribution
-0.7170713,-0.051780574,0.4007784,0.22505611,1.1430173,180,Sequential RNN,MAP,t-Distribution
-0.34451574,-0.028778093,0.38160643,-0.12438498,1.1160724,181,Sequential RNN,MAP,t-Distribution
-0.66512084,0.06049574,0.3126552,0.0448948,1.2470751,182,Sequential RNN,MAP,t-Distribution
-0.5451201,-0.1400703,0.62611353,-0.08123512,1.1403121,183,Sequential RNN,MAP,t-Distribution
-0.68021625,-0.113519825,0.70651263,-0.05890549,1.146129,184,Sequential RNN,MAP,t-Distribution
-0.009058425,0.0045881947,0.18695784,-0.35628277,1.1737951,185,Sequential RNN,MAP,t-Distribution
-0.58417886,-0.07458384,0.29136762,0.26894316,1.098452,186,Sequential RNN,MAP,t-Distribution
-0.6046988,-0.075683706,0.45080462,-0.05140335,1.2809812,187,Sequential RNN,MAP,t-Distribution
-0.44880262,-0.0264752,0.32648948,-0.15420015,1.3029885,188,Sequential RNN,MAP,t-Distribution
-0.35086828,-0.104096875,0.541062,-0.09949379,1.013397,189,Sequential RNN,MAP,t-Distribution
-0.70972455,-0.17679697,0.71237195,0.17020781,1.0039418,190,Sequential RNN,MAP,t-Distribution
-0.6157268,-0.059185755,0.39681274,-0.013699046,1.2917988,191,Sequential RNN,MAP,t-Distribution
-0.38414502,-0.11659405,0.53572744,-0.17064665,1.1356583,192,Sequential RNN,MAP,t-Distribution
-0.5547013,-0.07288659,0.38264725,-0.0096144425,1.2545551,193,Sequential RNN,MAP,t-Distribution
-0.5897173,-0.1767223,0.6809563,0.0707269,1.0147564,194,Sequential RNN,MAP,t-Distribution
-0.31628892,-0.16595003,0.64282435,-0.20593078,1.0453453,195,Sequential RNN,MAP,t-Distribution
-0.5162556,-0.10156001,0.5942966,-0.19056822,1.2140874,196,Sequential RNN,MAP,t-Distribution
-0.5244265,-0.012736374,0.2557749,-0.07130659,1.3526946,197,Sequential RNN,MAP,t-Distribution
-0.5883759,-0.18195495,0.8892133,-0.1842715,1.065389,198,Sequential RNN,MAP,t-Distribution
-0.4961063,-0.03241708,0.33839887,-0.150093,1.3402175,199,Sequential RNN,MAP,t-Distribution
-0.72311825,-0.10400692,0.71583426,-0.055575315,1.1668662,200,Sequential RNN,MAP,t-Distribution
-0.5924175,-0.11840435,0.56998396,-0.05788076,1.1987187,201,Sequential RNN,MAP,t-Distribution
-0.43777797,-0.15245226,0.7140016,-0.19075426,1.0669829,202,Sequential RNN,MAP,t-Distribution
-0.6496487,-0.12853853,0.64403623,0.0039635156,1.1301875,203,Sequential RNN,MAP,t-Distribution
-0.23172942,-0.1495129,0.53722215,-0.20291516,1.0469353,204,Sequential RNN,MAP,t-Distribution
-0.48737016,-0.14560637,0.58097285,-0.07854883,1.1305525,205,Sequential RNN,MAP,t-Distribution
-0.61299455,-0.12119223,0.6366949,-0.09802785,1.1955197,206,Sequential RNN,MAP,t-Distribution
-0.46237427,-0.047411967,0.27145946,0.019273726,1.219053,207,Sequential RNN,MAP,t-Distribution
-0.6576988,-0.11286498,0.6319788,-0.06150452,1.2000895,208,Sequential RNN,MAP,t-Distribution
-0.6396468,-0.13719268,0.5843751,0.08674988,1.1057146,209,Sequential RNN,MAP,t-Distribution
-0.5497597,-0.14987364,0.60778034,-0.012651337,1.1045043,210,Sequential RNN,MAP,t-Distribution
-0.37621528,-0.031801704,0.33250192,-0.19130531,1.2668204,211,Sequential RNN,MAP,t-Distribution
-0.7213772,-0.14741072,0.67971647,0.107081175,1.0819904,212,Sequential RNN,MAP,t-Distribution
-0.6105053,-0.1421994,0.6494604,-0.008534456,1.1117787,213,Sequential RNN,MAP,t-Distribution
-0.57808346,-0.14036801,0.69720083,-0.12726462,1.1485152,214,Sequential RNN,MAP,t-Distribution
-0.6511258,-0.02292707,0.2775221,0.2660564,1.1304744,215,Sequential RNN,MAP,t-Distribution
-0.58370847,-0.18799168,0.816569,-0.08001137,1.0351425,216,Sequential RNN,MAP,t-Distribution
-0.6265819,-0.11250055,0.60767204,-0.072443,1.2038534,217,Sequential RNN,MAP,t-Distribution
-0.30286676,0.008256138,0.18467264,-0.26091278,1.3708508,218,Sequential RNN,MAP,t-Distribution
-0.46686786,-0.12664862,0.56161904,-0.07598446,1.1078819,219,Sequential RNN,MAP,t-Distribution
-0.67935246,-0.105784506,0.50542325,0.118149556,1.1615642,220,Sequential RNN,MAP,t-Distribution
-0.65630364,-0.19414178,0.88888043,-0.061735775,1.0233008,221,Sequential RNN,MAP,t-Distribution
-0.52087134,-0.01946468,0.2567552,-0.08792234,1.3715031,222,Sequential RNN,MAP,t-Distribution
-0.7977021,-0.14452447,0.6885782,0.29781285,0.95583546,223,Sequential RNN,MAP,t-Distribution
-0.6583298,-0.11217815,0.54466665,0.04384855,1.1819928,224,Sequential RNN,MAP,t-Distribution
-0.53465706,-0.09486142,0.4046073,-0.0053527644,1.230264,225,Sequential RNN,MAP,t-Distribution
-0.6799623,-0.14126493,0.7028248,0.020982979,1.0974195,226,Sequential RNN,MAP,t-Distribution
-0.68662757,-0.05196455,0.32817048,0.22601716,1.1844045,227,Sequential RNN,MAP,t-Distribution
-0.6556065,-0.10272395,0.5831196,-0.029214501,1.2044253,228,Sequential RNN,MAP,t-Distribution
-0.671233,-0.10411537,0.44164252,0.27501273,1.058693,229,Sequential RNN,MAP,t-Distribution
-0.65318274,-0.14441042,0.6037319,0.11062965,1.0832317,230,Sequential RNN,MAP,t-Distribution
-0.6508916,-0.13755319,0.6200118,0.042634342,1.1257986,231,Sequential RNN,MAP,t-Distribution
-0.34466702,-0.09120113,0.41027173,-0.21343337,1.2390298,232,Sequential RNN,MAP,t-Distribution
-0.1899551,-0.11500918,0.37554097,-0.16063225,1.0900556,233,Sequential RNN,MAP,t-Distribution
-0.67886823,-0.112801686,0.6248378,0.008237111,1.158595,234,Sequential RNN,MAP,t-Distribution
-0.24822894,-0.11583401,0.5397959,-0.26806697,1.092334,235,Sequential RNN,MAP,t-Distribution
-0.64121616,-0.13919243,0.67714995,-0.039403345,1.1426619,236,Sequential RNN,MAP,t-Distribution
-0.4368516,-0.12767796,0.52246,-0.1376265,1.1796961,237,Sequential RNN,MAP,t-Distribution
-0.5477103,-0.028864384,0.3044431,-0.030468993,1.3026006,238,Sequential RNN,MAP,t-Distribution
-0.66191775,-0.09525578,0.6209693,-0.07476514,1.2109694,239,Sequential RNN,MAP,t-Distribution
-0.6854434,-0.10302886,0.4385992,0.27256,1.0773131,240,Sequential RNN,MAP,t-Distribution
-0.6138322,-0.15189654,0.64232236,0.029065738,1.0943406,241,Sequential RNN,MAP,t-Distribution
-0.52153105,-0.17070863,0.6696292,-0.048221014,1.0708314,242,Sequential RNN,MAP,t-Distribution
-0.24252194,-0.14826389,0.5014071,-0.010884042,0.9002628,243,Sequential RNN,MAP,t-Distribution
-0.5808882,-0.113598116,0.5848746,-0.11816849,1.2277802,244,Sequential RNN,MAP,t-Distribution
-0.09940352,-0.08260386,0.32919833,-0.07341301,0.926222,245,Sequential RNN,MAP,t-Distribution
-0.53137195,-0.15250653,0.6049208,-0.0058516883,1.0848093,246,Sequential RNN,MAP,t-Distribution
-0.5479306,-0.026720613,0.23944259,0.06975793,1.2654507,247,Sequential RNN,MAP,t-Distribution
-0.4545275,0.05257709,0.21629569,-0.22546774,1.4111224,248,Sequential RNN,MAP,t-Distribution
-0.6212042,-0.08862058,0.5298184,-0.054658227,1.2346646,249,Sequential RNN,MAP,t-Distribution
