Asset_1_Weight,Asset_2_Weight,Asset_3_Weight,Asset_4_Weight,Asset_5_Weight,Asset_6_Weight,Asset_7_Weight,Asset_8_Weight,Asset_9_Weight,Asset_10_Weight,Asset_11_Weight,Asset_12_Weight,Asset_13_Weight,Asset_14_Weight,Asset_15_Weight,Asset_16_Weight,Asset_17_Weight,Asset_18_Weight,Asset_19_Weight,Asset_20_Weight,Asset_21_Weight,Asset_22_Weight,Asset_23_Weight,Asset_24_Weight,Asset_25_Weight,Asset_26_Weight,Asset_27_Weight,Asset_28_Weight,Asset_29_Weight,Day,Model,Estimation_Method,Distribution
-0.25614133,0.0028856203,-1.7515762,-0.014208131,-0.54521877,-0.088671856,0.052142788,-0.2059036,1.0092943,1.3171594,0.08390267,-0.0770414,2.5652273,0.8343378,-0.33336765,-0.016274324,-0.6330357,-0.23675412,0.0053230454,-1.0569545,0.626544,-0.14404938,0.007274054,-0.01817488,0.013924688,-0.32217944,-0.008807785,-0.029458527,0.21980196,1,Sequential LSTM,MAP,t-Distribution
-0.28928697,0.009565266,-1.8609463,-0.027405823,-0.6305078,0.01011522,0.04309921,-0.22559349,1.2925235,1.2259687,0.16131262,0.17200828,2.743188,0.96359164,-0.38914284,-0.010046072,-0.6468102,-0.6115362,-0.10473958,-0.82975775,0.5789068,-0.046837427,-0.13936852,0.0011769728,0.102219485,-0.39254683,-0.016040906,-0.0071423925,-0.07596637,2,Sequential LSTM,MAP,t-Distribution
-0.27792278,0.0024508121,-1.8219966,-0.008215281,-0.5706453,-0.13122717,0.045318708,-0.16338801,0.82339907,1.4425212,0.10423464,0.18166567,2.6423864,0.91565406,-0.33269176,-0.036983725,-0.7535153,-0.5316903,-0.12723854,-1.0608226,0.60205525,-0.07117516,-0.18504423,0.016178863,0.11431276,-0.009051374,0.004978677,-0.061054256,0.24750596,3,Sequential LSTM,MAP,t-Distribution
-0.28072834,0.0002461285,-1.7784808,-0.0065875505,-0.5278127,-0.13633095,0.038830876,-0.113351785,0.97403926,1.5027316,0.07578494,0.15366706,2.4878285,0.8897051,-0.3731944,-0.05296037,-0.75337994,-0.24390526,-0.14270547,-1.1544893,0.58767486,-0.09229818,-0.17070796,0.024434455,0.09500226,-0.23326197,0.021832004,-0.07329584,0.28171363,4,Sequential LSTM,MAP,t-Distribution
-0.2616273,0.018463092,-1.8280253,-0.011807335,-0.60456395,-0.054217108,0.04061897,-0.14148612,1.1887984,1.6371225,-0.0038314566,0.011881707,2.5978642,0.7937667,-0.33207884,-0.05623241,-0.71508694,-0.4794947,-0.13173524,-1.2628324,0.5238893,-0.025420567,-0.024333177,0.052567117,0.12293005,-0.42545676,0.01880502,-0.041360065,0.3928828,5,Sequential LSTM,MAP,t-Distribution
-0.2641235,0.0016626079,-1.8041152,-0.01945411,-0.59462404,-0.038925283,0.02649878,-0.089085385,1.1039381,1.4849868,-0.038463604,0.09573656,2.6439457,0.719379,-0.29065895,-0.0512379,-0.58566576,-0.4492368,-0.13206385,-1.1352164,0.54094267,-0.026918784,-0.09718407,0.069168314,0.11882009,-0.44458094,0.0100598745,-0.030612994,0.27702916,6,Sequential LSTM,MAP,t-Distribution
-0.34879306,0.011519839,-1.8694253,-0.010028817,-0.775457,-0.2544335,0.0506832,-0.1549806,1.6712462,1.112172,-0.27093267,-0.37499136,3.202092,0.32565975,-0.1695783,0.0019950664,-0.48754185,-0.30686304,-0.0831539,-0.8805616,0.2956623,-0.21692649,0.25865197,0.062512495,0.15852714,-1.3383466,0.055890847,0.1540492,1.1813521,7,Sequential LSTM,MAP,t-Distribution
-0.40066966,-0.009315151,-2.2031472,-0.012759386,-0.809402,-0.16501041,0.010265977,-0.094252616,1.1345925,1.1774955,-0.06887738,-0.56983376,3.6024213,0.33187303,-0.15980715,-0.0011674131,-0.12205213,-0.38236302,0.011159076,-0.89687955,0.21965045,-0.14307813,0.46311715,-0.020615892,0.013635811,-1.0787342,-0.027957335,0.18754129,1.0141702,8,Sequential LSTM,MAP,t-Distribution
-0.29816082,-0.004411707,-1.7460744,0.0011877054,-0.61879075,-0.24169095,0.043214094,-0.16497737,1.6052934,1.3069197,-0.10194341,-0.57169706,2.6909394,0.8979333,-0.43510133,-0.014400105,-0.45075163,0.037830386,-0.03335394,-1.0449249,0.27336153,-0.21630274,0.41982687,-0.07957034,-0.09224023,-1.4811842,-0.0775845,0.25777128,1.1388826,9,Sequential LSTM,MAP,t-Distribution
-0.31924716,-0.027283512,-1.8421044,-0.00823628,-0.58697176,-0.08616455,0.024674729,-0.06637356,1.157821,1.1706038,-0.01848437,-0.39572483,2.8077235,0.75309426,-0.39607358,-0.014673235,-0.34582555,0.11236449,-0.021443352,-0.9264781,0.28445724,-0.19568546,0.24735418,-0.12823167,-0.08584951,-1.0494744,-0.12259225,0.16739783,0.91142637,10,Sequential LSTM,MAP,t-Distribution
-0.32492754,0.022660384,-2.0333917,-0.009289703,-0.6928369,0.07089121,0.051078316,-0.25539696,1.3918153,0.8242944,-0.20891654,-0.65866923,3.4583392,0.667859,-0.28633255,-0.0068350867,-0.098769344,0.03749133,0.09185172,-0.6772251,0.33444592,-0.14342023,0.53517437,0.019420296,-0.118915856,-1.3026938,-0.10042184,0.15661831,0.2561024,11,Sequential LSTM,MAP,t-Distribution
-0.31335795,0.029741999,-2.0335119,0.005899182,-0.77163637,-0.02035578,0.07568012,-0.3582659,1.629273,1.0723023,-0.019608056,-0.4888651,3.2717597,0.7477618,-0.28339827,-0.019404937,-0.23640186,-0.14660439,0.059017405,-0.8422402,0.46952435,-0.07229891,0.41702193,-0.003405881,-0.09776737,-1.3506466,-0.07933248,0.17395106,0.18516885,12,Sequential LSTM,MAP,t-Distribution
-0.30952895,0.021869881,-2.1382215,-0.012084068,-0.8595439,-0.19653384,0.048648283,-0.2255011,1.4390892,0.6748684,-0.33868203,-0.25242,3.8309126,0.44561636,-0.2819884,-0.014356211,-0.12204646,0.05333507,-0.059975434,-0.721296,0.46447855,0.10143191,0.1286065,0.0989926,-0.42459065,-1.3883166,-0.047520995,0.16367239,0.9210846,13,Sequential LSTM,MAP,t-Distribution
-0.27228832,-0.07511447,-2.0990458,-0.12618576,-0.7611075,-0.4001715,-0.006728923,0.24025485,0.4734242,0.34457907,-0.5176293,-0.12717947,4.0227656,1.0863134,-0.38196567,-0.038719323,-0.31075972,0.81899905,-0.11950351,-0.525337,0.30501956,-0.027342416,-0.12270742,0.13318926,-0.42452592,-0.6869447,-0.012218199,-0.026709508,0.6376392,14,Sequential LSTM,MAP,t-Distribution
-0.18607484,-0.08814898,-1.9321318,-0.11677443,-0.5064821,-0.5021204,0.004415508,0.15311864,0.7414583,0.4522443,-0.2664123,0.3431129,3.1404295,1.5709938,-0.6304603,-0.06611292,-0.6017714,1.3508419,-0.31626987,-0.7246643,0.42148134,-0.1560025,-0.6372156,-0.038303416,-0.48577788,-1.0123048,-0.032403693,-0.03780473,1.1591402,15,Sequential LSTM,MAP,t-Distribution
-0.16735996,-0.096902825,-1.7187343,-0.08869467,-0.3665468,-0.35126004,-0.025328489,0.28340724,0.11467137,0.39613497,-0.33356255,-0.047138903,2.7950113,1.2763482,-0.50899965,-0.054770865,-0.49964634,1.1306758,-0.18535171,-0.75003034,0.5387449,-0.2252636,-0.29680842,-0.05323881,-0.49688372,-0.47745752,-0.10449729,-0.12584776,1.4393307,16,Sequential LSTM,MAP,t-Distribution
-0.26232588,-0.022842854,-2.016091,-0.018474307,-0.60000336,-0.48463106,0.040657274,-0.022150593,0.23439528,0.9634362,-0.65029335,0.1537543,3.6390364,0.25002274,-0.037466206,-0.039272327,-0.21568473,1.4239283,-0.13059248,-1.2480943,0.18232165,-0.081700385,-0.460711,0.08363476,-0.36848187,-0.818577,0.061885256,-0.065415554,1.5097363,17,Sequential LSTM,MAP,t-Distribution
-0.34374407,-0.04384905,-2.1158624,-0.06285282,-0.731137,-0.44589987,0.040451996,0.0071097263,0.33147928,0.92862505,-0.6978571,0.13616009,3.993499,0.16499703,-0.0026348054,-0.0518113,-0.24809504,1.0902838,-0.11029503,-1.0952371,0.16852558,-0.087481275,-0.39868686,0.12672143,-0.23104699,-0.70015,0.09355905,-0.036587484,1.3218163,18,Sequential LSTM,MAP,t-Distribution
-0.2292508,-0.058581512,-1.6411735,-0.013534536,-0.4694265,-0.48714873,0.074047595,-0.09401361,0.7484464,1.0287112,-0.7015493,0.37373587,2.913419,0.67329806,-0.48313832,-0.08040653,-0.82993066,2.058084,-0.08663336,-1.4988353,0.13483945,0.018861476,-0.7687038,-0.02516858,-0.573471,-0.91932046,-0.007092284,-0.07551428,2.01945,19,Sequential LSTM,MAP,t-Distribution
-0.19407809,-0.077875316,-1.601667,-0.102590114,-0.5247368,0.5637426,0.13543727,-0.18402709,0.8463815,0.38272446,-0.7460168,0.9556911,3.1047044,0.80710655,-0.8722271,-0.09732994,0.16987537,3.48753,-0.1530329,-1.1744441,0.28566277,0.04037732,-1.1923113,-0.096091226,-0.50750786,-1.8475782,-0.44042748,0.0016433501,0.031064536,20,Sequential LSTM,MAP,t-Distribution
-0.19632404,-0.10667686,-1.7829401,-0.10496161,-0.4999697,0.25293046,0.06442218,-0.020817982,0.59606725,0.73203325,-0.5037814,0.5897709,3.1188576,1.1067263,-0.93027174,-0.022592362,-0.0017784773,1.6207564,-0.11162667,-1.1056062,0.548003,0.045932826,-0.66574746,0.07249111,-0.33488494,-0.9886906,-0.24452345,-0.044893004,-0.08190478,21,Sequential LSTM,MAP,t-Distribution
-0.15922785,-0.09621572,-1.4320241,-0.13531858,-0.47690475,0.21178679,-0.022122007,0.3389416,1.0989577,1.2973484,-0.6426114,0.20335357,2.3681037,1.0989592,-1.0601597,-0.01140185,-0.18891187,1.656662,-0.37473273,-1.2562943,0.14165978,0.13833462,-0.22359107,0.10922284,-0.12329528,-1.3166693,-0.29176503,0.040054,0.107861295,22,Sequential LSTM,MAP,t-Distribution
-0.15681787,-0.06995869,-1.3854595,-0.0867721,-0.38877547,0.092171654,-0.017528115,0.23651765,1.0670934,1.5484895,-0.4151769,0.28386843,2.0398905,1.4085735,-1.0956938,-0.025293116,-0.4980787,1.0561985,-0.39313385,-1.2855294,0.19585586,0.08338659,-0.30701318,0.0764791,-0.12114667,-0.8991263,-0.25205383,0.027760992,0.28127202,23,Sequential LSTM,MAP,t-Distribution
-0.20368157,-0.032103032,-1.540312,-0.062216006,-0.47794205,-0.18557912,-0.013983608,0.10022365,1.2286657,1.8405454,-0.19834056,0.35903156,2.1329837,1.145544,-0.72461,-0.0650223,-0.28230444,0.6488206,-0.25018165,-1.4073477,0.34422132,0.23449136,-0.37572905,0.14239176,-0.022027768,-1.1246996,-0.08626849,0.12192585,-0.24649599,24,Sequential LSTM,MAP,t-Distribution
-0.18109475,-0.01719075,-1.5572141,-0.012114903,-0.4123591,0.14409995,-0.0015946388,-0.03245204,1.6027714,1.4623533,-0.18662064,0.31492293,2.121865,0.5774773,-0.755954,-0.06827543,-0.9811698,1.1136153,-0.03265217,-1.3727686,0.17661926,0.38396677,-0.4814879,-0.049774747,-0.30295703,-1.035565,-0.13581881,0.05499215,0.6643811,25,Sequential LSTM,MAP,t-Distribution
-0.21905744,-0.003548711,-1.5954701,-0.013835034,-0.5381284,0.13435933,0.00907516,-0.10828443,1.6139262,1.0619017,-0.31267002,0.15383214,2.5509934,0.741603,-0.5836089,-0.06293282,-0.8385205,0.7171012,0.029183159,-0.950081,0.22066146,0.26746473,-0.2956447,0.07626638,-0.32955822,-0.9068545,-0.057132695,0.019997891,0.21896158,26,Sequential LSTM,MAP,t-Distribution
-0.20710085,-0.016694443,-1.5878229,-0.012926002,-0.49212444,0.018637806,0.027939599,-0.16088812,1.450801,0.6642332,-0.24261415,0.08797689,2.5865295,0.8721798,-0.5533261,-0.058662962,-0.89537096,1.0801326,0.03958658,-0.72657806,0.3671859,0.10060371,-0.3139916,-0.031055093,-0.37514082,-0.8459383,-0.06818225,-0.0071599865,0.29977053,27,Sequential LSTM,MAP,t-Distribution
-0.29364565,-0.013574197,-2.039457,-0.01597291,-0.61646426,0.206242,-0.0023496442,-0.11221957,1.0422043,0.9226409,-0.047329165,-0.0030845383,3.2064674,0.7193224,-0.37301382,-0.024677169,-0.40558556,-0.32282972,0.09280384,-0.5612998,0.4278265,0.11708975,-0.01938647,0.07100397,0.08958872,-0.45389542,-0.016574718,-0.026429271,-0.54740083,28,Sequential LSTM,MAP,t-Distribution
-0.23533821,0.004020192,-1.6293133,-0.008594189,-0.592841,0.15932727,0.016090695,-0.040774196,1.3318793,1.0520899,-0.43101573,0.045036748,2.7315903,1.2305164,-0.547466,-0.09621526,-0.99495363,0.19158244,-0.19366853,-0.8770332,0.29377398,0.21486714,-0.16968969,0.082574666,0.10246432,-0.5796273,-0.0076246653,-0.15200374,0.10034509,29,Sequential LSTM,MAP,t-Distribution
-0.21337824,-0.021609103,-1.7006829,-0.0138699915,-0.60037017,0.21785636,0.028591687,-0.111957334,1.6627887,0.8802298,-0.1787561,-0.035810295,2.6989577,1.0370321,-0.4903432,-0.053255107,-0.8909469,0.22318457,-0.24169219,-0.6674681,0.29744133,0.3027146,-0.025063245,-0.06785766,0.06333396,-1.1951857,-0.09496308,0.062460564,0.1286178,30,Sequential LSTM,MAP,t-Distribution
-0.20312786,0.008501324,-1.7106678,0.0011163953,-0.60669774,0.38470802,0.049344517,-0.20592469,1.6643143,0.9404413,-0.40118462,-0.11006617,2.8670285,1.1751487,-0.5576324,-0.066284806,-0.97314054,0.35298786,-0.22080529,-0.7161766,0.14823855,0.20677114,0.01929669,-0.019557808,0.060996585,-1.114103,-0.15201376,0.09116658,0.08732255,31,Sequential LSTM,MAP,t-Distribution
-0.20043719,-0.012217187,-1.6688432,0.0042775325,-0.5321933,0.32775685,0.02847621,-0.10651287,1.2317538,0.88296777,-0.35165483,-0.07867292,2.728883,1.5193752,-0.7407563,-0.07879384,-0.9360558,0.4080418,-0.28854775,-0.71008724,0.22795852,0.058436338,-0.038355656,-0.06606977,0.022624694,-0.8345471,-0.19531071,0.07774393,0.3207598,32,Sequential LSTM,MAP,t-Distribution
-0.20217235,0.0025228292,-1.5624355,-0.02176543,-0.5752718,0.17812558,0.033306442,-0.15721822,1.7282786,1.1643763,-0.235304,-0.04599144,2.4634402,1.0384597,-0.474638,-0.05772672,-0.61771077,0.16003406,-0.146571,-0.83223236,0.2673908,0.05465424,-0.026065925,0.008068136,0.0315957,-1.2916756,-0.10572332,0.12634297,0.095906906,33,Sequential LSTM,MAP,t-Distribution
-0.22313464,-0.018372998,-1.703332,-0.025661683,-0.5200557,0.19947149,0.005254803,-0.028740546,1.1151686,1.2573539,0.15389346,-0.40467498,2.3955243,1.268825,-0.60001194,-0.044649716,-0.6261571,-0.16114965,-0.09661337,-0.90567166,0.38446102,-0.018738147,0.29996556,-0.16551965,-0.030594924,-0.6896927,-0.15052412,0.0952782,0.23809919,34,Sequential LSTM,MAP,t-Distribution
-0.27385604,-0.03792645,-1.7395815,-0.033664536,-0.59637606,-0.19883512,-3.5420977e-5,-0.044083666,1.4583865,1.3718982,0.18196411,-0.4446656,2.4790666,1.1377091,-0.46663725,-0.04162263,-0.29669508,-0.12293964,-0.06412741,-1.0036954,0.4833672,-0.13768888,0.38204703,-0.033552572,-0.19443151,-1.2020537,-0.0034287686,0.21865395,0.2228043,35,Sequential LSTM,MAP,t-Distribution
-0.2148484,-0.025465962,-1.644302,-0.0272631,-0.50031066,-0.23023483,0.021970183,-0.15740332,1.6220181,1.0446918,-0.019547535,-0.5066376,2.4622667,1.4591627,-0.58245796,-0.012982805,-0.30658385,-0.053662598,-0.014982859,-0.7982366,0.6178129,-0.16841877,0.41557714,0.051131114,-0.32238606,-1.3315339,0.00941871,0.21469565,-0.0014860717,36,Sequential LSTM,MAP,t-Distribution
-0.23031205,-0.029006725,-1.6345154,-0.03969741,-0.49259183,-0.12727903,0.0062972396,-0.046587408,1.2923821,1.3527333,-0.0431472,-0.94836944,2.4332347,1.3909502,-0.64649475,0.011778618,-0.14413163,0.027693085,0.10390062,-1.0406023,0.45447734,-0.14476746,0.81217253,0.019814115,-0.32667387,-1.1369659,-0.0032062565,0.18232453,-0.053409748,37,Sequential LSTM,MAP,t-Distribution
-0.2248,-0.029866342,-1.5243816,-0.032604184,-0.48696423,-0.06394742,0.010420307,-0.018527187,1.1703962,1.4833214,-0.12379144,-0.78225493,2.3181555,1.1269411,-0.57628196,0.0034776062,-0.28580528,0.033373185,0.05476808,-1.1971941,0.38631082,-0.099490635,0.65516543,0.0021235005,-0.284696,-0.99004495,-0.031127097,0.13699667,0.3703275,38,Sequential LSTM,MAP,t-Distribution
-0.23931545,-0.03245867,-1.5502452,-0.037656583,-0.50665593,-0.07172204,0.008119734,0.020124493,1.1052542,1.5278865,-0.10109332,-0.706893,2.3341398,0.9474346,-0.4963681,-0.00038742868,-0.29716256,-0.020060778,0.06766332,-1.2300924,0.42397305,-0.12534559,0.5540311,0.0042481776,-0.19278882,-0.87296766,-0.030670853,0.08839843,0.43061104,39,Sequential LSTM,MAP,t-Distribution
-0.18216325,-0.02215002,-1.5481063,-0.05218319,-0.49186054,0.07910098,0.036829654,-0.06267976,1.1579578,1.3422774,-0.09279505,-0.8366282,2.331186,1.2306904,-0.6773792,-0.01171448,-0.5888148,-0.008498276,0.13523488,-1.0623394,0.43201545,-0.26681915,0.64474463,-0.009469969,-0.33382723,-0.5525067,-0.14082554,0.074827835,0.475896,40,Sequential LSTM,MAP,t-Distribution
-0.20071684,-0.028166514,-1.5607268,-0.049117032,-0.56174207,-0.035513464,0.031155543,-0.11782445,1.3206307,1.3028504,-0.10320106,-0.83138293,2.4298756,0.9492428,-0.47026622,-0.020983113,-0.57178354,-0.052433297,0.16816404,-1.0026604,0.3810259,-0.24081807,0.6410852,-0.004619022,-0.25039458,-0.7217608,-0.10619387,0.10997383,0.5962999,41,Sequential LSTM,MAP,t-Distribution
-0.20294783,-0.0016205799,-1.7776378,-0.024487754,-0.5437823,-0.09959952,0.021371484,-0.1607378,0.89189774,1.2451378,-0.15460154,-0.78714037,2.7937207,0.94822276,-0.4434075,-0.01305628,-0.55826026,-0.12924457,0.124527544,-0.98397774,0.3631326,-0.20765956,0.6094706,0.02391044,-0.13939811,-0.32701325,-0.104065955,0.05933865,0.57790864,42,Sequential LSTM,MAP,t-Distribution
-0.17646474,-0.0009657726,-1.6004916,-0.023897532,-0.53955424,-0.10210531,0.018160325,-0.16290398,1.2040304,1.405309,-0.068579,-0.69220394,2.4068475,1.0035905,-0.48385116,-0.030525768,-0.5909118,0.008449188,0.09711975,-1.175696,0.4673999,-0.23937047,0.52221507,-0.024270233,-0.14331117,-0.61729705,-0.123196304,0.06745951,0.5950149,43,Sequential LSTM,MAP,t-Distribution
-0.20416495,-0.023050366,-1.8745311,-1.3935287e-5,-0.4996283,0.117994286,-0.0161254,-0.028899688,0.5458538,1.493612,0.2585741,-0.6471718,2.5657363,1.2405151,-0.6321773,-0.062223513,-0.48492947,-0.250571,0.12319025,-1.1199586,0.3114679,-0.08042462,0.46341634,-0.15644047,-0.0024198666,-0.075371556,-0.181819,0.0073885247,0.21217233,44,Sequential LSTM,MAP,t-Distribution
-0.19424585,-0.0064342455,-1.6737883,0.026326379,-0.4814002,-0.030745797,0.020477435,-0.13864574,0.7582911,1.6516858,0.19288376,-0.7922704,2.2594106,1.7410834,-0.9165782,-0.08352226,-0.32557267,0.24854542,0.17865673,-1.3557581,0.22376102,-0.12828842,0.5334474,-0.14188717,-0.119686715,-0.5907529,-0.13889499,0.10037938,0.18352354,45,Sequential LSTM,MAP,t-Distribution
-0.1785697,0.0015723116,-1.6425934,0.047818378,-0.43262723,0.13505563,-0.0064757518,-0.10255717,0.43427923,1.4501629,0.14653687,-0.66514224,2.2714756,1.7291139,-1.009876,-0.05622025,-0.33327964,0.43317825,0.03739403,-1.1457455,0.16110995,-0.17177007,0.41940463,-0.23942536,-0.14853702,-0.38582623,-0.21116589,0.038911276,0.42379853,46,Sequential LSTM,MAP,t-Distribution
-0.16470748,0.0020782878,-1.5945925,0.013992551,-0.5198264,0.07592336,-0.043216508,-0.056263678,1.109254,1.5157201,0.09182097,-1.0805019,2.2202,1.6573155,-0.8523696,-0.065761484,-0.37411818,0.04000551,0.13603361,-1.082008,0.15577377,-0.21248613,0.86139035,-0.14044732,-0.030974679,-0.82370055,-0.10178905,0.0865519,0.17670341,47,Sequential LSTM,MAP,t-Distribution
-0.18396324,-0.014571492,-1.74822,0.009163318,-0.47500086,0.053171746,-0.06602158,0.048816524,0.6483768,1.3338917,0.16089757,-0.97129,2.4298897,1.4472072,-0.73503566,-0.05068752,-0.28969908,0.06326057,0.09082275,-0.9887778,0.24590586,-0.27915576,0.76591325,-0.1887415,0.007015619,-0.5452299,-0.123036444,0.031382058,0.3237162,48,Sequential LSTM,MAP,t-Distribution
-0.28278348,0.0007554544,-1.8349928,-0.06584836,-0.55667573,-0.051207595,-0.061201356,0.1282816,1.1089795,1.1832211,0.22842152,-0.74330705,2.5311909,1.7807996,-0.71872455,-0.05293695,-0.45870033,-1.1065023,-0.12574653,-0.63547665,0.52690583,-0.037153322,0.7906688,0.020096485,0.063652605,-0.50400287,0.02587163,-0.036815584,-0.11676969,49,Sequential LSTM,MAP,t-Distribution
-0.2922259,0.0602198,-2.0059323,-0.07750014,-0.5647141,-0.008011169,-0.012687566,-0.0137142055,1.0411673,1.5716863,0.2770104,-1.0246744,2.6971478,1.4314386,-0.59446347,-0.029399836,-0.17811397,-1.0799466,-0.048334625,-0.9439283,0.53542125,-0.19411701,1.0901564,0.024042217,0.051226623,-0.6671011,0.00036268798,0.017043011,-0.06205752,50,Sequential LSTM,MAP,t-Distribution
-0.25069934,0.007963783,-1.7034749,-0.08508655,-0.49809805,-0.008025642,-0.0184091,0.0019378947,1.2314245,1.4798194,-0.053228937,-0.89491695,2.508306,1.2117301,-0.5479236,-0.006930255,-0.16391553,-0.6180973,-0.0598415,-1.0554909,0.54501855,-0.31142837,0.96421915,0.071281284,-0.03263735,-0.93376833,-0.05722728,0.069542244,0.20795673,51,Sequential LSTM,MAP,t-Distribution
-0.18737845,0.016884657,-1.3784971,-0.10138699,-0.4010791,0.027479742,0.005636433,-0.07189776,1.8319173,1.5021333,0.08529545,-0.6639715,1.8173176,1.4014581,-0.9632069,-0.016418913,-0.034851614,-0.27811202,-0.12027002,-1.199571,0.51867044,-0.345141,0.66573256,-0.073443405,-0.08681097,-1.8325523,-0.1099322,0.2047584,0.7872373,52,Sequential LSTM,MAP,t-Distribution
-0.22155657,0.030422248,-1.5480698,-0.090729676,-0.52566564,-0.0799704,0.010768054,-0.114454016,1.8160675,1.5211618,0.022737619,-0.6325634,2.1964338,0.962485,-0.71693355,0.006140858,-0.1599806,-0.81028706,-0.05326522,-1.174283,0.5435671,-0.20714048,0.6564656,0.043985765,0.0622872,-1.5473424,-0.011645588,0.2295847,0.7917805,53,Sequential LSTM,MAP,t-Distribution
-0.24715745,0.032982532,-1.4371324,-0.0556699,-0.41935843,0.072180234,0.034719743,-0.1671535,1.9247615,1.5446402,0.042942356,-0.5650002,1.9254686,1.0621285,-0.83320284,-0.013618347,-0.28832698,-0.41268596,-0.09600331,-1.3056927,0.52209276,-0.34871903,0.5266175,-0.08009309,0.1501667,-1.72349,-0.08592484,0.2196353,1.020893,54,Sequential LSTM,MAP,t-Distribution
-0.29101488,0.15334557,-2.0296023,-0.03636601,-0.65671086,-0.096604355,0.03155913,-0.40844613,1.4935427,1.4596487,0.012565043,0.058581572,3.0461318,-0.3385938,-0.16006449,0.038232286,-0.4897851,-0.2801369,-0.07715271,-1.2985306,0.58827156,-0.1921464,-0.060061,0.007129223,0.1486546,-1.1152707,0.0332663,0.14327087,1.3162869,55,Sequential LSTM,MAP,t-Distribution
-0.2940423,0.168723,-1.8837799,-0.037579123,-0.80372703,-0.14636022,0.06564971,-0.47704843,2.081771,1.2830865,-0.37288716,-0.08902603,3.2271976,-0.55682206,-0.03939122,0.016648082,-0.62925553,-0.016674714,-0.07812562,-1.252156,0.36089504,-0.16323,-0.021690855,0.056395065,0.05569741,-1.6533991,0.06018924,0.16888152,1.9700613,56,Sequential LSTM,MAP,t-Distribution
-0.2842404,0.11206154,-1.9578092,-0.04212027,-0.7250077,-0.26287997,0.023340855,-0.34486085,1.8817035,1.4836987,-0.038475193,0.28222868,2.8904574,-0.40731093,-0.038439605,-0.015289872,-0.7627114,0.24007325,-0.13419622,-1.3367336,0.39849353,-0.10732803,-0.36082911,-0.033773243,0.10011033,-1.3477317,0.10372,0.14047417,1.5433751,57,Sequential LSTM,MAP,t-Distribution
-0.156147,0.08325897,-1.5369936,-0.019223271,-0.43421155,-0.21835212,0.026601922,-0.2528042,1.7754341,1.5509524,-0.23321736,0.26622358,2.062735,-0.1528896,-0.20020103,-0.072282314,-1.0671356,0.95860994,-0.14731061,-1.6591979,0.4581559,-0.24352379,-0.5039975,-0.119955294,-0.10886594,-1.3778853,-0.025567645,0.06041932,2.2873702,58,Sequential LSTM,MAP,t-Distribution
-0.20869458,0.0970449,-1.6142122,0.0022425095,-0.581119,-0.19684602,0.07255763,-0.39427796,1.6478204,1.3846581,-0.35371605,0.1201211,2.5785549,-0.112988256,-0.15639727,-0.036763813,-0.8093616,0.53442657,-0.093680896,-1.4676433,0.34409192,-0.1627186,-0.3378338,-0.032555092,-0.12633479,-1.3384961,-0.00072438247,0.06682437,2.176021,59,Sequential LSTM,MAP,t-Distribution
-0.17588225,0.05285512,-1.576762,-0.0032845992,-0.51524365,-0.26399174,0.054825377,-0.32916337,1.7068802,1.1680176,-0.37465414,0.028078046,2.5307817,0.3174551,-0.29059616,-0.006107722,-0.8973448,0.59543544,-0.090836525,-1.2958353,0.43395928,-0.19464216,-0.3034851,-0.03084148,-0.1660634,-1.3316898,0.036178358,0.06747962,1.8544781,60,Sequential LSTM,MAP,t-Distribution
-0.23893681,0.009023739,-1.6963265,-0.0076252883,-0.6279169,-0.24588889,0.059690982,-0.28703406,1.4496222,1.0863512,-0.3466741,0.15495712,2.904069,0.13263117,-0.09957129,-0.011925063,-0.6147156,0.4825398,-0.08290681,-1.0272585,0.33333957,-0.103775,-0.33030444,0.02927669,-0.080554366,-1.101041,0.086193405,0.08259134,1.0921685,61,Sequential LSTM,MAP,t-Distribution
-0.25841877,0.00085780927,-1.6981825,0.023298455,-0.5295098,-0.19726174,0.055328075,-0.20734565,0.8947463,1.8516561,-0.14709498,0.6312923,2.4767594,0.26392832,-0.0404381,-0.036578253,-0.8814963,0.5063799,-0.20076033,-1.5221009,0.37983248,0.075440474,-0.6917005,-0.019255133,-0.035767272,-0.27346313,0.067639954,-0.081466176,0.5936797,62,Sequential LSTM,MAP,t-Distribution
-0.22400516,0.013077173,-1.647779,0.019107558,-0.47803733,-0.27987635,0.05592527,-0.21380581,0.9956162,1.954847,-0.045219585,0.49261943,2.2272089,0.6585916,-0.17435497,-0.050190866,-0.93156046,0.13327166,-0.15993609,-1.6149338,0.56432205,0.07540465,-0.55474085,0.008514081,-0.07948774,-0.25488836,0.08006092,-0.08587349,0.5161233,63,Sequential LSTM,MAP,t-Distribution
-0.24030425,0.034267865,-1.6614652,0.018537952,-0.5411492,-0.08435101,0.052971408,-0.21761306,1.3661234,1.426856,-0.15207864,0.18825124,2.4637058,1.0474601,-0.3540141,-0.08832521,-1.0753611,0.1910433,-0.10303448,-1.1656908,0.42225412,0.051340986,-0.29789716,0.0430584,-0.21010289,-0.3603075,0.024571301,-0.1081923,0.32944486,64,Sequential LSTM,MAP,t-Distribution
-0.058531318,0.014742859,-1.261395,-0.080044195,-0.38736916,0.101139896,0.02328369,-0.09083423,1.1383889,2.214597,0.031014564,-0.37003848,1.3875016,1.7435286,-0.75727797,-0.07447379,-0.45198756,0.28938636,0.00067526475,-1.8378743,0.5242963,-0.13267276,0.21918681,-0.107575655,-0.20314361,-0.96934485,-0.1839971,0.041966073,0.23685187,65,Sequential LSTM,MAP,t-Distribution
-0.08404867,-0.009464339,-1.1772746,-0.029404964,-0.21574263,0.07161172,0.012797795,-0.010002918,0.6764214,2.5653546,0.14080083,-0.21208932,1.008258,1.83398,-0.90571713,-0.094312586,-0.67018247,0.34137377,-0.020799845,-2.19704,0.6096842,-0.15267152,0.04758151,-0.19653054,-0.12650307,-0.5398136,-0.2623761,0.009883622,0.5862268,66,Sequential LSTM,MAP,t-Distribution
-0.10511369,0.005032068,-1.1345154,-0.053037453,-0.31763414,0.08632512,0.036661208,-0.075962186,1.1464257,2.295882,-0.014829916,-0.29731715,1.2026777,1.8454885,-0.9285266,-0.06649068,-0.5282723,0.17536367,-0.00980133,-1.90452,0.5166456,-0.17012809,0.14658159,-0.09053863,-0.029131964,-0.89775145,-0.22581835,0.07694566,0.3153605,67,Sequential LSTM,MAP,t-Distribution
-0.11811614,0.14011177,-1.294938,-0.0607168,-0.36888367,0.3332537,0.09906265,-0.29068413,1.8741621,2.3066218,0.19517484,0.10818512,1.1475987,1.8445508,-1.0332146,0.02434565,-0.61611724,0.3059178,-0.14051586,-1.7885034,0.3901611,-0.05878437,-0.17887624,-0.29362106,-0.15847856,-1.514418,-0.30533543,0.2513612,0.20069641,68,Sequential LSTM,MAP,t-Distribution
-0.12099752,0.0108653065,-1.3497152,-0.12326867,-0.37327567,0.56702065,0.043808203,0.0662636,1.4862983,1.8189745,0.172738,0.07855336,1.4352927,1.5410447,-0.80927604,-0.031927444,-0.8314897,0.28009742,-0.16179974,-1.3793367,0.22071366,-0.033686113,-0.17058386,-0.3378001,-0.14788465,-1.0453732,-0.26290846,0.03699929,0.4206532,69,Sequential LSTM,MAP,t-Distribution
-0.12520011,-0.015542592,-1.4505401,-0.08376821,-0.38517874,0.35231683,0.02981048,-0.024102427,1.4538147,1.6560434,0.29308802,0.55085397,1.5679797,0.88755995,-0.51958,-0.060578387,-0.71458507,0.54833734,-0.19671594,-1.3150083,0.27800208,0.071158476,-0.6040252,-0.3381361,-0.1565109,-1.212275,-0.17262584,0.030695409,0.6547126,70,Sequential LSTM,MAP,t-Distribution
-0.1764903,-0.0067632794,-1.7733792,-0.073051386,-0.48432326,0.34252793,0.025976807,-0.055247433,1.4063793,2.0450428,0.23371872,0.95449257,2.0064404,0.39611056,-0.19142824,-0.037734855,-0.7760784,-0.099846594,-0.24112582,-1.3625559,0.4079273,0.1530348,-0.79354596,-0.15711519,0.19999942,-0.69891924,-0.12571722,-0.027623462,-0.09070507,71,Sequential LSTM,MAP,t-Distribution
-0.23859309,-0.0017949998,-1.8113382,-0.026203813,-0.53613,0.17832406,0.020354625,-0.032062255,1.0391262,1.8433758,0.023245677,0.739469,2.4125023,0.25140703,-0.055760905,-0.050217748,-0.820472,0.019882675,-0.22374369,-1.2882937,0.3557328,0.15090601,-0.65365875,-0.069665544,0.19057554,-0.33574134,-0.07620134,-0.06779044,0.06276619,72,Sequential LSTM,MAP,t-Distribution
-0.22909717,-0.011167825,-1.7270396,-0.035984732,-0.5036608,0.02415553,0.041146796,-0.07320611,1.2544434,1.819174,-0.073391266,0.826177,2.3112645,0.5093155,-0.15095295,-0.06366785,-0.9789169,0.23289765,-0.26567143,-1.3363827,0.4405439,0.084096946,-0.75562096,-0.031501833,0.14318487,-0.4989446,-0.068848334,-0.08563398,0.20328902,73,Sequential LSTM,MAP,t-Distribution
-0.27163622,0.010397029,-1.818297,-0.033678405,-0.5340119,0.076783225,0.04120652,-0.15774883,1.0050066,1.8816338,0.092663705,0.44893518,2.4705997,0.3876517,-0.067323945,-0.07261144,-0.611869,0.06884754,-0.14533979,-1.4158424,0.3300986,0.038683068,-0.41734263,-0.102002166,0.07985765,-0.54484695,-0.07727316,-0.0147798825,0.35223952,74,Sequential LSTM,MAP,t-Distribution
-0.30797583,-0.04198593,-1.8630664,-0.024568677,-0.49371943,0.032111958,-0.0003169651,-0.024905274,0.18046604,1.8753831,0.2972618,0.58685166,2.4686263,1.0583608,-0.29214013,-0.100263245,-0.59648967,-0.06242197,-0.15285769,-1.2549419,0.38459083,0.08197542,-0.5174631,-0.07330467,0.09283581,0.468626,-0.03821512,-0.08235591,-0.6000977,75,Sequential LSTM,MAP,t-Distribution
-0.22532281,-0.024442589,-1.6155447,-0.0319588,-0.46784574,0.0543668,0.02633152,-0.09028686,0.56123966,1.6468993,0.18593207,0.58669496,2.165793,1.3843892,-0.46594465,-0.1230292,-0.81002426,0.18465132,-0.20073035,-1.18449,0.37885776,0.038192634,-0.57951003,-0.10052546,-0.015738776,0.19580707,-0.07086548,-0.08172934,-0.3211663,76,Sequential LSTM,MAP,t-Distribution
-0.25578836,-0.04041955,-1.8327498,-0.012542602,-0.3469211,-0.11042377,0.0040058275,0.0550696,-0.25895938,1.5648924,0.31252387,0.57786846,2.2965705,1.5296952,-0.7111251,-0.10835081,-1.1859704,0.7700786,-0.35183632,-1.2942288,0.23988822,-0.006668034,-0.6970349,-0.30570272,0.01069168,1.0416859,-0.081957586,-0.23391806,0.43162686,77,Sequential LSTM,MAP,t-Distribution
-0.30705822,0.012672517,-1.9902438,-0.023327611,-0.61938393,-0.18122464,0.03257928,-0.10152845,0.5881408,1.3580106,0.10754014,0.24926388,2.9833403,1.0763099,-0.41642007,-0.10023913,-0.6684638,-0.12998958,-0.2021429,-0.9935032,0.2953251,0.07874304,-0.28118834,0.011816334,0.14199683,0.10976352,0.024958014,-0.076054245,0.02030766,78,Sequential LSTM,MAP,t-Distribution
-0.26412073,0.020599907,-1.9451619,0.0007989828,-0.5479204,-0.267106,0.07077756,-0.24223465,0.678277,1.1171646,0.080994055,0.46362436,2.8619254,1.3015664,-0.6810537,-0.10006304,-0.7183682,0.4997681,-0.3180309,-1.004974,0.35687712,-0.03894627,-0.5601581,-0.09282093,-0.036070935,-0.19777219,-0.031624403,0.008026219,0.5860268,79,Sequential LSTM,MAP,t-Distribution
-0.2797251,0.021137916,-1.829168,0.023859482,-0.65585893,-0.10648034,0.056331262,-0.23917735,1.0443835,1.3719505,-0.15288736,0.30322912,2.9261115,0.9932835,-0.5633999,-0.10561869,-0.33474028,0.005692892,-0.24000525,-1.182444,0.22876866,0.046516225,-0.36282286,0.044167902,0.06363478,-0.7767607,0.011677071,0.09249546,0.595849,80,Sequential LSTM,MAP,t-Distribution
-0.21322739,0.013132494,-1.7814205,0.019437252,-0.53854626,-0.13456571,0.021004368,-0.15578388,0.6695084,1.1963251,-0.19023259,0.28153995,2.757843,1.0324789,-0.6097312,-0.0989401,-0.53292066,0.34285015,-0.22990648,-1.1009463,0.2120193,-0.07248763,-0.4784808,-0.023239885,-0.0011793721,-0.30189836,-0.018626312,0.07123989,0.8647547,81,Sequential LSTM,MAP,t-Distribution
-0.28273156,0.050607353,-1.8494403,0.027593408,-0.6997589,-0.027696138,0.04775354,-0.32380307,0.9546763,0.6191417,-0.23058021,0.09342294,3.292848,1.0323386,-0.56147635,-0.074423455,-0.17188142,0.49171177,-0.17231083,-0.7017626,0.22905156,-0.14675473,-0.33402243,-0.026290348,-0.021214629,-0.8970015,-0.045185428,0.07640839,0.6507804,82,Sequential LSTM,MAP,t-Distribution
-0.27327818,0.054869965,-1.9797132,0.023515075,-0.69601125,-0.05624189,0.04011972,-0.30261222,0.77054626,0.88447005,-0.2586508,0.0346719,3.4376767,0.8861487,-0.48740703,-0.043347,-0.2246465,0.22391348,-0.13039035,-0.83894867,0.22222403,-0.08601893,-0.23858336,0.009333125,-0.04749044,-0.6438749,-0.029079609,0.048055794,0.7007495,83,Sequential LSTM,MAP,t-Distribution
-0.24481931,0.06390283,-1.8170867,0.0040900363,-0.58864653,-0.089483336,0.045693472,-0.32829094,0.93051714,0.9201338,-0.22771187,0.193362,3.077578,0.87177277,-0.45771095,-0.06293852,-0.4011781,0.47966906,-0.2370807,-0.7725228,0.23048802,0.0036144212,-0.3398164,-0.0077761207,-0.0896764,-0.8211599,-0.03916414,0.014432451,0.6898086,84,Sequential LSTM,MAP,t-Distribution
-0.25118923,0.033663437,-1.7221746,-0.046375293,-0.5189952,-0.103853956,0.08406806,-0.31437802,0.806051,1.5956454,0.0058660014,-0.19966424,2.7293932,0.52745557,-0.57008225,0.06667303,-0.44453123,0.5642636,-0.060897533,-1.4263933,0.12381236,0.0154934935,0.048325166,-0.19911525,-0.24508475,-0.6930608,-0.13457315,0.03541281,1.2942457,85,Sequential LSTM,MAP,t-Distribution
-0.22389777,0.024759408,-1.699245,-0.05580717,-0.46577916,0.26040363,0.046777427,-0.19287528,0.7500186,1.3694172,0.29779965,-0.4013638,2.4626637,1.0468373,-0.8528471,0.053148586,-0.51948225,-0.06441687,-0.099218816,-1.115991,0.20538114,0.016784433,0.29459178,-0.30743814,-0.21825428,-0.37231183,-0.26811126,0.006382311,1.0220743,86,Sequential LSTM,MAP,t-Distribution
-0.17319578,0.03323556,-1.4682641,-0.043681175,-0.37072456,0.17281277,0.03905404,-0.17741407,1.2857443,1.3639235,-0.014115034,-0.53567725,2.1120787,1.1172879,-0.950024,-0.0006798596,-0.17035583,-0.023151958,-0.1220392,-1.347608,0.38990134,-0.06432802,0.37632394,-0.19116564,-0.26414168,-1.4561648,-0.2762655,0.10202289,1.6566116,87,Sequential LSTM,MAP,t-Distribution
-0.20575677,0.008744635,-1.5040268,-0.0480825,-0.4554006,0.18154186,0.033856887,-0.121894136,1.4414649,1.295465,-0.021074088,-0.51105493,2.2365,1.3224841,-0.93986875,-0.0068362174,-0.20709887,-0.16611443,-0.11647388,-1.1865735,0.41632655,-0.11354938,0.38612214,-0.14402817,-0.19538198,-1.4387262,-0.2534362,0.108587176,1.2042842,88,Sequential LSTM,MAP,t-Distribution
-0.2608164,0.020264002,-1.7159345,-0.017264238,-0.5355486,-0.060088404,-0.00901394,-0.13296853,1.1523464,1.4900604,0.120475344,-0.45813975,2.515459,0.98828673,-0.63590896,0.01830534,-0.19839104,-0.65307516,-0.07336201,-1.227072,0.5301222,-0.029634498,0.40820715,-0.04968994,-0.08915562,-0.937084,-0.12247126,0.08452425,0.8775679,89,Sequential LSTM,MAP,t-Distribution
-0.2464703,-0.019991165,-1.4544078,-0.048359115,-0.51486564,0.13966988,-0.023566218,-0.07226787,1.3735145,1.4781971,-0.13295195,-0.5211861,2.2917976,1.1929332,-0.7764867,0.015632031,-0.25928047,-0.31323272,-0.046612076,-1.3136176,0.52462995,-0.09152696,0.45419243,-0.059047867,-0.03689755,-1.1898246,-0.19386238,0.11538307,0.72850525,90,Sequential LSTM,MAP,t-Distribution
-0.28903186,-0.015905429,-1.7668802,-0.019540457,-0.51948416,-0.14890972,-0.02864587,-0.0907659,0.91696036,1.7278346,0.08611027,-0.22165212,2.521443,1.0569508,-0.5849978,0.029012289,-0.30291957,-0.9582141,-0.091334224,-1.3060988,0.54767656,0.0067511033,0.2663882,0.03392942,0.31881094,-0.466006,0.00036293565,0.059503753,0.23865193,91,Sequential LSTM,MAP,t-Distribution
-0.3538523,-0.02767625,-2.1394413,-0.023026923,-0.6669768,-0.1457191,-0.039874367,-0.04743177,0.6418592,1.2109752,-0.14782476,-0.121798255,3.4711087,0.6422909,-0.32094133,0.019944917,-0.28242028,-0.48629916,-0.11797407,-0.96057475,0.41748574,-0.052056946,0.113997675,0.05666192,0.34088838,-0.340278,0.0106224,-0.00034693684,0.3486782,92,Sequential LSTM,MAP,t-Distribution
-0.38201746,-0.052055985,-2.123299,-0.026005084,-0.8422799,-0.36827186,-0.026183652,-0.00874293,0.7631802,1.2473212,-0.28606617,0.027651384,3.6270347,0.6615143,-0.1982675,0.005245181,-0.4032247,-0.7489284,-0.16216743,-0.9834081,0.6002551,-0.02761433,-0.010781096,0.21871313,0.40235865,-0.36450878,0.108386874,-0.009226004,0.36138758,93,Sequential LSTM,MAP,t-Distribution
-0.24661475,-0.06402871,-1.7081667,-0.028342344,-0.4453954,-0.38434884,0.015033761,0.030838113,0.46755335,1.298042,-0.13616623,0.21185686,2.491593,1.5452476,-0.6994732,-0.0519153,-1.0044023,0.32685375,-0.24964578,-1.2641853,0.55600476,-0.18100399,-0.35232872,-0.042167734,0.09977983,0.07816337,-0.009440106,-0.12284939,0.8695085,94,Sequential LSTM,MAP,t-Distribution
-0.27978936,-0.023805013,-1.8361446,-0.019633694,-0.5384498,-0.43301368,0.018221322,-0.07008655,0.5923228,1.5835038,-0.07938538,0.26183853,2.7286649,0.79381865,-0.3466464,-0.040772136,-0.67777777,-0.051736742,-0.11719258,-1.3263421,0.42367786,-0.0065737297,-0.3465905,0.061588053,0.1535335,-0.09652918,0.111237444,-0.07337992,0.6354422,95,Sequential LSTM,MAP,t-Distribution
-0.25210994,-0.037086297,-1.6333573,-0.030851722,-0.50496125,-0.38599128,-0.010935559,0.06453466,0.74141,1.3206629,-0.2517361,0.23990233,2.5413592,0.9513568,-0.40930465,-0.056261335,-0.7887541,0.17400879,-0.11958381,-1.1266336,0.40855747,-0.05084724,-0.39040682,0.08560148,0.09672809,-0.20049615,0.09143153,-0.05932017,0.59308404,96,Sequential LSTM,MAP,t-Distribution
-0.34251696,-0.012879663,-2.043867,-0.016153852,-0.745883,-0.33816212,0.016411182,-0.032836888,0.45962283,1.2911108,-0.40513742,0.13484225,3.5505288,0.5846617,-0.21614732,-0.038705543,-0.47220668,-0.30750784,-0.079193145,-1.0383132,0.34669355,0.04492038,-0.2317344,0.20319416,0.09730396,-0.09888642,0.1105374,-0.056579612,0.63688433,97,Sequential LSTM,MAP,t-Distribution
-0.26223135,-0.015279891,-1.7780687,0.030738678,-0.55886054,-0.24082641,0.022876805,-0.15019181,0.70283455,1.4045559,-0.23609842,0.39028516,2.7896185,1.0610977,-0.61917216,-0.062719874,-0.57528436,0.4929512,-0.16278952,-1.3226336,0.26999742,-0.037072357,-0.5533832,-0.013085864,-0.0782706,-0.5033005,0.029436048,-0.042233735,1.0171107,98,Sequential LSTM,MAP,t-Distribution
-0.2096354,-0.012997058,-1.6373267,-0.004347903,-0.45890635,-0.35887155,0.0138012525,-0.17707041,1.4794451,1.388413,-0.18082495,0.37621558,2.3723202,1.1413404,-0.6123566,-0.07267649,-0.51133436,0.4204461,-0.17499417,-1.3224334,0.45898798,-0.060110744,-0.50076646,0.058934696,-0.05529983,-1.2314092,0.09854764,0.05544405,0.71746564,99,Sequential LSTM,MAP,t-Distribution
-0.18963291,-0.005272317,-1.5120112,-0.01830375,-0.45342442,-0.29377124,0.03502318,-0.25222486,1.8310937,1.4768122,-0.20037402,0.34767625,2.175662,1.1846371,-0.5876446,-0.09321918,-0.510166,0.26402012,-0.11440505,-1.3116939,0.557209,0.029510513,-0.42809558,0.12518017,-0.07271448,-1.4813073,0.07009008,0.0033918517,0.42395464,100,Sequential LSTM,MAP,t-Distribution
-0.25198054,-0.02248307,-1.4909406,-0.005503216,-0.582797,-0.23878774,0.052228384,-0.22235084,1.5129244,1.4440703,-0.108446814,0.19969974,2.2844768,0.9494889,-0.51240975,-0.07961823,-0.4233729,0.34379816,-0.05523828,-1.2579068,0.52828324,-0.050393403,-0.28900617,0.063313015,-0.11646979,-1.233279,0.04117887,0.036561098,0.48496124,101,Sequential LSTM,MAP,t-Distribution
-0.2727546,-0.0053402367,-1.6847999,-0.0044943746,-0.6032321,-0.2872112,0.060591582,-0.2577912,1.3795555,1.5350981,-0.08157677,0.14073175,2.5405397,0.7821433,-0.36823657,-0.06706622,-0.4181809,0.3481891,-0.050141487,-1.3122077,0.4812618,-0.018517278,-0.2208549,0.055546135,-0.10243939,-1.1135023,0.05905812,0.039183404,0.44644877,102,Sequential LSTM,MAP,t-Distribution
-0.27939036,0.016790722,-1.8132248,0.02272174,-0.59535027,-0.22048508,0.06491881,-0.29579934,1.2917842,1.3610063,-0.22588004,-0.28228495,2.877154,0.959338,-0.46690556,-0.062442575,-0.20532309,-0.020554358,0.042988326,-1.2839168,0.5297765,-0.15934862,0.12459312,0.09103093,-0.13506278,-1.2647709,0.017314505,0.090343334,0.8209788,103,Sequential LSTM,MAP,t-Distribution
-0.24875315,0.018385218,-1.7489053,0.026090484,-0.5257726,-0.063447796,0.0690397,-0.37227228,1.461437,1.2340447,-0.20022503,-0.44982526,2.713377,1.380722,-0.7657704,-0.055961248,0.0814493,-0.11631947,0.053964663,-1.1839585,0.47451615,-0.17782485,0.28851157,0.075762235,-0.11599777,-1.5041835,-0.013734465,0.18759039,0.47806123,104,Sequential LSTM,MAP,t-Distribution
-0.21079819,0.033179037,-1.6632488,0.0041495613,-0.4837259,-0.16214699,0.06970667,-0.3898251,1.9012891,1.0806316,-0.2160498,-0.7806307,2.5386891,1.4073466,-0.7615922,-0.03876984,-0.08626578,0.3148768,0.073656656,-1.128456,0.46146685,-0.14362332,0.58501834,0.04824371,-0.15204069,-1.8092699,-0.0087965755,0.27629972,0.24068598,105,Sequential LSTM,MAP,t-Distribution
-0.2847592,-0.0015584639,-1.768356,-0.0071401065,-0.570153,0.06840797,0.045045,-0.23394968,1.3875932,1.0865242,-0.15871759,-0.66189855,2.8921363,1.1872709,-0.7852022,-0.026563555,-0.2022943,0.049217302,0.021287888,-0.9565716,0.26188228,-0.046043243,0.5199969,-0.01313559,-0.01740388,-1.1454668,-0.11487706,0.2151967,0.25953227,106,Sequential LSTM,MAP,t-Distribution
-0.25965863,0.011631787,-1.7561452,0.011217904,-0.5899113,-0.0672364,0.055245407,-0.27181187,1.4710622,0.72994316,-0.11041346,-0.42862415,2.8729975,1.4043875,-0.9910936,0.015644014,-0.5207513,0.23410104,-0.026389243,-0.6372549,0.27768534,-0.09854288,0.26761094,-0.06000465,-0.06153903,-0.9945438,-0.110671654,0.1339609,0.4991043,107,Sequential LSTM,MAP,t-Distribution
-0.29056746,0.020786062,-2.154533,0.045601714,-0.7011764,-0.092609234,0.10020788,-0.38477194,0.54093754,1.2272967,-0.11650138,0.12425783,3.4564292,0.9140852,-0.8269793,0.00026630537,-0.0982631,0.30349308,-0.04194985,-1.1404411,0.02107262,0.07179759,-0.27153638,-0.093281455,-0.05275405,-0.6762133,0.03453646,0.15789767,0.92291206,108,Sequential LSTM,MAP,t-Distribution
-0.25877115,0.040554572,-1.9248552,0.053752292,-0.62352675,0.02438159,0.11401547,-0.43285584,0.70341784,1.2024367,-0.25081074,0.2330863,3.1580892,1.0844082,-0.879082,-0.023114879,-0.14300433,0.59188867,-0.10120909,-1.22875,0.08019019,0.017698562,-0.42635268,-0.10844706,-0.19773181,-0.91646504,-0.040806174,0.12190152,1.1299618,109,Sequential LSTM,MAP,t-Distribution
-0.2590178,0.032065015,-1.8043326,0.02876293,-0.673831,-0.073552534,0.119318165,-0.41430956,0.9588703,1.2443379,-0.36625382,0.4030092,3.0813043,1.0576459,-0.67740685,-0.030037332,-0.19467856,0.050482295,-0.10631345,-1.1317855,0.24757537,0.10868135,-0.4857308,0.096536584,-0.062337093,-0.8788288,0.044402525,0.10297198,0.582452,110,Sequential LSTM,MAP,t-Distribution
-0.27940226,-0.027312515,-1.854803,0.018662587,-0.67467755,-0.05780881,0.06161417,-0.17487186,0.53990126,1.2731944,-0.15192595,0.32289112,3.0420475,0.92239,-0.52334464,-0.05240053,-0.19919021,0.06574637,-0.099913865,-1.155015,0.24236913,0.091763,-0.4147073,-0.0074878708,-0.11368613,-0.46894118,0.052667957,0.038262535,0.5839785,111,Sequential LSTM,MAP,t-Distribution
-0.25982553,-0.016592612,-1.7183092,-0.078556105,-0.42967686,-0.29997975,0.0021705467,0.21533346,-0.00019360826,2.0377748,-0.06228718,0.42487416,2.3611295,1.4404212,-0.6890341,-0.10653832,-0.48214927,0.34210074,-0.19400798,-1.7851286,0.08624905,0.08842188,-0.6389575,-0.02828037,-0.15821286,0.054215234,0.13333426,-0.080428325,0.84213305,112,Sequential LSTM,MAP,t-Distribution
-0.38788733,-0.007960129,-2.3740098,0.0015917586,-0.5743722,-0.51016927,0.037551235,0.14547515,-0.5741596,1.4747759,-0.57002443,0.50176895,3.9244325,1.1970639,-0.50212973,-0.11149232,-0.44134703,0.99767786,-0.30911344,-1.6723504,0.09815007,0.05515476,-0.7958046,0.07719265,-0.2628741,0.22218326,0.12329213,-0.18979323,1.4271773,113,Sequential LSTM,MAP,t-Distribution
-0.30615965,-0.07322061,-1.8261511,-0.032029584,-0.40874612,-0.5995511,0.0149984965,0.18646854,-0.25638655,1.4332665,-0.17354232,0.8490674,2.7752533,0.95189035,-0.474467,-0.11019975,-0.48632303,1.4852142,-0.3386052,-1.708349,0.22960986,-0.0047881585,-1.124731,-0.09875707,-0.29783162,-0.13783595,0.10843429,-0.14502089,1.5684928,114,Sequential LSTM,MAP,t-Distribution
-0.33342588,-0.14057316,-2.2406154,-0.07436382,-0.5773176,-0.5876788,0.016800417,0.49663836,-0.87473273,1.2718339,-0.8700193,0.24346966,4.117044,0.9585109,-0.1834545,-0.11878551,-0.33593512,0.6536901,-0.19463912,-1.3568143,0.15780328,-0.022367958,-0.50964975,0.33905652,0.030624434,0.5490387,0.12975463,-0.2063224,0.66243035,115,Sequential LSTM,MAP,t-Distribution
-0.49966443,-0.089043275,-2.053198,-0.1903848,-0.087455325,-1.7519977,0.04633363,1.1222289,-0.72666705,3.947084,0.43156362,-0.095405504,1.544848,0.56572115,-0.5132925,0.10696478,-1.6555232,0.85351276,-0.21258588,-3.4861758,0.38340497,0.256201,-0.077473424,-0.22358687,0.56097776,1.5055863,-0.28851655,0.55614644,1.0703973,116,Sequential LSTM,MAP,t-Distribution
-0.10989653,-0.18852241,-0.58082235,-0.36455423,0.07659265,-0.90786326,-0.10745508,1.4267614,1.1867275,0.20218481,-0.4293728,-0.23678929,0.3870606,0.54995966,-0.2531489,-0.14696924,-1.4972543,0.9837039,-0.56627506,-0.35236675,1.4560932,-0.3431516,0.07788029,0.013718152,0.56070524,-0.41387394,-0.5661507,0.33316246,0.80991656,117,Sequential LSTM,MAP,t-Distribution
-0.36936715,-0.061356805,-2.2395086,-0.22318403,-0.46237928,-0.33672947,0.005385742,0.8910075,0.6871395,0.7690197,-0.6533359,-0.6806125,3.5011516,-0.30268067,0.29382557,-0.016170401,-0.9996728,-0.6271194,-0.003488208,-0.43518692,0.6982473,-0.024972085,0.61205155,0.34317648,0.3255174,0.43089712,-0.3112835,0.09594846,0.09367995,118,Sequential LSTM,MAP,t-Distribution
-0.051280305,-0.16642042,-1.0351648,-0.3740931,-0.09208858,0.1325994,-0.08033884,1.296942,0.5691316,0.16009077,-0.71147215,-0.142367,1.5726355,0.47342175,0.04224042,-0.1340757,-1.6035801,0.44787326,-0.64530903,-0.64475876,1.8788769,-0.08959718,0.19688177,0.12610058,-0.24000992,0.79911464,-1.2130054,0.12446382,0.40318906,119,Sequential LSTM,MAP,t-Distribution
-0.22841686,0.033520665,-2.038214,-0.15966004,-0.6585479,0.18434055,0.06687956,0.38394454,-0.23431975,1.4958925,-0.710919,-0.61937976,3.7154615,-0.23889086,0.13515438,-0.04045567,-0.5655155,-0.12190589,-0.112184666,-1.6775607,0.6302415,0.08201571,0.5379118,0.17363736,0.22207855,0.61833346,-0.5637476,-0.013691906,0.70399797,120,Sequential LSTM,MAP,t-Distribution
-0.2490847,0.16602688,-2.5656002,-0.13234329,-0.95672536,-0.31326377,0.21140444,-0.33725744,0.32481107,-0.14736423,-1.3456637,0.09966071,5.4119997,0.16570713,0.0763676,0.009947032,-0.08802894,-2.0345128,-0.4443202,0.077306345,0.68600994,0.19732332,-0.0062273527,0.92490435,0.8017808,0.5592304,-0.09296643,0.2065091,-0.20563065,121,Sequential LSTM,MAP,t-Distribution
-0.2034637,0.14556089,-2.308862,-0.09972502,-0.86981165,-0.36296785,0.19703014,-0.2806805,0.2115053,-0.13076037,-1.7633003,-0.68082464,5.440511,0.28052384,-0.115914196,0.037691966,0.007533708,-1.1391041,-0.3015006,-0.19744708,0.22583438,0.04575675,0.487766,0.8214102,0.42649066,-0.04110437,-0.035180323,0.12566029,1.0773715,122,Sequential LSTM,MAP,t-Distribution
0.073519066,-0.12442484,-0.6808997,-0.23506072,-0.13087653,0.16915944,-0.041708622,0.6401658,0.8823737,0.4344724,-1.2491069,-0.49673617,1.511741,1.5708472,-0.41658652,-0.1553477,-0.9793609,1.9725382,-0.75494343,-1.4140154,0.95933706,-0.25039077,0.25261185,0.006042199,-0.3285317,-1.0775213,-0.61165804,-0.0103245545,1.4846859,123,Sequential LSTM,MAP,t-Distribution
-0.2829744,-0.10857181,-2.1458247,-0.17707129,-0.6272519,0.42856464,-0.002398141,0.4980887,-0.55276036,0.34058994,-1.4945394,-0.958172,4.9140325,-0.52633625,-0.27275878,0.028736891,0.8277055,-0.2983848,-0.220551,-0.71565384,-0.053883642,-0.34408134,0.6925747,0.34944856,0.74444574,-0.6270679,-0.3306056,0.20867375,1.7060262,124,Sequential LSTM,MAP,t-Distribution
-0.39776835,0.04679575,-2.1136713,-0.010328848,-0.687178,-0.6800966,0.076535195,-0.165766,0.09372438,-0.76013076,-1.2786491,-1.133757,5.0799174,0.094297744,0.5070829,0.049696278,0.710142,-0.14614014,0.19065285,0.63601655,0.3384772,-0.038168985,1.0534011,1.137066,0.63146114,-0.19861002,0.25445026,0.27108786,-2.5605395,125,Sequential LSTM,MAP,t-Distribution
0.035289325,-0.39781612,0.0716993,-0.16861814,0.09906829,-0.33573797,-0.15198953,0.9750035,-0.36526078,0.22510305,-0.4530129,-1.6606071,0.08034849,0.90073717,-0.5706756,-0.04397633,0.16790089,0.38582623,0.026957532,-0.68906975,2.2010233,-0.80849355,1.6082845,0.19100635,0.28567654,0.11424481,-0.67971885,0.16986114,-0.2130538,126,Sequential LSTM,MAP,t-Distribution
-0.33397081,-0.23805168,-1.5534493,-0.117770955,-0.46813366,-0.98710775,-0.05514688,0.48393333,1.1996604,0.3431033,-1.8574739,-1.792266,3.5947776,0.13902305,0.6178251,0.046185814,-1.3565495,-1.5833734,0.29180458,0.32650703,0.12789562,0.24009772,1.8805804,1.4285994,0.56151426,0.73405457,0.3809346,0.16098109,-1.2141843,127,Sequential LSTM,MAP,t-Distribution
-0.13630112,-0.41361618,-0.3600703,-0.12462564,-0.051676836,-0.7954215,-0.09640146,0.74601257,0.31982335,0.3642071,-0.23351248,-0.72407895,0.6685588,0.9475654,-0.8825699,-0.020257365,-0.5319602,0.03295659,0.03986481,-0.27592042,1.3752065,-0.5807378,0.775452,0.2394827,-0.087979,0.47884583,-0.05125367,0.3183445,0.06006267,128,Sequential LSTM,MAP,t-Distribution
-0.3270156,-0.32336193,-0.7199247,-0.16617417,-0.08046159,-0.57434857,-0.13864335,0.771259,0.2447649,1.3208346,-0.20188841,-1.5696423,1.1297348,1.8931527,-1.2218204,-0.01007269,0.20234248,-1.0851473,0.4117777,-0.74207544,0.79695547,-0.31940004,1.461929,0.3881936,0.03984461,0.14526437,0.070883326,0.27484575,-0.6718058,129,Sequential LSTM,MAP,t-Distribution
-0.38893428,-0.21231084,-1.018908,-0.0071071796,-0.16160353,-0.5678299,-0.071323484,0.44183978,-0.66298056,0.77336484,-0.3167058,-1.6698947,1.8585453,3.322323,-1.731779,-0.050278597,0.54479986,-0.7039652,0.539548,-0.44085592,0.903102,-0.26603654,1.4350353,0.48449686,-0.48770005,0.85808665,-0.011026912,0.21406628,-1.6059675,130,Sequential LSTM,MAP,t-Distribution
-0.47797126,-0.17655128,-1.2485355,0.020780435,-0.27434498,-0.7961169,-0.12531643,0.6915903,-0.042440575,0.8389082,-0.51587445,-1.7723578,2.2955315,1.4345981,-0.66068524,-0.026452005,-0.07965735,-0.8959577,0.49738196,-0.5514417,0.88126814,0.021184327,1.6227419,0.46922958,-0.4557141,0.5682938,0.14879389,0.073786184,-0.46467108,131,Sequential LSTM,MAP,t-Distribution
-0.3420775,-0.2392261,-0.5453655,0.020267079,-0.069906816,-0.8155444,-0.17716081,0.63045436,0.7890225,1.4472381,-0.20641363,-1.0449488,0.56815785,0.887079,-0.43298846,-0.050808746,0.47968176,-2.4444928,0.25519234,-0.83762825,0.9489349,0.47603932,1.134494,0.5344128,0.07316409,-0.03273156,0.4817868,0.40706095,-0.8936925,132,Sequential LSTM,MAP,t-Distribution
-0.2748937,-0.2764161,-0.7209072,-0.094667524,-0.10490325,-0.95843405,-0.09740304,0.7505867,1.5031923,1.2880037,-0.34871796,-0.7121348,0.9340174,0.71529746,-0.17427424,-0.108823165,-0.65022445,-0.3550694,-0.16701543,-1.0057245,1.4023978,0.62505347,0.9660054,0.31942943,-0.7637748,-0.3381109,0.021953367,0.02785516,-0.40229756,133,Sequential LSTM,MAP,t-Distribution
-0.24097373,-0.19601059,-1.1232774,-0.04784662,-0.32977372,-0.81741977,-0.12329779,0.77469337,0.7236584,1.3846699,-0.91110015,-1.1192155,2.0747502,0.20790154,-0.00048071504,-0.050581597,0.47778264,-1.0798111,-0.21643065,-1.0697103,0.76925606,0.42528477,1.2852997,0.50680023,0.3290638,-0.48399884,0.2341333,0.24117374,-0.62453926,134,Sequential LSTM,MAP,t-Distribution
-0.31588703,-0.10813269,-0.83150756,-0.0018057453,-0.18550466,-0.9297265,-0.054858968,0.49176934,0.2627223,1.3059433,-0.103650436,0.21483493,1.3042276,1.3478887,-0.5208167,-0.047223233,-0.4461715,-0.46174887,-0.60400426,-0.77703434,1.6085827,0.76597625,-0.059419304,0.07957722,-0.44862315,0.22882047,-0.36586133,-0.08940607,-0.25896052,135,Sequential LSTM,MAP,t-Distribution
0.04275826,-0.18775962,-0.7666126,-0.30318385,0.03354827,-0.5501128,-0.2729959,1.1515706,1.2391708,2.152332,0.02181363,-0.36156124,0.25162047,0.20961058,-0.17497405,-0.12005335,-0.9328875,-0.4982732,-0.2504622,-1.6429771,1.0461055,0.492364,0.4908373,0.036601342,0.10239999,0.3489123,-0.5344637,0.26436785,-0.2876959,136,Sequential LSTM,MAP,t-Distribution
-0.23044987,-0.13810179,-0.6809062,-0.14596917,-0.10437277,-0.7658637,-0.1346603,0.72861344,0.57686704,2.2613475,0.25309065,0.1768566,0.2850772,0.21591611,-0.064746775,-0.029828353,-0.63577515,-1.6659929,-0.4098088,-1.2682079,1.5949149,0.48573703,0.19252276,0.07147357,0.5257396,0.9446614,-0.49594963,0.3740966,-0.9162812,137,Sequential LSTM,MAP,t-Distribution
-0.13950974,-0.13501161,-0.3567818,-0.28935203,0.15553631,-0.37021762,-0.19406426,1.0401202,1.4976591,3.52047,0.8870294,-0.0406892,-1.4303999,-0.269768,0.057131395,-0.06832028,-1.2071201,-1.8346388,-0.13583195,-2.5433514,1.4589956,0.8283236,0.28113967,-0.1816179,0.3022334,0.19786026,-0.3206117,0.2009066,0.08988081,138,Sequential LSTM,MAP,t-Distribution
-0.3294645,-0.04511489,-1.2880803,-0.38814363,-0.19812925,-0.3674755,-0.13960387,0.94543314,3.6437464,4.280384,0.34510222,-0.3113625,-0.07717677,-1.9555336,1.1784619,-0.07539672,-1.7896867,-3.8201528,0.07724822,-2.9086328,1.071175,1.1742762,0.6029918,0.15813622,0.3790065,-1.0426207,-0.08382216,0.48893172,1.475503,139,Sequential LSTM,MAP,t-Distribution
-0.32438248,-0.10143217,-1.0127075,-0.2005173,-0.11812977,0.2639214,-0.09500852,0.64400077,1.6433729,1.1688,0.8660188,0.01629181,0.56922865,0.8568848,-0.59993863,-0.11945311,-1.2709873,0.13092169,-0.29867217,-1.2680422,1.1437926,0.6440217,0.051784527,-0.5936814,-0.4790196,-0.46243283,-0.7655513,0.13845976,0.57245684,140,Sequential LSTM,MAP,t-Distribution
-0.31710076,-0.07195471,-1.839737,-0.34956473,-0.49408767,0.4721453,-0.12857175,0.96359754,1.1148837,0.80867237,-0.1955427,-0.48318356,2.8441567,0.41276747,-0.16059665,-0.31913963,-0.7090138,-0.35454342,-0.09925655,-1.0619094,0.30034453,0.6321603,0.47950926,0.044042595,-0.5437344,-0.12401512,-0.30828246,0.2744352,0.21351945,141,Sequential LSTM,MAP,t-Distribution
-0.2702245,-0.05831652,-1.2989595,-0.26377618,-0.22867598,-0.3812613,-0.08770769,0.74207467,0.55551267,0.6015086,-0.006901103,0.1838072,1.7528208,1.2888582,-0.2887106,-0.48164493,-0.32606673,0.23857732,-0.37440786,-0.8550834,0.6475547,0.3106669,-0.25256002,0.13495953,-0.13830863,-0.94537854,0.18185417,0.25188214,0.36790645,142,Sequential LSTM,MAP,t-Distribution
-0.30769664,0.05430196,-1.7897267,-0.22348101,-0.477393,-0.025691768,0.0058715753,0.24012186,1.0028797,0.3346589,-0.52498126,0.3908561,3.0425081,1.923703,-0.2684613,-0.36913118,-0.07273647,-1.1759613,-0.5079882,-0.5226639,1.0167539,-0.13785246,-0.36878043,0.49619535,0.15127547,-0.43851566,-0.08256463,0.2654817,-0.63098174,143,Sequential LSTM,MAP,t-Distribution
-0.17062673,-0.032423913,-0.86904275,-0.18487307,-0.2593229,0.1339465,-0.017352147,0.3969965,1.8775771,-0.6204659,-0.611718,0.54046434,1.600951,2.7174456,-0.8075009,-0.39977354,-0.2862797,-0.08336915,-0.7820872,0.48175144,0.8213043,-0.504316,-0.6391647,0.38658515,0.021115106,-1.5502768,-0.107789226,0.1337166,-0.18547098,144,Sequential LSTM,MAP,t-Distribution
-0.1787218,-0.05267638,-1.3930157,-0.13213071,-0.3531262,-0.38413593,-0.044460475,0.3881018,0.84442866,0.8483973,-0.39648262,-0.1966865,2.1820045,1.7076095,-0.25559124,-0.29099932,0.2514804,-0.64608204,-0.3100005,-0.8683431,0.7080695,-0.23080206,0.10347397,0.36888725,0.24304654,-0.84920144,0.21084666,0.17091006,-0.4448,145,Sequential LSTM,MAP,t-Distribution
-0.34389958,0.053707354,-2.3438125,-0.04664698,-0.88046366,-0.091213524,0.047312897,-0.36180755,1.1174049,0.076863095,-0.5057643,0.22914429,4.4588404,0.9115505,-0.22079375,-0.11959333,0.87890446,-1.4219618,-0.16035745,-0.0038806382,0.6398616,0.043576654,-0.09844925,0.5910276,0.31890383,-0.9768587,0.158776,0.29757318,-1.2479439,146,Sequential LSTM,MAP,t-Distribution
-0.34770057,-0.053356618,-2.32686,-0.10376285,-0.7174781,0.5732462,0.024679698,-0.08679604,0.2079954,2.04946,1.2789183,0.19324215,2.8075955,0.12256468,0.09128396,-0.16056198,0.84314364,-2.4250054,0.2656757,-1.2806424,0.8940732,0.29072842,0.21041638,-0.10911615,0.30771703,0.17454332,-0.01191398,0.27179137,-1.9838806,147,Sequential LSTM,MAP,t-Distribution
-0.47968364,-0.007607927,-3.4089396,-0.07784416,-1.0556221,0.41714558,-0.0119575085,-0.026991857,-0.038380466,1.6813568,0.5578292,0.42947486,4.9662504,0.022292484,-0.056201294,-0.041992076,1.0876789,-3.6088376,0.10631701,-0.40399545,0.20340937,0.49808058,-0.021584488,0.45912448,1.0908823,0.43320227,0.18061054,0.33698213,-2.2309988,148,Sequential LSTM,MAP,t-Distribution
-0.445069,-0.046369728,-2.9527884,-0.03229397,-0.8702132,0.24511369,-0.019423964,0.01034252,-0.13750297,2.6605875,1.281869,0.5126598,3.4807346,0.6573746,-0.37730458,-0.07037207,1.7545516,-3.3747418,0.112265356,-1.1047113,0.34565637,0.35507467,-0.07632418,0.101561986,0.7534866,-0.13450554,0.17893879,0.42294562,-2.231542,149,Sequential LSTM,MAP,t-Distribution
-0.31904653,-0.07264181,-2.04476,-0.112668686,-0.42697856,1.1377945,0.013355422,0.23635289,-0.15630226,2.3092687,1.1975113,0.7536897,2.1068816,0.8438704,-0.74466634,-0.07057354,1.260429,-0.653557,0.06777279,-1.6169027,0.34012055,-0.33639884,-0.66034603,-0.4128849,0.38691568,-0.7784845,-0.3513344,0.19741568,-1.0938323,150,Sequential LSTM,MAP,t-Distribution
-0.464339,-0.013070284,-2.9425373,-0.03923398,-0.68862605,0.30960143,0.055363998,0.014677894,-1.063431,1.6366068,0.49963078,0.26806855,4.344153,0.32105395,-0.24909042,0.044883657,0.81133914,-0.59042186,0.097033,-1.2711155,0.22688575,-0.23659848,-0.25937927,-0.099430054,0.35347506,0.4190873,-0.095529765,0.02999242,-0.4190495,151,Sequential LSTM,MAP,t-Distribution
-0.421394,-0.029880982,-2.4692292,-0.09693857,-0.78447706,0.19062975,0.018820269,0.13110852,-0.89797205,2.0082476,0.28159788,0.5627254,3.8263683,0.5031239,-0.17562637,0.016576279,0.4666354,-1.059242,0.03190873,-1.2390358,0.4377578,0.02053185,-0.37431997,0.19192885,0.54759276,1.0626756,-0.034327287,0.0066661853,-1.7224517,152,Sequential LSTM,MAP,t-Distribution
-0.25441515,-0.23284118,-1.9223546,-0.11990692,-0.2902684,-0.3846433,-0.08822911,0.6112675,-0.63894415,3.7513273,1.0917085,0.9135285,1.4204769,0.794319,-0.10087649,-0.15503559,-0.17459366,-0.20861459,-0.13121092,-2.911352,0.882064,0.101786785,-0.7038078,-0.14478202,0.4006015,0.81920207,-0.022483114,0.046346396,-1.3482699,153,Sequential LSTM,MAP,t-Distribution
-0.32932666,-0.08846549,-2.0636013,-0.058665656,-0.5235651,-0.10846064,-0.009255829,0.15785645,-0.40172717,2.5040462,0.3046425,0.5784611,2.813681,0.41522747,0.099534236,-0.02606089,0.08008997,-0.4265757,-0.06364692,-1.8719311,0.6727764,0.041019253,-0.4825014,0.08445544,0.4288651,0.44540402,-0.05707648,-0.025946122,-1.0892528,154,Sequential LSTM,MAP,t-Distribution
-0.39155942,0.033686478,-2.0296412,0.024127169,-0.65328574,-0.25772864,0.05642464,-0.12401279,-0.3699858,2.06786,-0.08665789,0.13915984,3.3607275,0.82737476,-0.05861995,0.011789835,0.27374232,0.19878627,-0.101542234,-1.7525629,0.72919226,-0.11643774,-0.16126907,0.16443993,0.27366027,0.019660633,-0.054037806,-0.035308372,-0.9879823,155,Sequential LSTM,MAP,t-Distribution
-0.3413915,-0.06247949,-1.7807277,-0.021478824,-0.48475885,-0.40430734,-0.004166624,0.19683994,0.025677485,1.8780495,-0.3396176,-0.033378914,2.841451,0.7616076,-0.22175576,-0.010045045,0.5740101,0.14251675,-0.14216991,-1.7895597,0.8395663,-0.26627246,0.010682426,0.24923432,0.3290161,-0.6740626,0.055574164,0.07189835,-0.39995146,156,Sequential LSTM,MAP,t-Distribution
-0.30126303,-0.074179746,-1.8425686,-0.036498703,-0.55892783,-0.5333831,-0.011708598,0.14759932,0.7619491,1.5199758,-0.36307395,-0.066462375,2.9113812,1.0521518,-0.41253844,0.03849687,0.796248,-0.57903606,-0.12373863,-1.0788022,0.8396718,-0.2852869,0.072686896,0.4557531,0.35392004,-1.1273241,0.17337875,0.2469598,-0.9753802,157,Sequential LSTM,MAP,t-Distribution
-0.29687715,-0.02865486,-1.7299976,-0.008744844,-0.39814916,-0.2692634,0.07334987,-0.066865966,0.5068931,0.9989316,-0.30394927,-0.892339,2.650189,1.7197038,-0.88417476,0.0049614045,0.73337114,1.242404,-0.113783084,-1.5439692,0.9690283,-0.6111043,0.74148166,0.022111455,-0.21411183,-1.406579,-0.1960342,0.37911135,-0.07693914,158,Sequential LSTM,MAP,t-Distribution
-0.3096756,-0.029545898,-2.0535095,-0.036066238,-0.6203511,-0.10511036,0.0004215882,0.04012874,0.50227773,0.8933187,-0.29655373,-0.81087613,3.4996047,0.6708113,-0.3569673,0.034470193,0.43231285,0.43247643,-0.019444462,-1.011708,0.5397377,-0.22046155,0.71038616,0.07441565,-0.06978148,-0.80587214,-0.1512357,0.26768863,-0.20089135,159,Sequential LSTM,MAP,t-Distribution
-0.38862866,0.008044663,-2.3187108,-0.028174853,-0.9181579,-0.33750963,0.056717828,-0.3365045,1.2662605,0.097986564,-0.9781768,-0.2952988,4.798915,1.1162428,-0.55435425,0.08772708,0.3491412,0.11146544,-0.038224407,-0.16496103,0.64046234,-0.1333809,0.34753427,0.6211372,0.037196282,-0.9491211,-0.089522004,0.4396282,-1.4477338,160,Sequential LSTM,MAP,t-Distribution
-0.35259435,0.016131384,-1.7136586,-0.02673812,-0.7330451,-0.14910576,0.03380585,-0.27820778,1.856108,0.7335297,-0.5029249,-0.29732493,3.2450364,1.7383134,-1.2802879,0.08233516,-0.085024975,0.7179544,-0.15112296,-0.8991303,0.75738704,-0.2132652,0.2141096,0.14080018,-0.013483338,-1.6263365,-0.34037685,0.48564634,-0.3585299,161,Sequential LSTM,MAP,t-Distribution
-0.30672228,-0.00010898632,-1.63069,0.007893359,-0.43307847,-0.030626513,0.0056639942,-0.13955164,0.94496256,0.967811,-0.32363912,-0.22331917,2.7699428,1.6355772,-1.2546059,0.0679238,-0.15856951,0.4178519,-0.14204443,-1.1513817,0.8690654,-0.2124728,0.12736502,0.024036525,-0.1044597,-0.8721609,-0.45859262,0.4056045,0.19832566,162,Sequential LSTM,MAP,t-Distribution
-0.3095412,0.053465165,-2.0203185,-0.07877885,-0.76803786,-0.12086585,0.031004045,-0.51921225,2.4690912,0.69651496,-0.2546014,-0.2939432,3.5847583,0.9401054,-0.8767144,0.08600737,0.24984713,-0.2066936,-0.023808325,-0.6110755,0.69897103,-0.33116284,0.3216216,0.22855155,0.18465039,-2.334523,-0.09373687,0.6565086,-0.358083,163,Sequential LSTM,MAP,t-Distribution
-0.1757459,0.013364448,-1.4089419,-0.044961758,-0.47648352,0.014956803,0.06418689,-0.45854843,2.8979971,0.48071775,-0.3046176,-0.2523586,2.3367188,1.3655821,-1.212665,-0.005093824,-0.28063294,0.72757477,0.0068196417,-0.8327074,0.49681267,-0.19722034,0.10194394,0.028203424,-0.21663722,-2.899693,-0.105550736,0.5208854,0.8160942,164,Sequential LSTM,MAP,t-Distribution
-0.13628507,-0.07363396,-1.4552215,-0.05701688,-0.44494507,-0.11109717,-0.0054924088,-0.1941853,2.1592026,1.1258625,0.38470733,0.3732287,1.7569818,0.8777864,-0.9540434,-0.0016535758,-0.36739674,-0.18796222,-0.059293337,-0.95364183,0.53470796,-0.06014282,-0.35097423,-0.08745617,0.07932044,-1.8034139,0.020000217,0.41099668,0.58106065,165,Sequential LSTM,MAP,t-Distribution
-0.17421256,-0.1026943,-1.5125507,-0.13977258,-0.54365945,-0.18316382,0.024100062,-0.21309859,2.6821837,1.7832569,0.66083586,0.32670483,1.4931767,0.9234153,-0.8827193,-0.0018012415,-0.43240207,-1.2275457,-0.049081188,-1.1750792,0.60145235,0.028254732,-0.21676667,-0.08647422,0.23311855,-1.8212132,0.10200334,0.50060624,0.4031263,166,Sequential LSTM,MAP,t-Distribution
-0.27252993,-0.080142364,-2.0176804,-0.07675379,-0.83302945,-0.30049577,0.02227559,-0.24394865,2.027669,1.3501459,0.12673967,0.22897178,3.0014446,0.5577079,-0.44489112,0.01227307,-0.00059174304,-1.567856,0.0517643,-0.6725487,0.44811007,0.110778235,-0.04869911,0.31125423,0.30837238,-1.2664093,0.22770756,0.34224138,-0.30187923,167,Sequential LSTM,MAP,t-Distribution
-0.3180522,-0.10588515,-2.04133,-0.10995551,-0.8036283,-0.23685136,0.010310348,-0.1619809,1.951356,1.9026337,0.425613,0.3191682,2.6610942,0.53771555,-0.5334777,-0.03793518,-0.3385556,-1.4965096,0.050604872,-1.2473907,0.5476168,0.08343938,-0.19091314,0.10832746,0.22433645,-1.1463223,0.20867382,0.2864099,0.45148787,168,Sequential LSTM,MAP,t-Distribution
-0.1541241,-0.060809907,-1.2282814,-0.08863444,-0.46594724,-0.00010380927,0.06400359,-0.3098003,2.8113658,1.9332149,0.098573565,0.74897605,1.4302571,1.1192957,-0.9170039,-0.13252337,-0.64223975,-0.4518229,-0.09103302,-1.6062496,0.535776,0.07897287,-0.6840482,0.038766965,-0.16909079,-2.0829363,0.080588095,0.28048518,0.86437315,169,Sequential LSTM,MAP,t-Distribution
-0.21699199,-0.043954737,-1.5524191,-0.03784271,-0.5180465,-0.14531353,0.053027272,-0.28014362,2.0420244,2.0347211,0.39292306,0.63516563,1.7963549,0.90424997,-0.7300365,-0.073476,-0.48642918,-0.91945934,-0.010754666,-1.5507275,0.6629127,0.14822851,-0.52605975,0.024634639,-0.018383505,-1.3095229,0.12293984,0.2204686,0.38191065,170,Sequential LSTM,MAP,t-Distribution
-0.14802921,-0.07028214,-1.4377495,-0.030030945,-0.2640832,-0.1221806,-0.0014475647,0.0012269014,0.85778093,1.5894306,0.2175465,0.5049248,1.5123607,1.3870866,-0.811468,-0.124050215,-0.6315267,-0.06495566,-0.0034207816,-1.2287444,0.4918742,0.17817895,-0.62680066,-0.041520037,0.031844016,-0.3712558,0.07347668,0.014596179,0.117218345,171,Sequential LSTM,MAP,t-Distribution
-0.3464365,0.0039142766,-1.9207562,-0.00014356944,-0.6214274,-0.33183855,0.05801905,-0.26822522,1.5008192,1.2901748,0.03540564,0.37058267,2.6991074,1.1391873,-0.6470668,-0.084289245,-0.44455987,-0.8837948,0.0016472709,-0.77953094,0.66545486,0.070841946,-0.33411184,0.28273383,0.05650182,-0.71734,0.20314835,0.12003614,-0.118053585,172,Sequential LSTM,MAP,t-Distribution
-0.23875389,-0.0011540089,-1.3878134,7.728356e-5,-0.38028085,-0.090524554,0.049666964,-0.17054425,1.3566302,1.2974949,-0.05490209,0.2739502,1.8536079,1.4185026,-0.82532483,-0.10630007,-0.7925316,0.11477342,-0.048161395,-0.99380994,0.5425067,0.00027262,-0.39297697,0.06900397,-0.20232978,-0.7078206,0.04434712,-0.0054114093,0.37780598,173,Sequential LSTM,MAP,t-Distribution
-0.3430245,-0.023700247,-1.82752,0.00588552,-0.5700019,-0.18340114,0.047511317,-0.15791412,0.89040273,1.2949177,0.059977755,0.2022843,2.63947,1.2128373,-0.64702237,-0.07707399,-0.47989568,-0.14617608,-0.03928205,-0.8714365,0.472139,-0.011113375,-0.24780767,0.07883388,-0.10653662,-0.39493623,0.064415194,-0.001343676,0.15951137,174,Sequential LSTM,MAP,t-Distribution
-0.2670407,0.04190659,-1.5181545,0.048958078,-0.46766737,-0.29252794,0.061481606,-0.46570975,1.3239625,1.1782384,-0.20645656,0.33190164,2.316148,1.2501991,-0.73686606,-0.043491535,-0.79253376,0.5649154,-0.1640578,-1.0227395,0.39984873,-0.15599808,-0.4902251,0.010038053,-0.19887531,-0.8015898,0.14055224,0.014515153,0.9412682,175,Sequential LSTM,MAP,t-Distribution
-0.25435314,0.04877164,-1.6884264,0.04061603,-0.43325,-0.24583152,0.034809146,-0.45068192,0.8121353,1.018493,-0.114724,0.26674074,2.5716217,1.2908933,-0.74637425,-0.02396742,-0.3982969,0.4491823,-0.16355042,-0.92191947,0.429521,-0.2735892,-0.4706135,-0.042147063,-0.091616295,-0.669367,0.06857545,-0.004374384,0.9617234,176,Sequential LSTM,MAP,t-Distribution
-0.21151313,0.02503216,-1.2956979,0.009808484,-0.38641775,-0.40080902,0.045242257,-0.38431966,1.4043819,0.53412366,-0.22180912,0.44198766,2.0392683,1.7903676,-0.8918816,-0.07625051,-0.47767004,0.27923882,-0.27120894,-0.5938381,0.7708081,-0.31835604,-0.5812239,0.13717404,0.022521058,-1.0400805,0.087132774,0.067451544,0.4965381,177,Sequential LSTM,MAP,t-Distribution
-0.28682163,0.01894614,-1.7099667,0.05284361,-0.47927704,-0.3292234,-0.06835329,-0.24353758,0.9226904,1.3887067,0.48809025,0.23799849,2.1446562,0.9302761,-0.29907304,-0.029937638,-0.649973,0.21679378,-0.3837854,-1.1139109,0.4972215,-0.028753573,-0.26815042,-0.26158133,0.045163855,-0.40735412,-0.020929633,0.10315761,0.5340841,178,Sequential LSTM,MAP,t-Distribution
-0.30947518,0.011196741,-1.398195,0.06560856,-0.29881907,-0.09646187,-0.060491383,-0.037221882,1.0332214,1.276163,0.38686034,-0.100626655,1.5101466,1.3789936,-0.75040805,-0.12258031,-0.67951363,0.3978428,-0.32570142,-1.0338345,0.35700744,-0.054452796,-0.073994085,-0.31582832,0.020222392,-0.48120654,-0.027057193,0.12675124,0.6018537,179,Sequential LSTM,MAP,t-Distribution
-0.32622132,0.0055226493,-1.3608873,0.013779512,-0.29941425,-0.194778,-0.024865698,-0.032342263,1.1916678,1.0161742,0.058095332,-0.24561393,1.7193283,1.4834473,-0.64430904,-0.13366288,-0.47363243,0.09293366,-0.22575182,-0.79481304,0.5422287,-0.09300566,0.07482477,-0.07699386,-0.04944788,-0.8100433,-0.03321132,0.09903096,0.52196074,180,Sequential LSTM,MAP,t-Distribution
-0.32330602,0.056785133,-1.4501616,0.024312237,-0.32728967,-0.00038697457,0.0048263255,-0.14865063,1.2744052,0.94714177,0.2050161,-0.6405256,1.8185612,1.4906802,-0.76163423,-0.11455371,-0.6312382,-0.0908031,-0.032907095,-0.7372419,0.5161925,-0.04968078,0.477976,-0.19510299,-0.26767355,-0.68343353,-0.06777917,0.08569487,0.62077713,181,Sequential LSTM,MAP,t-Distribution
-0.24189869,0.0038826577,-1.4796232,-0.04972568,-0.28333947,-0.077090874,-0.022984136,0.065770224,1.0440698,1.0273534,0.15152453,-0.5856449,1.7544377,1.2488527,-0.5322269,-0.098736234,-0.45460963,-0.25161567,-0.020391056,-0.68992054,0.54651093,-0.10643776,0.5247299,-0.10314709,-0.15248996,-0.4996442,-0.04479731,0.07635177,0.2508396,182,Sequential LSTM,MAP,t-Distribution
-0.22169146,-0.040770974,-1.4077201,-0.11800319,-0.3939758,0.55826443,-0.01978098,0.16438113,1.663725,1.1214601,-0.29535243,-0.14293176,1.9491457,1.2899462,-0.6617424,-0.15610023,-0.18719071,-1.455804,-0.012318602,-0.5334884,0.77794266,-0.12060366,0.2981062,0.286872,0.23313418,-0.7645475,-0.23907809,0.15679815,-0.7286754,183,Sequential LSTM,MAP,t-Distribution
-0.07576378,-0.04481029,-0.8396829,-0.12124317,-0.16133559,0.48727944,-0.021840636,0.2201095,1.6767482,0.95045906,-0.18785493,-0.26158288,0.89989597,2.2425869,-1.2114389,-0.17830588,-0.52313167,0.039259344,-0.016710322,-0.6893506,0.61078954,-0.2728713,0.11243676,-0.032015536,-0.1339847,-1.0424515,-0.31973296,0.088652454,-0.19410965,184,Sequential LSTM,MAP,t-Distribution
-0.04404123,-0.01096355,-0.686439,-0.11472987,-0.175078,0.5409477,0.02619476,0.023023171,2.1627884,1.3138196,-0.16229504,-0.23755942,0.59277695,2.1722317,-1.139286,-0.17137213,-0.6471015,0.10504863,0.037425805,-0.96818405,0.6222243,-0.19090289,0.12255659,-0.009383376,-0.2552177,-1.3639187,-0.30807936,0.14608242,-0.38056806,185,Sequential LSTM,MAP,t-Distribution
-0.17432338,-0.0044245203,-1.772311,-0.052500103,-0.5863564,0.17174768,0.043041714,-0.07800448,0.98700637,1.7547866,-0.2930049,-0.55059826,2.677831,0.99092776,-0.47443843,-0.10096812,-0.07366266,0.2630676,0.20468238,-1.4805684,0.6172764,-0.23351699,0.39369747,0.15741552,0.06890318,-0.7198946,-0.24545732,0.065890424,-0.55624455,186,Sequential LSTM,MAP,t-Distribution
-0.10654545,-0.04832936,-1.4260898,-0.08930609,-0.47306782,-0.0012004714,0.00023130055,0.053396698,1.416534,2.1349032,0.023518782,-0.7217288,1.6735225,1.1644547,-0.5316932,-0.09878684,0.22603413,0.2985243,0.26031154,-1.6917298,0.66403544,-0.22544892,0.5995013,0.11942154,0.041550446,-1.0084416,-0.039254315,0.14496738,-1.3592849,187,Sequential LSTM,MAP,t-Distribution
-0.30161712,-0.11345385,-1.8910755,-0.037275825,-0.68768954,-0.22626704,-0.033068415,0.3368628,0.2989735,1.7424576,-0.86341184,-0.769384,3.549346,0.69284403,-0.12410392,-0.0333426,0.39218444,-0.43959576,0.19488591,-1.3145738,0.5220284,-0.036047038,0.746576,0.6428411,0.31410864,-0.21101876,0.034896843,0.036904275,-1.4229846,188,Sequential LSTM,MAP,t-Distribution
-0.12813117,-0.024416676,-0.9388027,-0.06709858,-0.23504218,-0.7237976,0.008280711,0.34751552,1.6375623,1.9127507,-0.9767972,-0.8952542,1.3654947,3.3372736,-1.5687202,-0.07790063,-0.35410345,1.8350458,-0.25653788,-2.1175258,0.7356306,-0.36646333,0.59478337,0.46359962,-0.16223925,-1.5968431,-0.112464845,0.09861587,-0.7344139,189,Sequential LSTM,MAP,t-Distribution
-0.24698037,-0.067095265,-1.5173793,-0.03090898,-0.38497993,-1.0909168,-0.0017497573,0.31760958,0.29031673,1.9616928,-0.654314,-0.5382635,2.3306804,2.730421,-1.0410285,-0.04641039,-0.2657678,0.86207247,-0.23984016,-2.1188686,1.0319468,-0.32163516,0.2986259,0.4514455,0.032895956,-0.42378783,-0.019405132,-0.014455273,-0.28392026,190,Sequential LSTM,MAP,t-Distribution
-0.25894085,-0.08193871,-1.6362351,-0.1386493,-0.44115567,-0.9895354,-0.03387446,0.41056922,1.0260749,1.8682731,-0.023211379,0.0011079308,2.154571,1.5089265,-0.7171175,-0.042909358,-0.16729811,-0.16371623,-0.27534083,-1.7283567,0.87233645,-0.09556726,-0.07910211,0.2568124,0.37354556,-1.0487164,0.18935627,0.165022,0.095069945,191,Sequential LSTM,MAP,t-Distribution
-0.4364136,-0.13729757,-1.989545,-0.062864736,-0.62311864,-0.8017887,-0.009901742,0.25933462,1.4008503,2.103136,0.310626,0.0045661605,2.5590115,0.99088293,-0.24604629,-0.006240673,0.41104758,-1.556406,-0.006377502,-1.5444292,1.0497802,-0.056124877,0.17640287,0.4086322,0.31111062,-1.0495977,0.34587866,0.25479403,-1.0599016,192,Sequential LSTM,MAP,t-Distribution
-0.4043962,-0.13513504,-1.7449731,-0.06781269,-0.41725543,-0.6741051,-0.0025231647,0.34203297,1.2976114,2.1801457,0.6125766,0.57926077,1.8047411,1.3565855,-0.5411691,-0.030110044,-0.33180666,-0.31793067,-0.30646226,-1.8145049,0.8376693,0.029061267,-0.45168883,0.034778565,0.23798434,-0.8944803,0.19239101,0.14649875,-0.51698375,193,Sequential LSTM,MAP,t-Distribution
-0.42562863,-0.09757818,-2.0198243,-0.055675063,-0.6047185,-0.5616605,0.022845978,0.12602727,1.2469263,1.6254461,0.20593283,0.23693684,2.8394442,1.2056872,-0.3922749,-0.02633258,0.00055553654,-0.6161751,-0.17837891,-1.352139,0.69141006,-0.06403234,-0.15041327,0.2287611,0.20857076,-0.95979816,0.27881265,0.13888341,-0.55161095,194,Sequential LSTM,MAP,t-Distribution
-0.34191722,-0.102561876,-1.7841725,-0.059033778,-0.43817195,-0.70598847,0.001452335,0.2208402,1.1014636,2.023349,0.4551578,0.79653144,1.9829509,1.2319926,-0.2807325,-0.08744426,-1.003752,-0.49611607,-0.28109497,-1.5474098,0.69313395,0.18547393,-0.6436918,0.106644705,0.032622363,0.05683033,0.32440534,-0.006409657,-0.4343516,195,Sequential LSTM,MAP,t-Distribution
-0.37216523,-0.05290995,-1.9688951,-0.04448319,-0.49771687,-0.40541774,0.0479844,0.02864367,0.7820653,1.7044257,0.17526388,0.38425496,2.6982496,0.9686647,-0.23939829,-0.08466305,-0.8566147,0.37863916,-0.22141773,-1.5595216,0.47539282,0.09775937,-0.3777036,0.018845335,-0.18527526,-0.084513105,0.13687707,-0.03536128,0.08899072,196,Sequential LSTM,MAP,t-Distribution
-0.52000135,-0.0829699,-2.4581485,-0.02747951,-0.72946787,-0.5779815,-0.009585421,0.15465595,0.29126033,1.8670846,0.38342932,0.39815974,3.4163227,0.30320683,0.15430982,-0.042213034,-0.6304347,0.15724617,-0.14207685,-1.4884452,0.54657817,0.117630675,-0.3637095,0.018196918,0.053773124,0.20869073,0.19840907,-0.08818454,-0.10825637,197,Sequential LSTM,MAP,t-Distribution
-0.23624691,-0.032888826,-1.4828297,0.0149204545,-0.36615983,-0.6234428,0.02534227,-0.09469248,1.2485741,1.7102623,0.12365018,0.4242051,1.844994,1.1364806,-0.34008735,-0.10872102,-1.1761663,1.5046426,-0.28536382,-1.8044692,0.55041885,0.052403495,-0.57676953,-0.17353809,-0.37117404,-0.77889794,0.08327903,-0.02174171,0.7540166,198,Sequential LSTM,MAP,t-Distribution
-0.33045527,-0.07831759,-2.011446,-0.032048225,-0.5905374,-0.42084318,-0.0909709,0.2416519,0.3691735,1.393104,0.32049844,0.2846728,2.8149123,0.3147424,0.0043631727,-0.03381099,-0.6550236,-0.065432794,-0.09834055,-1.0757412,0.4521787,0.06250747,-0.32631308,-0.07506418,0.02103187,0.111838646,0.12744679,-0.08890543,0.45512846,199,Sequential LSTM,MAP,t-Distribution
-0.23507552,-0.026808953,-1.7534024,0.0110638905,-0.39222276,-0.72348887,0.009175199,-0.038422238,0.5868779,1.4903486,-0.05261068,0.45887375,2.3032734,1.3446939,-0.45054632,-0.09259111,-1.1274396,0.16539899,-0.21323512,-1.395809,0.81037444,0.06228122,-0.5694312,0.070786856,-0.16828042,0.1757013,0.13811453,-0.101278774,0.713679,200,Sequential LSTM,MAP,t-Distribution
-0.17248923,-0.065709114,-1.5290347,0.009702886,-0.4489288,-0.42439952,0.014452261,-0.10871061,0.758677,0.9535125,-0.14371808,0.41728297,2.2939909,1.0116112,-0.3696198,-0.06974685,-0.86968136,0.6181819,-0.12449362,-1.0233835,0.64486456,-0.059256803,-0.5497533,-0.006591344,-0.29336146,-0.19922598,0.027587485,-0.13376203,0.8420024,201,Sequential LSTM,MAP,t-Distribution
-0.1693317,-0.11774472,-1.6648182,-0.022296593,-0.48303694,-0.56760556,-0.02864771,0.039139044,0.77480096,1.2571642,0.12400562,0.38975757,2.160759,1.1432205,-0.5014506,-0.0775484,-0.9386528,0.33017653,-0.10356158,-1.1099436,0.6106972,-0.038337134,-0.512241,-0.062220454,-0.17153959,-0.08246316,0.13756798,-0.060052875,0.7442041,202,Sequential LSTM,MAP,t-Distribution
-0.19201337,-0.11924543,-1.6405059,-0.04854477,-0.5022709,-0.33697504,0.0315123,0.09718314,0.7632239,1.0955348,-0.014540657,0.1470525,2.3184311,0.8599115,-0.43063438,-0.09145444,-0.54648954,0.102070875,0.1703598,-0.97931826,0.60843235,-0.040403325,-0.301394,-0.0086448025,-0.20029926,-0.33727488,0.11588026,-0.10369977,0.5841163,203,Sequential LSTM,MAP,t-Distribution
-0.138241,-0.11873554,-1.4630497,-0.05403264,-0.5463346,-0.38236478,-0.0021730158,0.09574569,1.1649758,1.05098,-0.16027217,-0.15149619,2.1742387,1.2941033,-0.5473529,-0.08753483,-0.634779,0.41814184,0.19906636,-1.0005968,0.5847009,-0.26969317,-0.08115886,0.021453531,-0.30636883,-0.74600476,0.18780124,-0.12961283,0.6285944,204,Sequential LSTM,MAP,t-Distribution
-0.24908143,-0.07093632,-2.037387,-0.040028345,-0.83892924,-0.37963465,0.0067252684,-0.029496687,0.9555565,1.1319467,0.016974512,-0.36997524,3.1772325,0.74272025,-0.29841113,-0.019546138,-0.2835918,-0.64772373,0.31041694,-0.78657055,0.58395594,-0.032920085,0.2657463,0.11985444,-0.0466995,-0.41006014,0.22881019,-0.004328408,0.0053808806,205,Sequential LSTM,MAP,t-Distribution
-0.12765881,-0.09273008,-1.4167391,-0.03217989,-0.4389844,-0.24467659,-0.05384232,0.16630903,0.8958306,1.3369983,-0.06328615,-0.3405742,1.9433784,0.96956813,-0.50945204,-0.045397706,-0.8805808,0.9022189,0.18023984,-1.2877599,0.46043324,-0.25464636,0.051647753,-0.1987044,-0.24126326,-0.5659762,0.058719017,-0.15117519,0.9802841,206,Sequential LSTM,MAP,t-Distribution
-0.19995512,-0.07545081,-1.7732562,-0.02606672,-0.65184385,-0.47077465,-0.03500683,0.0913779,0.73654443,1.461452,-0.11062352,-0.64152306,2.6680636,1.0507069,-0.43288884,-0.030829987,-0.58982134,0.23022775,0.29397196,-1.3269672,0.5631525,-0.2389322,0.35489544,0.009970457,-0.23959593,-0.35201055,0.12806673,-0.057055075,0.66417235,207,Sequential LSTM,MAP,t-Distribution
-0.09773877,-0.01890471,-1.1786554,-0.031100107,-0.39208734,-0.33523786,0.035333935,-0.063558005,1.6598411,1.4560589,-0.47367275,-0.51981694,1.6793182,1.4128574,-0.6632213,-0.057358295,-0.8510133,0.49094003,0.18401887,-1.3965433,0.6669694,-0.21319455,0.25466347,0.118532516,-0.34936473,-1.0979778,0.0362996,-0.011327077,0.7559389,208,Sequential LSTM,MAP,t-Distribution
-0.23988347,-0.03877565,-1.8690796,-0.0024422563,-0.6222423,-0.081814066,-0.050133314,0.09944661,0.4970025,1.0765176,-0.43955418,-0.2029041,3.247166,0.6496922,-0.3356906,-0.038049787,-0.21999364,0.048870992,0.13188265,-0.8809628,0.33306256,-0.09662918,0.002057352,0.15547214,-0.079460666,-0.4112668,0.04322226,-0.08960443,0.4140941,209,Sequential LSTM,MAP,t-Distribution
-0.17640339,-0.010008184,-1.6063565,0.00996162,-0.43687335,0.09099289,0.009131694,0.032016233,0.6600348,1.3926755,-0.9147731,-0.54240173,2.7977655,1.5456545,-0.7737726,-0.09269226,-0.5194477,0.8196968,0.100610085,-1.4780043,0.4687425,-0.32072654,0.11157276,0.20767547,-0.36158785,-0.68321466,-0.09053896,-0.16873696,0.92900777,210,Sequential LSTM,MAP,t-Distribution
-0.23100059,-0.12819868,-1.4886916,0.01573254,-0.39676362,0.023006005,-0.000319867,0.13999131,0.3328573,1.4758135,-0.50046897,-0.29904616,2.51983,0.6449964,-0.6836288,-0.0043572825,-0.16343473,0.6222633,0.05245263,-1.4220265,0.37244973,-0.30259377,0.09097609,0.086038806,-0.1750149,-0.52729523,0.017814811,-0.14827864,1.0768969,211,Sequential LSTM,MAP,t-Distribution
-0.2917968,-0.11147806,-1.5722537,0.062090777,-0.49550983,-0.027501775,0.022836333,-0.07859933,0.2926915,1.2544943,-0.41757616,0.1673495,2.7895029,0.96995467,-0.8850422,-0.065278776,0.07632863,0.7209372,-0.015362921,-1.2800876,0.19848837,-0.17355222,-0.38748488,0.095642895,-0.05092725,-0.89240724,0.226196,-0.022014193,0.89035994,212,Sequential LSTM,MAP,t-Distribution
-0.24292916,-0.19106734,-1.4649413,0.037788615,-0.38095754,0.06381042,-0.04672208,0.17131779,-0.14108463,1.2650071,-0.18246652,-0.30932358,2.410648,1.6014421,-1.3565944,-0.11043492,0.06226147,0.8029887,0.08967207,-1.3583766,0.22959524,-0.020958548,0.04902455,-0.025419313,-0.29789895,-0.5592046,0.01762284,0.08450184,0.80269855,213,Sequential LSTM,MAP,t-Distribution
-0.27619004,-0.11768058,-1.6571549,0.056251,-0.48936012,0.072387375,-0.020389102,-0.022083882,0.012555725,1.3446418,-0.10661349,-0.19727436,2.7036293,1.517494,-1.2552614,-0.11335616,0.46260992,0.44534227,0.041399922,-1.3710588,0.36350703,-0.048103657,0.0049730763,0.029922804,-0.28975925,-0.69451714,-0.0056949477,0.115405194,0.49437854,214,Sequential LSTM,MAP,t-Distribution
-0.23976842,-0.042975903,-1.494833,0.0074866237,-0.50095326,-0.004400741,-0.01658378,-0.038939048,0.5913441,1.387642,-0.20770834,-0.71419555,2.4523332,1.0297033,-0.91738236,-0.10363264,0.32447755,-0.24364212,0.17524168,-1.3286105,0.3645146,0.13779092,0.62064046,0.14663436,-0.33577815,-0.81435376,0.10199835,0.11572068,0.54822975,215,Sequential LSTM,MAP,t-Distribution
-0.22283962,-0.019237813,-1.5610884,0.003852481,-0.42714998,-0.11534538,-0.020552501,-0.08344229,0.7716684,1.3846905,0.037752867,-0.46198583,2.2221615,1.4438539,-1.0304053,-0.12666579,-0.068945095,-0.30740082,0.059598655,-1.3893174,0.5929862,0.24244227,0.35334086,0.07179819,-0.4074754,-0.62717855,0.07856442,0.097203344,0.50911665,216,Sequential LSTM,MAP,t-Distribution
-0.2723475,-0.0068072844,-1.6536926,-0.018669784,-0.5990301,0.087536186,-0.018031485,-0.1329781,1.0618008,1.0585797,-0.056794602,-0.08254564,2.7294264,0.7888961,-0.6140727,-0.09308128,-0.020268328,-0.32643643,0.00033829114,-1.0274092,0.50861216,0.20966552,0.034880392,0.07808622,-0.23318546,-0.86481637,0.015675025,0.07070906,0.37596095,217,Sequential LSTM,MAP,t-Distribution
-0.23168215,0.0035133737,-1.5412568,-0.026794873,-0.68404424,0.050010227,0.05431064,-0.2332321,1.4945356,1.4084854,-0.11746126,-0.30908087,2.4667687,0.9314004,-0.57506835,-0.09618669,-0.2755749,-0.28116545,0.007652103,-1.3031348,0.46843502,0.075697616,0.18786508,0.050329223,-0.30592278,-1.048808,0.018826548,0.05996215,0.75162125,218,Sequential LSTM,MAP,t-Distribution
-0.20957342,-0.040097483,-1.5096737,-0.031726044,-0.45213953,-0.11837909,0.057545263,-0.15126243,1.2751627,1.7082684,0.35002676,-0.21365994,1.8371512,1.0353563,-0.6311664,-0.11396054,-0.43734473,-0.13821779,-0.098270506,-1.5129167,0.50049096,0.16378677,0.12342395,-0.09171722,-0.19365604,-0.8533821,0.12569927,0.07537034,0.54486173,219,Sequential LSTM,MAP,t-Distribution
-0.22132,-0.014601092,-1.5251408,-0.03503734,-0.5119286,0.012942675,0.085232854,-0.25192878,1.1003958,1.5979878,0.18770611,-0.49645075,2.089824,0.95746154,-0.6043145,-0.16624369,-0.43468392,0.18645877,0.09034149,-1.5264654,0.2951574,0.08129376,0.2951919,-0.13527387,-0.28042567,-0.850048,0.06559741,0.04252547,0.9657454,220,Sequential LSTM,MAP,t-Distribution
-0.15670104,-0.04279811,-1.3733879,-0.027965894,-0.34817407,-0.12464333,0.09565893,-0.23641023,0.9893051,1.4881871,0.04557564,-0.57522047,1.8833984,1.5526109,-0.9540777,-0.17594492,-0.46241987,0.6066284,0.038639646,-1.6002166,0.35849357,-0.06290481,0.33183286,-0.12863185,-0.3788223,-0.9179317,0.060759444,0.07160625,1.0435545,221,Sequential LSTM,MAP,t-Distribution
-0.25120893,-0.020100918,-1.6995412,-0.026160985,-0.55351055,-0.32675725,0.06479539,-0.22105753,0.8043706,1.451902,0.104116514,-0.57507604,2.5535269,1.3257875,-0.74921167,-0.11519662,-0.56271726,-0.6506441,0.09050211,-1.2821628,0.4127171,0.10596703,0.42711112,0.022993743,-0.1533051,-0.22085299,0.13175178,0.13026415,0.78169805,222,Sequential LSTM,MAP,t-Distribution
-0.22656366,-0.08113956,-1.6651082,-0.012222498,-0.4035654,-0.006289299,0.030226177,-0.00010503543,0.28352183,1.2792509,0.3612999,-0.3471549,2.1666212,1.2992882,-0.8638467,-0.104572795,-0.956738,0.59064335,0.02839618,-1.2630991,0.34744155,-0.0571246,0.15683457,-0.29167315,-0.28713465,0.47413495,-0.07462096,-0.039714567,0.6630141,223,Sequential LSTM,MAP,t-Distribution
-0.16384736,-0.0350595,-1.5845134,-0.01212864,-0.45461544,0.19420417,0.04410505,-0.10273165,0.94339645,1.3947097,0.32463863,-0.2735745,2.0087717,1.1979283,-0.97072804,-0.06699939,-0.62386274,0.1586997,0.06730004,-1.2677058,0.30410156,0.059145033,0.12009323,-0.25897747,-0.26171097,-0.3403164,-0.06238654,0.07447058,0.5875936,224,Sequential LSTM,MAP,t-Distribution
-0.17600772,-0.011866039,-1.4049968,-0.014732127,-0.49526176,-0.10867312,0.077456534,-0.2722608,1.7611005,1.4081973,0.20710006,-0.23175617,1.7606947,1.1854336,-0.7490319,-0.073744215,-0.61089516,-0.29650837,0.084010914,-1.1730853,0.52043325,0.04389914,0.1634395,-0.01292792,-0.16809855,-0.82517356,0.047399633,0.16448091,0.20137335,225,Sequential LSTM,MAP,t-Distribution
-0.21479438,-0.008382166,-1.7584151,-0.0061861677,-0.5559478,-0.024463804,0.051880855,-0.22457685,1.6674473,1.1302342,0.033715222,0.11908158,2.4445786,1.3582735,-0.8254757,-0.094355464,-0.9166237,-0.07377143,0.011609157,-0.93739104,0.42741197,0.22471479,-0.16518879,0.02443016,0.024188666,-0.6048283,0.020799935,0.08701044,-0.21497586,226,Sequential LSTM,MAP,t-Distribution
-0.29090387,0.0367817,-1.9823097,0.033567514,-0.8801586,-0.2645012,0.072730735,-0.41986346,2.0147452,0.9724277,-0.11121579,0.0014030566,3.1847472,0.85795283,-0.43419853,-0.058912937,-0.7425479,0.06265298,-0.02665464,-0.8242015,0.45650688,0.15676326,0.0070078373,0.15789579,0.16679214,-0.899506,0.108982936,0.23793167,-0.59391534,227,Sequential LSTM,MAP,t-Distribution
-0.18726727,0.00695576,-1.5819793,-0.00696845,-0.5281154,-0.19052996,0.03189088,-0.19594778,1.7913244,1.1705488,-0.12761562,0.13340154,2.264302,1.0294666,-0.5015873,-0.09336499,-0.7245034,0.3669032,-0.10239908,-1.0551085,0.48795152,0.10732213,-0.1639326,0.09678316,0.13063106,-0.91792965,0.056156386,0.17574258,-0.47213078,228,Sequential LSTM,MAP,t-Distribution
-0.24724671,0.02325744,-1.8445036,0.010392901,-0.6354754,-0.13121457,0.04561783,-0.2646902,1.5299785,1.0537828,-0.18869367,0.10127773,2.8815858,0.8040137,-0.42458627,-0.05878789,-0.5467052,0.17634936,-0.10325228,-0.94163674,0.39388335,0.08145413,-0.1448037,0.093149275,0.15728891,-0.82919264,0.047950454,0.1478275,-0.18702078,229,Sequential LSTM,MAP,t-Distribution
-0.28128773,-0.007291756,-2.0588002,0.024682168,-0.61342764,-0.16031648,0.017013602,-0.112400696,0.7018137,1.1643677,-0.2233394,0.012751805,3.2413704,0.49289703,-0.239221,-0.04221123,-0.37494236,0.28655693,-0.078598276,-1.0564084,0.2946018,-0.008557085,-0.114329696,0.06540495,0.1612205,-0.4044335,0.08147492,0.031266723,0.20014326,230,Sequential LSTM,MAP,t-Distribution
-0.11047052,-0.022816198,-1.3949053,-0.060702424,-0.391878,0.31357637,-0.0018700127,-0.019053135,2.2030861,1.5916321,0.4360075,0.6539119,1.2293754,1.1015946,-0.61864465,-0.12548494,-1.401568,-0.14773884,-0.23353103,-1.1294926,0.5444765,0.05630312,-0.6525558,-0.19971566,0.20688999,-0.7356405,-0.15583429,0.15944333,-0.09439476,231,Sequential LSTM,MAP,t-Distribution
-0.11301616,0.002990201,-1.3213011,-0.08670578,-0.47964838,0.103396714,0.01437007,-0.07571609,2.8053002,2.1209626,0.3754343,0.37681082,1.0191344,1.1901209,-0.5813043,-0.10585558,-1.3399734,-0.8329132,-0.13756739,-1.407335,0.63775563,0.14916304,-0.29726124,-0.038036585,0.19545692,-1.0169351,-0.051068347,0.26283658,-0.36909452,232,Sequential LSTM,MAP,t-Distribution
-0.09400341,0.048199758,-1.284353,-0.09959142,-0.43549198,0.21138625,0.08078735,-0.22243652,2.8579738,1.9419289,0.044892013,0.2989692,1.233872,1.176293,-0.60669017,-0.10444041,-1.1959696,-0.44737992,-0.14019763,-1.4165387,0.58687127,0.0987381,-0.25178754,0.03559366,0.12679717,-1.3817407,-0.10720763,0.22743352,-0.18190752,233,Sequential LSTM,MAP,t-Distribution
-0.14176118,0.04352261,-1.5069577,-0.07954479,-0.42729357,0.042333335,0.04260695,-0.16768794,2.449526,2.1259785,0.46323347,0.2834037,1.2767411,1.0465566,-0.5058723,-0.0963047,-1.2354138,-0.42897105,-0.1407169,-1.531501,0.6112101,0.045446802,-0.26167837,-0.11829047,0.18052933,-1.1215415,-0.056484252,0.19825503,0.01067588,234,Sequential LSTM,MAP,t-Distribution
-0.12701403,0.09221647,-1.7423848,-0.09968277,-0.5660029,0.08414096,0.09498323,-0.25176615,2.0677125,1.7747473,0.026495578,0.06612111,2.134787,0.9137307,-0.53436583,-0.06921306,-0.69320744,-0.08913694,-0.11409407,-1.4943596,0.60457313,-0.012385968,-0.13884111,0.0018853489,0.10509392,-1.4398556,-0.120678656,0.24865836,0.2778431,235,Sequential LSTM,MAP,t-Distribution
-0.13478622,0.084700234,-1.8009096,-0.066090636,-0.5851238,0.09368818,0.087503776,-0.29488733,1.4936825,1.6426088,-0.09403377,-0.06258324,2.5608544,0.616301,-0.30361006,-0.086893804,-0.5571964,-0.11356338,-0.040230155,-1.3807164,0.39072025,0.03752915,-0.033540897,0.047445584,0.031441767,-0.98984975,-0.06975346,0.13389333,0.39339995,236,Sequential LSTM,MAP,t-Distribution
-0.16964477,0.047145534,-1.9119623,-0.04731656,-0.50795275,-0.03833122,0.0842075,-0.27053058,0.77986354,1.5517266,0.20561652,-0.085411236,2.5398154,0.9693684,-0.54126316,-0.059150197,-0.96689636,0.5296831,-0.06731647,-1.5106804,0.3755349,-0.19187024,-0.141372,-0.21361841,-0.018104753,-0.15510762,-0.14455733,0.08007749,0.87804747,237,Sequential LSTM,MAP,t-Distribution
-0.16132486,0.038083848,-1.7418028,-0.052826136,-0.5388902,-0.03269467,0.086075336,-0.34135434,1.3548846,1.5915743,0.23804095,-0.011411502,2.2974696,0.84818643,-0.47804806,-0.065546416,-0.73672247,0.42398334,-0.06772144,-1.5110937,0.43571085,-0.21200249,-0.17411181,-0.18551436,-0.02018612,-0.82253456,-0.10851254,0.15179627,0.79649293,238,Sequential LSTM,MAP,t-Distribution
-0.10990364,0.04698085,-1.4362016,-0.039946645,-0.39612034,0.0073470674,0.0778724,-0.32070366,1.8501489,1.4770651,0.03518296,0.01509871,1.7710835,0.79091805,-0.43839926,-0.07870611,-0.79622656,0.7455338,-0.07804418,-1.4705341,0.47209507,-0.23851484,-0.2402052,-0.14706552,-0.11414355,-1.3031037,-0.09395129,0.1215207,0.89092296,239,Sequential LSTM,MAP,t-Distribution
-0.1774062,0.0058932025,-1.6025971,0.046200823,-0.503186,0.10815982,-0.025358524,-0.14419481,1.1928415,0.85089844,-0.090480275,-0.0343777,2.4658108,0.9234178,-0.59000325,-0.097970515,-0.3247214,1.0961647,-0.13187388,-1.0312449,0.30554506,-0.27453628,-0.26462492,-0.16263267,-0.24289005,-1.3250571,-0.23145297,0.21810932,1.0415671,240,Sequential LSTM,MAP,t-Distribution
-0.23192386,-0.011608293,-2.0425587,-0.014956439,-0.6360754,-0.25223446,-0.097782314,0.09438387,0.97443396,1.4020205,0.5656039,-0.15863481,2.549667,1.026022,-0.2897995,-0.0028503903,0.15981433,0.19454673,-0.18480995,-1.0873382,0.6990711,-0.21869965,0.0699826,-0.075953975,-0.030675037,-0.9400782,-0.134511,0.20944272,-0.5344983,241,Sequential LSTM,MAP,t-Distribution
-0.1900351,0.008231241,-1.6253203,-0.016902128,-0.54003036,-0.28274265,-0.04766623,0.024362477,1.5121891,1.2996917,-0.05288146,-0.13315178,2.287789,0.99527645,-0.23882227,-0.026993236,-0.05199484,0.79521745,-0.20395328,-1.177893,0.6960832,-0.17756927,0.014313094,0.11071819,-0.040346824,-1.4834805,-0.07618524,0.117405884,-0.49530935,242,Sequential LSTM,MAP,t-Distribution
-0.23275626,0.041055772,-1.8998603,0.03625755,-0.49536514,-0.19480997,-0.02042821,-0.118075304,0.85117877,1.414996,0.13480397,-0.035757825,2.5659385,0.8772093,-0.22811186,-0.028607637,-0.5334084,0.5100024,-0.15585971,-1.2583784,0.7337605,-0.06282813,-0.09923996,-0.07459279,-0.15281598,-0.54908437,-0.14070752,0.0051577617,0.11032728,243,Sequential LSTM,MAP,t-Distribution
-0.297666,0.00091569615,-2.055105,0.023016892,-0.6432973,-0.2951819,-0.028659308,-0.09264463,0.5547193,1.526991,0.35185438,-0.13371113,2.8959098,0.46883154,-0.10455214,-0.00018645328,-0.39440113,-0.12634915,-0.025458911,-1.1931059,0.6206803,-0.044048037,0.059434768,-0.068713285,-0.012591337,-0.10602116,-0.0339843,0.042222876,0.11110043,244,Sequential LSTM,MAP,t-Distribution
-0.19072379,0.0062433104,-1.6651047,-0.00022447226,-0.44376302,-0.32994837,-0.034080207,-0.030257242,0.56464195,1.8806953,0.25457266,0.017250085,2.0230374,1.1605455,-0.40673473,-0.08191404,-0.92198884,-0.27355134,-0.023587506,-1.5353532,0.69081223,0.070166424,-0.15050806,-0.090902194,-0.21434641,0.3475771,0.0065289787,-0.11210578,0.48302293,245,Sequential LSTM,MAP,t-Distribution
-0.1811986,-0.036909983,-1.4240808,-0.021951543,-0.383914,-0.5290487,-0.04523891,0.13414477,0.36744645,1.3832067,0.021021238,-0.4593459,2.038288,0.6594939,-0.09719856,-0.05286913,-0.9193741,-0.39319363,-0.06457571,-1.385277,0.8991361,-0.12921949,0.28314972,-0.04378622,-0.27342504,0.37318745,-0.026071118,-0.1642232,1.471827,246,Sequential LSTM,MAP,t-Distribution
-0.44396645,-0.026867129,-2.189837,-0.02469479,-0.8277836,-0.17370299,-0.09559707,0.24865867,0.8556248,1.3415414,-0.29744813,0.0010580197,3.755612,-0.24795124,0.24970005,-0.01892112,0.31222826,-2.489668,0.14827429,-1.0239315,0.96599495,0.099984534,0.109199606,0.49052975,0.28898224,-0.4026549,0.018754594,0.057405014,0.31947574,247,Sequential LSTM,MAP,t-Distribution
-0.34733948,0.010881594,-2.1163285,-0.008376508,-0.7733521,-0.23445287,-0.048434902,0.056182597,1.2373081,1.64546,-0.31043744,-0.114577755,3.4069746,-0.15251757,0.23533204,-0.018317917,0.28164846,-2.5363476,0.14018035,-1.3445339,1.101934,0.100842275,0.23349093,0.5341673,0.20684108,-0.7891499,0.027806919,0.08495431,0.49016193,248,Sequential LSTM,MAP,t-Distribution
-0.41769242,-0.0025354822,-2.4653563,0.034886535,-0.8126033,0.075499356,-0.07576279,0.082831666,-0.2388934,0.9996373,-0.34005466,-0.44287044,4.4458365,-0.042189907,0.10485442,0.0034556647,0.47148085,-1.488611,0.20690005,-0.9132962,0.67537165,-0.07520749,0.4341951,0.2679075,0.08668043,0.11083298,-0.08565746,-0.00012628082,0.400487,249,Sequential LSTM,MAP,t-Distribution
