Asset_1_Weight,Asset_2_Weight,Asset_3_Weight,Asset_4_Weight,Asset_5_Weight,Asset_6_Weight,Asset_7_Weight,Asset_8_Weight,Asset_9_Weight,Asset_10_Weight,Asset_11_Weight,Asset_12_Weight,Asset_13_Weight,Asset_14_Weight,Asset_15_Weight,Day,Model
-0.02320309,-0.08067823,-0.6321268,-0.12837844,-0.22684613,0.764291,-0.18857853,0.9126778,0.5878408,-0.042722594,-0.66846275,-0.09335838,1.3534884,0.0062675737,-0.5402108,1,Sequential RNN
-0.21124968,-0.07951126,-0.96748644,0.14742652,-0.344967,0.22435312,0.15575151,-0.5966892,1.2648237,-0.18177855,0.34194976,0.4878883,1.5735855,-0.18026467,-0.6338311,2,Sequential RNN
-0.11156028,-0.11263411,-0.7168102,-0.1676938,-0.24432583,0.75842535,-0.065888554,0.8338053,0.36523357,0.13213384,-0.42204404,-0.05180285,1.4769565,-0.73081803,0.05702262,3,Sequential RNN
0.16893148,-0.15728997,-0.05472474,-0.29709417,0.23435858,1.102525,-0.250379,1.523545,-0.062222213,0.36300495,-0.7252535,-0.11934652,-0.13108824,-0.24755776,-0.34740898,4,Sequential RNN
-0.043402858,-0.07812476,-0.59230685,-0.09189363,-0.17797865,1.3505055,-0.02168749,0.40761033,0.1653497,-0.035719085,-0.7767256,-0.024288133,1.5176271,-0.615737,0.01677192,5,Sequential RNN
0.050867826,-0.11991446,-0.24577652,-0.10480639,-0.03658708,1.107176,-0.030776586,0.48807898,0.7125691,0.1557551,-0.8131385,-0.027917802,0.47159016,0.044357583,-0.6514776,6,Sequential RNN
0.08809354,-0.09998472,0.02864199,-0.1445244,0.120938785,0.92598295,-0.10716997,0.76452315,0.44135335,0.5562155,-0.34368375,-0.003963851,-0.37213477,-0.55677176,-0.29751605,7,Sequential RNN
0.23194066,-0.27155232,0.578954,-0.27176178,0.48285094,0.6759578,-0.23267901,1.4114505,0.36159587,0.6386443,-0.71540076,-0.0567695,-1.3502779,-0.30105525,-0.18189792,8,Sequential RNN
-0.017946249,-0.12817259,-0.48115218,-0.1785787,-0.019245878,0.37562564,-0.12442215,1.1224314,0.1233546,0.71323377,-0.29716828,-0.13278231,0.33240715,0.47788337,-0.7654673,9,Sequential RNN
0.22976649,-0.3026217,-0.39194575,-0.21242052,0.060555395,0.17487492,-0.24286938,1.761582,-0.14100073,0.40035334,-0.2491571,-0.05795611,0.032143258,0.047509417,-0.10881339,10,Sequential RNN
0.040993005,-0.15467902,-1.1679704,-0.20962253,-0.4184717,0.6031238,-0.13614656,0.9478462,-0.029574377,0.18390752,-0.44269863,0.05333018,2.2854896,-0.966525,0.4109972,11,Sequential RNN
0.33337072,-0.13089637,0.5550471,-0.26228023,0.39528987,0.5677402,-0.18131256,1.0926807,-0.2610722,0.2538076,-0.103548355,-0.023461549,-1.1795863,0.7905119,-0.8462905,12,Sequential RNN
0.34457412,-0.06790385,1.0811425,-0.13448802,0.5986815,1.3424251,-0.074977726,0.43940026,-0.19285184,0.6217277,-0.6253807,-0.022173192,-1.6902615,0.2974468,-0.9173609,13,Sequential RNN
0.23640203,-0.14710316,1.4227523,-0.19217032,0.52150226,0.4459745,0.056619402,0.33833,-0.4783615,1.2187842,-0.39920884,-0.030130517,-1.8418932,0.101553164,-0.25305015,14,Sequential RNN
0.184278,-0.18401682,0.2625745,-0.21828204,0.29160604,0.96845865,-0.10824093,0.8891527,0.047869097,0.4444067,-0.27946958,-0.14412664,-0.85615534,0.67908114,-0.9771355,15,Sequential RNN
0.113082714,-0.19554824,-0.048239093,-0.12955824,0.06481061,1.6044502,-0.0040475475,0.5450479,0.11156251,0.18450068,-0.76595306,-0.047771577,0.0592414,0.1454553,-0.6370332,16,Sequential RNN
0.12176654,-0.21765533,0.4507963,-0.18409067,0.23083866,1.276257,-0.07831508,1.0056123,-0.03423347,0.39298135,-0.83505034,-0.08578566,-0.57357407,-0.04040989,-0.42913738,17,Sequential RNN
0.22794588,-0.051147915,0.7343251,0.14884868,0.217181,0.9887818,0.0040454576,0.17277497,-0.2803504,0.5245013,-0.60646397,-0.08782839,-0.7646606,0.2159568,-0.4439101,18,Sequential RNN
0.03628811,-0.15371965,-0.22608232,-0.13776302,0.050605826,1.3462551,-0.13659622,1.0358576,-0.13408452,0.6873896,-0.55689275,-0.08063782,0.03786085,-0.17136851,-0.59711206,19,Sequential RNN
0.037112515,-0.07689218,-0.26222748,0.065960765,0.06391056,1.7571279,-0.09215198,0.5135437,-0.1966845,0.39387625,-0.35671496,-0.06988488,0.09865017,-0.5944667,-0.28115934,20,Sequential RNN
0.024567315,-0.13147208,-0.22889642,-0.0128260525,0.08186698,0.7518576,-0.084899694,0.6017935,-0.18971531,0.25930345,0.1496242,-0.18714112,-0.254321,1.9207383,-1.7004794,21,Sequential RNN
-0.013643172,-0.13267693,-0.60638976,-0.1119316,-0.05197353,0.73958504,-0.13895518,0.93004745,0.13106635,0.38937557,-0.5629537,-0.0821824,0.77189916,0.91439223,-1.1756597,22,Sequential RNN
-0.052375898,-0.050464068,-0.88894904,-0.036717307,-0.32503495,1.0490463,-0.06826736,0.39348537,0.43125686,0.24155596,-0.7055723,0.042084128,1.8118544,-0.4094903,-0.432412,23,Sequential RNN
-0.023525935,-0.09312421,-0.76747954,-0.09066547,-0.26737815,0.93702435,-0.1059259,0.66189766,0.3188072,0.32616547,-0.67093855,0.017983023,1.4881546,-0.4490051,-0.2819898,24,Sequential RNN
-0.025284521,-0.08999961,-0.78160125,-0.07703574,-0.22381544,1.1443325,-0.10118757,0.6240682,0.19145268,0.37325332,-0.63833994,-0.047527075,1.43724,0.13524231,-0.92079794,25,Sequential RNN
-0.052464195,-0.13530505,-0.5730668,-0.14335273,-0.13040271,0.86276513,-0.16336584,1.0815275,0.15778032,0.3590567,-0.35798934,-0.011568115,0.85399103,-0.12036001,-0.62724566,26,Sequential RNN
0.021461012,-0.18284,-0.24389453,-0.12326216,0.031987656,1.0701889,-0.12880038,0.9965003,0.388027,0.3341281,-0.33631477,-0.09291809,-0.0146671785,0.5937309,-1.3133267,27,Sequential RNN
-0.03290613,0.0741934,-0.605924,0.04051948,-0.22030981,1.0571337,0.0720738,-0.21079485,0.60019827,0.4230579,-0.62350965,-0.0681059,1.1226387,0.18572016,-0.81398505,28,Sequential RNN
-0.020446818,-0.16460767,-0.45013767,-0.13144551,-0.17421097,1.0633705,-0.06955839,0.8017891,0.25523835,0.3423815,-0.62143433,-0.04783246,0.8846757,-0.5222133,-0.14556783,29,Sequential RNN
0.14151871,-0.25297076,-0.06105498,-0.15213618,0.02618511,1.0338207,-0.15993096,1.2620463,0.23177016,0.2553302,-0.495009,-0.0011330323,-0.106826715,-0.5046079,-0.21700159,30,Sequential RNN
0.04989881,-0.17097296,-0.40495482,-0.104110375,-0.15211868,1.1039722,-0.122859366,0.7803255,0.3493429,0.2649539,-0.40317565,0.03853301,0.6364819,-0.70056045,-0.1647557,31,Sequential RNN
0.07431831,-0.2516965,-0.3135134,-0.14285563,-0.01503612,0.6569779,-0.16715941,1.172167,0.3705709,0.554344,-0.40984806,-0.0055427807,0.19206649,0.11303408,-0.82782686,32,Sequential RNN
0.021355022,-0.1039257,-0.0980639,-0.023200827,-0.01479682,0.8933075,-0.035883527,0.24392606,0.5846704,0.5472462,-0.43396232,0.017880503,0.12702103,-0.12939467,-0.5961791,33,Sequential RNN
0.17480344,-0.21609867,-0.15913545,-0.117080316,0.08830384,0.43601802,-0.13983236,0.9104232,0.418266,0.78172094,0.2555595,0.33798158,-0.7265933,-0.5208923,-0.5234444,34,Sequential RNN
0.0633701,-0.14213946,-0.032963436,-0.05499898,0.1474542,1.6093892,0.050451465,0.34246895,0.1973653,0.09428722,-0.6179719,0.1258534,0.067634694,-0.029375644,-0.82082456,35,Sequential RNN
0.05528058,-0.19438912,-0.06395113,-0.08258667,0.13971166,1.1956962,-0.06974914,0.662905,-0.02654892,0.20886026,-0.23791765,-0.1121026,-0.30449754,1.8450944,-2.0158057,36,Sequential RNN
0.28076717,-0.08286888,0.6376556,-0.1649257,0.42464226,0.9371636,-0.09559631,0.7717263,0.050294586,0.028494045,-0.4741079,-0.2314818,-0.96381384,0.6819537,-0.7999033,37,Sequential RNN
0.08719454,-0.13994984,-0.3166934,-0.15937388,0.009719658,0.4838047,-0.17064774,1.3702388,-0.155932,0.5467978,-0.34998348,-0.102380425,0.17345403,0.25854638,-0.53479457,38,Sequential RNN
0.18386169,-0.13023618,0.3295105,-0.09427299,0.28225648,0.5946167,-0.122502476,0.928828,-0.39738005,0.45325348,-0.8095404,-0.16055481,-0.5796372,1.7628584,-1.241061,39,Sequential RNN
-0.1620002,-0.05721683,-1.1228982,-0.0036271086,-0.31987923,0.8381595,-0.15617669,0.65520155,-0.2499797,0.32306835,-0.76632667,-0.053071838,2.2565458,0.52535623,-0.7071553,40,Sequential RNN
0.16344498,-0.10500019,0.50931436,-0.1623243,0.34860635,0.9227867,-0.23492308,1.502182,-0.3330134,0.59194607,-0.5607416,-0.15965892,-1.1105618,0.48256725,-0.85462415,41,Sequential RNN
-0.06994133,-0.016382333,-0.97463083,-0.08791017,-0.33577147,0.75149477,-0.21631198,0.7439714,-0.19737521,0.30506182,-0.6238797,-0.09206399,2.1124787,-0.26715553,-0.031583842,42,Sequential RNN
0.20989807,-0.10156334,0.5972052,-0.17727047,0.33266827,1.0904268,-0.16160452,0.89263433,0.20719723,0.20666532,-0.68651664,-0.1687314,-1.0173914,1.0004076,-1.2240251,43,Sequential RNN
0.26280865,-0.19976689,0.5875972,-0.33115825,0.5692668,0.8500996,-0.41504413,1.8002626,0.04522947,0.71129984,-0.42947632,-0.0697102,-1.5616802,-0.13000152,-0.68972677,44,Sequential RNN
0.08239049,-0.14774624,-0.1644652,-0.2464063,0.11694992,0.49314332,-0.15553266,1.2000712,-0.27333343,0.5551997,-0.47036418,-0.16159904,-0.010984483,1.3511008,-1.1684242,45,Sequential RNN
-0.26579693,-0.0142253265,-1.3616567,-0.18493034,-0.29155126,1.0956178,0.061351508,0.070246704,0.5537756,-0.13802524,-0.034014955,-0.11088553,2.054666,0.7501412,-1.1847124,46,Sequential RNN
-0.08165837,-0.19091491,-0.9598342,-0.28797606,-0.10540233,0.25494108,-0.274184,1.907206,-0.31236556,0.33306134,-0.06646622,-0.07295695,0.9972521,0.39797512,-0.5386773,47,Sequential RNN
0.0120619405,-0.12540478,-0.6013735,-0.15501443,-0.15109779,1.0811436,-0.088669136,0.8872774,-0.12865797,0.09320486,-0.49089637,-0.061389253,1.0912209,-0.044646993,-0.31775835,48,Sequential RNN
0.2074705,-0.14270891,-0.5583407,-0.16624138,-0.043604765,1.2972854,-0.098875634,0.7664991,-0.07035562,0.77081734,-0.5738864,-0.0040804204,0.51811224,-0.42744082,-0.47465023,49,Sequential RNN
-0.07847781,-0.11837851,-1.3255731,-0.022235937,-0.50287884,0.7061644,-0.068374366,0.32586965,0.30932528,0.28787732,-0.5650944,0.05750052,2.6100266,-0.99307436,0.3773235,50,Sequential RNN
-0.0023263812,-0.23485158,-0.6289781,-0.18957853,-0.081488915,0.90835595,-0.22846435,1.4212042,-0.035992354,0.4877589,-0.34088504,-0.039133634,0.69481635,-0.2195113,-0.51092505,51,Sequential RNN
0.0696105,-0.13687307,0.091731995,-0.096594594,0.09316507,1.2213848,-0.028533064,0.45114213,1.1007701,0.6547937,-0.52201045,-0.06409696,-0.43575287,-0.13904339,-1.2596936,52,Sequential RNN
-0.0028768787,-0.22071983,-0.1218014,-0.16648608,0.15247822,0.78206617,-0.16604023,1.3796034,-0.07728265,0.7248554,-0.53759825,-0.13386275,-0.121587574,0.50358593,-0.9943338,53,Sequential RNN
-0.161207,-0.22007166,0.04271987,-0.10526332,0.16116491,1.0619378,-0.1137572,1.0560584,0.28742713,0.8244335,-0.06368604,-0.01177006,-0.61140424,0.22919251,-1.3757745,54,Sequential RNN
-0.17295156,-0.038218085,-0.79350615,-0.16937278,-0.25222972,0.34314594,-0.21991003,0.6502625,-0.23495424,1.0419343,-0.5255268,-0.021467637,1.8151779,-0.2930792,-0.12930521,55,Sequential RNN
0.31713057,-0.14926425,0.6766605,-0.26465285,0.8368143,0.64560664,-0.13398825,1.1242213,0.464697,0.31400546,-0.3456519,0.035562575,-1.6978337,-1.0238214,0.20051378,56,Sequential RNN
0.5206897,-0.12864882,1.258412,-0.13792211,0.77380294,0.7949568,-0.13906178,0.71642953,-0.11430345,0.84907365,-0.28207386,-0.0067614685,-2.50661,0.027707882,-0.6256918,57,Sequential RNN
0.012330804,-0.079989344,0.042030465,-0.107077524,0.12703018,2.1397498,-0.03909741,0.41187862,0.0033274943,0.6254688,-1.0768567,-0.17947277,0.116119795,0.4920513,-1.4874933,58,Sequential RNN
-0.0957579,-0.06069962,-0.32040632,0.06960105,-0.14224112,1.6288097,-0.08157536,0.36650866,0.17849773,0.25416496,-1.0421762,-0.013016496,1.0913254,-0.10334755,-0.72968674,59,Sequential RNN
0.09680791,-0.10229124,0.4135824,0.060198855,0.17701939,1.37779,-0.03250086,0.28359312,0.5162684,0.12428274,-0.76667595,-0.13773523,-0.62704843,1.6779625,-2.061253,60,Sequential RNN
-0.11952643,-0.1557522,-0.90694314,-0.11744863,-0.24906263,0.6605852,-0.19671574,1.0624121,-0.06456891,0.54151976,-0.40394706,-0.018057419,1.6458211,-0.5703653,-0.10795064,61,Sequential RNN
-0.11482173,-0.10707901,-0.85947347,-0.09167221,-0.15533417,1.0443397,-0.15037575,0.8248529,-0.015159914,0.6781636,-0.5474654,-0.05434948,1.238925,0.21059832,-0.90114886,62,Sequential RNN
-0.19420435,-0.25242615,-0.6523207,-0.14138255,-0.024840062,0.44851413,-0.3238728,1.6678618,-0.15252806,0.47191322,0.05047713,0.002550449,0.76646835,-0.7197378,0.053528067,63,Sequential RNN
0.1409261,-0.13073649,1.1825799,-0.12032734,0.5766571,0.79616463,-0.11577348,0.70457244,-0.1622194,0.20541415,-0.59464234,-0.16757515,-1.5595592,1.2514871,-1.0069674,64,Sequential RNN
0.18678762,-0.21629252,0.5530234,-0.33066842,0.3571021,0.4005914,-0.26529568,1.8912985,0.003846456,0.19033982,-0.39966905,-0.08315543,-1.1781574,0.39897043,-0.50872135,65,Sequential RNN
-0.05511339,-0.0766848,-1.1566375,-0.12264644,-0.210391,0.9751725,-0.077352956,0.48179874,-0.08764168,0.2790089,-0.34679976,-0.07016042,1.7614499,0.5525016,-0.8465033,66,Sequential RNN
0.18310978,-0.2127832,-0.47392452,-0.24358356,-0.012859688,0.12773353,-0.26388934,1.6405323,-0.17553717,0.32244816,-0.2946292,-0.12640278,0.3366361,1.165085,-0.97193444,67,Sequential RNN
-0.15270789,-0.2085055,-1.0415769,-0.07548141,-0.2946622,0.35866466,-0.1447887,0.8225165,-0.12016069,0.28279582,-0.17977887,-0.029036384,2.0037098,0.13967773,-0.36066586,68,Sequential RNN
-0.08124995,-0.12866145,-0.6877286,-0.09149489,-0.14033034,0.7265873,-0.12677372,0.690658,0.4360285,0.29933232,-0.35431415,-0.041042324,1.0505333,0.1486048,-0.70014864,69,Sequential RNN
0.05970318,-0.1408173,-0.24648914,-0.22659779,0.16169709,0.8457579,-0.18819284,1.0114913,0.30116692,0.29032415,0.124665596,-0.035244104,-0.22127122,-0.11329291,-0.6229007,70,Sequential RNN
-0.18381591,-0.11387482,-1.2883427,-0.1017134,-0.38696533,0.677587,-0.09991345,0.43734038,0.31587645,0.31933266,0.17909944,0.11268142,2.120001,-0.860311,-0.12698193,71,Sequential RNN
-0.11947736,-0.1449139,-0.9602201,-0.11586246,-0.25497633,0.48391736,-0.16874994,1.0287814,0.07105116,0.4267518,-0.083439685,0.0058697658,1.4848806,-0.7133959,0.05978305,72,Sequential RNN
-0.04792533,-0.29416397,-0.75370735,-0.24864604,-0.09639157,0.6666982,-0.18656242,1.4698458,0.11849485,0.4804326,-0.13272189,0.0062154685,0.8078066,-0.54618657,-0.24318823,73,Sequential RNN
0.103286006,-0.23713036,-0.16082388,-0.4224257,0.24309427,1.1112711,-0.28626657,1.7970539,-0.0034342948,0.109416425,-0.5335134,-0.028224615,-0.24312662,-0.007521061,-0.44165573,74,Sequential RNN
-0.0910433,-0.14101402,-1.2559727,-0.17457826,-0.23106855,0.35940906,-0.18713503,1.0705434,-0.5377661,0.7136828,-0.37490514,-0.07313834,1.8553156,0.7319214,-0.66425115,75,Sequential RNN
0.16655521,-0.14114504,-0.33088902,-0.19207872,0.03975271,1.2279029,-0.16086039,1.0495237,-0.0058854036,0.40529466,-0.49018592,-0.04468505,0.14371108,0.098167896,-0.76517844,76,Sequential RNN
0.12560421,-0.27986786,-0.6244579,-0.0628452,-0.15172806,0.3635128,-0.22329153,1.2608951,0.5691793,0.12646623,-0.4619195,-0.0012478187,0.7710041,-0.2519621,-0.15934214,77,Sequential RNN
0.051281527,-0.17109795,-1.2003297,-0.12650032,-0.35313565,0.9179772,-0.1636252,0.84199977,0.7201799,0.3069122,-0.9399863,0.007014771,1.8827033,-0.732726,-0.040667787,78,Sequential RNN
-0.0875623,-0.17093077,-1.2670546,-0.11155745,-0.32464114,0.83825684,-0.19390795,0.9586021,0.36438537,0.543321,-0.50655043,0.06399163,1.8496633,-0.9319132,-0.0241024,79,Sequential RNN
0.2947693,-0.13640627,0.6804027,-0.43227425,0.4090152,1.5548967,-0.023680937,0.8735084,0.18101904,0.6093688,-0.6444089,-0.031359125,-1.4299774,-0.1069888,-0.7978843,80,Sequential RNN
-0.010606416,-0.15937008,-0.31890666,-0.23985547,0.08640559,0.5015735,-0.14806497,1.2013226,0.053235855,0.8798206,-0.2249868,0.15289491,0.0033480346,-0.43535545,-0.3414555,81,Sequential RNN
0.40160277,-0.14711124,1.9351802,-0.5360072,1.0412518,0.68678755,-0.29934037,1.9408789,-0.8383009,0.07820466,-0.44319355,-0.09272517,-3.017914,1.1187696,-0.8280827,82,Sequential RNN
-0.104049675,0.07439357,-1.0625463,-0.118935086,-0.40167022,1.7909714,0.044487953,-0.5136113,0.6166467,-0.12233224,-0.24146228,0.120444,2.2133794,-1.8609692,0.56525373,83,Sequential RNN
-0.050435852,-0.110374495,0.28753752,-0.2756998,0.27155226,0.22865555,-0.13472702,1.3301895,-0.3533324,0.59567654,0.26546502,-0.10685092,-1.0261296,1.2051091,-1.1266351,84,Sequential RNN
-0.10960456,-0.016936423,-0.6037172,-0.10642071,-0.17804566,1.0031521,-0.0074979747,0.13523264,0.5389297,0.5898321,-0.09902655,0.060326252,0.87065023,-0.814982,-0.2618917,85,Sequential RNN
-0.07560448,-0.13920985,-0.19791937,-0.16518019,0.19011289,0.49264327,-0.18122545,1.0782709,0.06497254,1.0674156,0.29136553,0.0036307874,-0.50649893,-0.47382057,-0.4489526,86,Sequential RNN
0.020466767,-0.1040346,-0.05769293,-0.14876035,0.09955015,1.27513,-0.107628174,0.82778144,0.21929726,0.45072648,-0.1478142,-0.035540443,-0.3058258,0.3352762,-1.3209317,87,Sequential RNN
0.04297767,-0.3495152,-0.7262358,-0.14209409,-0.048486557,0.117046535,-0.2780978,1.8235189,-0.39967754,0.6157069,0.029387442,-0.0058896346,0.470794,0.6684139,-0.8178493,88,Sequential RNN
0.20324379,-0.23482174,0.5648089,-0.16553298,0.39553678,0.21169479,-0.5994305,1.9034528,-0.16371675,0.61145616,-0.51277375,-0.102765396,-1.170368,0.99768174,-0.9384665,89,Sequential RNN
0.17508207,-0.18213376,-0.11754908,-0.1968491,0.18280451,0.011669581,-0.5756421,2.0214357,0.003679367,0.35524857,-0.18200947,-0.09710053,-0.30015153,0.3066675,-0.4051519,90,Sequential RNN
0.076844856,-0.053950552,-0.7740154,-0.23679504,-0.059839737,0.55464697,-0.44531196,1.4573706,0.121226095,0.27813607,-0.39942893,-0.04378656,0.99404,-0.43923768,-0.029899132,91,Sequential RNN
0.1088402,-0.08486932,0.31247032,-0.13094579,0.17892979,1.2574315,-0.11107325,0.98690736,-0.012376339,0.6269706,-1.0159042,-0.13776138,-0.4003496,0.2854061,-0.86367613,92,Sequential RNN
0.091635525,-0.06979244,0.3291933,0.18083423,-0.104606,1.2521996,0.3821162,-0.69899774,0.2769181,0.3783667,-0.8578287,0.16581213,0.1343854,-0.128801,-0.33143544,93,Sequential RNN
-0.18282828,-0.17912784,-1.7025332,-0.19731404,-0.32614842,0.3332212,-0.1000844,0.95907366,0.3680955,0.15292636,-0.19532138,-0.14053243,2.5080333,0.6791351,-0.9765951,94,Sequential RNN
0.09063479,-0.06045285,0.59278005,0.010633907,0.1327838,1.3764557,0.21234205,0.0070049106,0.20799261,0.2625443,-0.7597981,-0.07701996,-0.46598256,-0.08559948,-0.44431916,95,Sequential RNN
-0.115031995,-0.21182078,-1.2588091,-0.3136288,-0.15176946,0.26990613,-0.33650413,1.4471713,0.12508295,0.7393902,0.48175037,0.22236295,0.94349897,0.28293952,-1.1245381,96,Sequential RNN
0.353343,-0.051642604,0.6849634,-0.15516348,0.36204755,1.0799526,-0.0018991935,0.10324341,0.4186922,0.8169092,-0.4876148,-0.02421903,-1.2328217,1.0143467,-1.880137,97,Sequential RNN
0.055834018,-0.14759819,-0.20351586,-0.16135323,0.08607281,0.40770286,-0.20007285,1.0229557,0.14187492,0.343502,-0.06132424,-0.08152745,-0.1922949,1.5331558,-1.5434113,98,Sequential RNN
0.15463257,-0.06726259,0.63064504,-0.14230014,0.3125558,0.4871675,-0.07276523,0.62384284,0.17573372,0.07490201,-0.086711586,0.0008909227,-1.0671734,1.4336846,-1.4578422,99,Sequential RNN
0.030750647,0.03471192,-0.42382392,0.10875933,-0.047831755,1.8825984,0.022863565,-0.24609609,0.6307795,0.32359123,-0.3290137,-0.1479429,0.31557748,1.0612091,-2.2161324,100,Sequential RNN
0.13450533,-0.036452338,0.55900514,0.12932384,0.28464505,0.7020742,-0.043981597,0.17919031,0.08001756,0.095927976,-0.5194733,-0.14127024,-0.7112874,1.6303847,-1.3426089,101,Sequential RNN
0.088917345,-0.21977153,0.5475069,-0.1319541,0.39325917,0.7425046,-0.026211252,0.7121514,-0.23584427,0.63332564,-0.52465564,-0.24372116,-0.8723392,2.3592103,-2.2223778,102,Sequential RNN
0.075974435,-0.11429944,0.14915603,-0.25023144,0.21414526,1.4106779,-0.11541885,0.93252015,0.21199068,0.33243743,-0.40729722,-0.0379441,-0.41256824,0.22673185,-1.2158747,103,Sequential RNN
0.12159881,-0.2273584,0.42837062,-0.2591493,0.30677435,0.91922,-0.16675882,0.9539204,0.1600222,0.13253285,-0.3093959,-0.12750609,-0.8520039,1.4516083,-1.5318749,104,Sequential RNN
-0.03455187,-0.15489015,-0.1864543,-0.17794253,0.13442518,1.0043095,-0.12336322,0.91842234,0.27171743,0.24530493,-0.15029666,-0.11166885,-0.026974304,0.89192176,-1.4999597,105,Sequential RNN
-0.14839454,-0.16309923,-1.2001423,-0.24191804,-0.2430263,-0.092192106,-0.19540025,1.1337856,-0.16552293,0.36280033,-0.28273445,-0.13205247,2.0988314,0.74963397,-0.48056886,106,Sequential RNN
-0.042544927,-0.1672765,-0.5341454,-0.285643,0.07380637,0.43503377,-0.20352522,1.432361,-0.32057124,0.5696056,-0.5655965,-0.15642655,0.6490019,0.9228285,-0.80690783,107,Sequential RNN
-0.12597388,-0.09977707,-1.3653566,-0.14181411,-0.44605067,0.8883051,-0.03583119,0.461238,-0.015231821,0.6763922,-1.2796067,-0.089147545,2.7866716,0.2745599,-0.48837772,108,Sequential RNN
0.04186566,-0.15816659,-0.50916725,-0.28895816,-0.09737334,1.2944678,-0.10639828,1.0389085,0.60628873,0.09731623,-0.93541044,-0.12500788,0.8652014,0.2792076,-1.0027736,109,Sequential RNN
-0.09531129,-0.1550092,-0.8759266,-0.16986819,-0.2677995,0.5188861,-0.1056728,0.9689104,-0.16578525,0.20653029,-0.72311836,-0.11075027,1.9005857,0.6772843,-0.6029552,110,Sequential RNN
-0.06202941,-0.039725464,-0.8234697,-0.16128361,-0.2840693,1.0663412,0.08903143,-0.08321731,0.67666847,0.003784019,-0.9694966,-0.03526845,2.0886078,0.19654287,-0.66241586,111,Sequential RNN
0.29129687,0.1007977,0.84628105,-0.054010697,0.32110614,0.34156156,0.059302896,-0.14441341,0.030087002,1.4637622,-0.40895784,-0.21772648,-1.4266243,0.2059774,-0.40844005,112,Sequential RNN
0.051260307,0.05048043,0.7073909,0.12959653,0.14540873,1.1134675,0.031025264,-0.055883326,-0.26598117,0.47500774,-0.3484667,-0.15605663,-0.6025942,0.1599107,-0.4345659,113,Sequential RNN
-0.03816969,-0.10906867,0.7922225,-0.007578549,0.3336628,1.2789022,0.08146927,0.06521425,-0.2324374,0.94232523,-0.45386463,-0.3914874,-0.8623513,1.1580467,-1.5568854,114,Sequential RNN
0.12434649,-0.13980159,0.20502701,-0.047302894,-0.0167205,1.8904369,0.19105126,0.031251963,-0.16078253,0.5047117,-0.6279255,-0.10198961,-0.20344998,-0.11750442,-0.53134817,115,Sequential RNN
-0.108649634,-0.03153521,0.3171936,-0.021547465,0.143938,-0.43320408,0.020046286,0.26643932,0.00056190154,2.5339656,-0.4299853,0.15399012,-0.9528346,-0.40665656,-0.05172157,116,Sequential RNN
0.48709708,-0.46526873,1.217613,-0.78403795,0.8202603,0.7405806,-0.37765256,1.5687461,1.4794043,-0.37091705,0.5738108,-0.2583297,-2.6183648,0.93606836,-1.94901,117,Sequential RNN
0.1259421,-0.06403609,0.661074,-0.07148209,0.17735445,2.2599998,0.089889936,-0.0050369394,0.6644014,-0.9050886,-0.50251174,-0.015306438,-0.5116925,-0.85371345,-0.049793962,118,Sequential RNN
0.08733137,-0.10946991,0.8923854,-0.30426368,0.5463089,1.007123,-0.08966052,0.51609486,0.94385535,0.044781324,0.07178996,0.015751956,-1.3494084,-1.4505249,0.17790557,119,Sequential RNN
0.2967687,0.28553864,1.2150061,-0.1275541,0.28501034,2.170276,0.15250106,-0.21328367,0.42774287,-0.6184425,-0.9021219,0.043117672,-1.1077924,-0.4611093,-0.44565776,120,Sequential RNN
0.15590934,0.05663661,-0.71754104,-0.16920528,-0.040728617,-0.9855982,0.0005000698,0.12734735,-0.65563685,2.3782203,1.1276102,0.4029828,-0.3159302,1.2738662,-1.6384326,121,Sequential RNN
0.17895629,-0.22915937,-0.13195774,-0.12458707,-0.042147532,0.7195649,-0.06480305,0.03310434,0.5317691,0.7942803,0.23544325,0.37409303,0.15837991,-0.6387643,-0.7941716,122,Sequential RNN
0.29253104,0.4634013,1.1381412,0.07307512,0.07539499,1.3405256,0.18414666,-0.59959155,0.3179567,-0.37570885,-1.2209332,-1.1110216,-0.35032248,1.6352702,-0.8628647,123,Sequential RNN
0.7565041,-0.447057,1.0161998,-0.021374267,0.3725672,1.6777686,-0.069240354,0.08575861,0.5772722,0.21557945,-0.8021483,-0.07529997,-1.2240447,-0.46433803,-0.5981468,124,Sequential RNN
0.30038255,-0.6911812,0.0066786287,0.13367996,-0.033082508,0.6772259,0.06221035,-0.18549182,0.11202302,0.95452577,-0.59893155,0.37284306,0.23765732,0.42590228,-0.7744419,125,Sequential RNN
-0.43503466,0.08101191,0.20125848,0.007188688,0.25506553,0.9916829,-0.0018656958,-0.07610765,0.7210231,0.015710795,0.15660006,-0.5867045,0.10945547,0.63975096,-1.0790355,126,Sequential RNN
0.6320126,-1.0883262,-0.080712855,0.089942664,0.062205013,0.8394454,0.014284099,0.0885906,0.6665157,0.46930003,0.104590885,0.17099524,-0.36766684,0.0060040937,-0.60718054,127,Sequential RNN
0.06405998,-0.51536316,-0.62717986,0.042026397,-0.08629258,-0.074383244,-0.1736836,0.24214701,0.901602,0.08337753,0.902663,0.07269673,0.98082906,-0.17788887,-0.6346101,128,Sequential RNN
1.3035446,-0.8470644,-0.09980699,0.5647592,-0.16546264,0.77811843,-0.18912682,0.30711097,0.63532495,0.20572428,0.124169186,0.49926838,-0.04509479,-0.48282963,-1.5886351,129,Sequential RNN
-0.44985038,-0.16052675,-0.23906042,0.3575864,-0.0317189,0.035486214,0.037514422,-0.2169013,0.030514626,0.14375123,-0.013139839,0.22038452,0.5211215,0.2315391,0.5332996,130,Sequential RNN
0.009535495,-0.04445864,0.4323662,0.28938016,0.019117247,0.36702,0.030924534,-0.03884846,-0.18373074,-0.008813582,-0.24816029,-0.022238765,-0.15602437,0.41989303,0.13403806,131,Sequential RNN
-0.0661157,-0.6933466,0.34999138,0.15530434,0.12114018,-0.018189399,0.026931368,0.28364837,-0.32680282,0.93755317,0.110411786,0.17610061,-0.58915746,0.6528394,-0.12030882,132,Sequential RNN
-0.07773413,-0.27218726,0.32662883,0.02731741,0.24510513,0.43423575,-0.13383704,1.0479256,-0.36223346,-0.34690607,-0.3461778,-0.4414434,-0.33821538,1.2325065,0.005015501,133,Sequential RNN
1.2693677,-0.78991485,-0.07920128,-0.38729617,-0.14030914,0.03936399,-0.17976475,1.2899345,0.2745142,-0.07295862,0.08738908,-0.2025926,-0.21323553,0.6167054,-0.5120022,134,Sequential RNN
-0.36807433,-0.2284907,-0.8515998,0.5593726,-0.1536687,0.5326283,0.047052916,-0.20609578,0.50335807,0.12234514,0.12439518,-0.7851984,0.85185796,1.5826722,-0.73055434,135,Sequential RNN
0.4573608,-0.009924066,0.78610724,0.067389905,0.33385286,0.4858969,0.024689812,-0.07235437,0.21769771,0.098749116,-0.3985915,0.103474215,-0.62003344,-0.76386225,0.28954712,136,Sequential RNN
-0.011526834,-0.05638101,-0.35913295,-0.037898473,0.08167496,-0.11854508,-0.048145868,0.061558317,1.3637221,-0.15571119,0.77753043,0.19028816,0.1867297,-0.78124696,-0.09291539,137,Sequential RNN
0.1758234,-0.21404405,0.976875,-0.14658746,0.4901607,0.51768214,-0.012797456,0.3289078,0.39589474,-0.2043264,0.15630654,0.20505917,-1.1647644,-0.12504253,-0.37914702,138,Sequential RNN
0.11959092,-0.16134849,0.28607786,0.04255815,-0.062042095,1.8286232,0.019419301,0.03994831,0.09801772,-0.5444203,-0.32572144,0.29296076,-0.034620654,0.5699909,-1.1690342,139,Sequential RNN
0.22799551,-0.17647871,1.1716372,-0.36102048,0.63067377,0.09629764,-0.059852276,0.32967797,-0.03530534,-0.09050018,0.47201192,0.663759,-1.1732173,-0.39561948,-0.30005908,140,Sequential RNN
0.41502476,-0.23360091,1.5181521,-0.18315153,0.51295626,0.7520636,-0.10017544,0.23680668,0.24490418,0.002834065,0.046026226,0.427428,-1.3977908,-1.4413251,0.19984765,141,Sequential RNN
0.20074159,-0.5489537,-0.2864083,-0.16041422,0.1621047,0.95410883,-0.113732316,0.8184097,-0.31551692,-0.05048725,-0.423829,-0.19244355,0.07476557,1.8840268,-1.0023718,142,Sequential RNN
0.2663927,-0.32847822,-0.21014386,-0.15940069,-0.041437224,1.2788424,-0.021159513,0.7146576,0.33888254,0.124916494,-0.5322136,-0.13842528,0.08523096,0.28973362,-0.66739786,143,Sequential RNN
0.1860259,-0.492975,0.22045131,0.0422829,0.045735784,2.256178,0.014214568,0.6806655,-0.44216716,0.8588971,-0.46856484,-0.35378098,-0.4616417,-0.15927695,-0.9260443,144,Sequential RNN
0.37023696,-0.3330545,-0.16752842,0.052149676,-0.04936988,0.75926614,-0.010311032,0.2345558,-0.20199358,0.022570038,0.48539433,-0.2121516,-0.12169119,1.8396939,-1.6677667,145,Sequential RNN
0.14371298,-0.21011528,0.5376379,-0.03179044,0.13414906,2.708419,0.013411071,0.28427225,-0.040021885,-0.1207134,-0.5478447,-0.08356401,-0.53214663,-0.47214767,-0.7832585,146,Sequential RNN
0.09707181,-0.18453555,-0.31020576,-0.18534218,0.022560088,0.31512058,-0.10099207,0.72728366,0.5571559,0.06681199,1.440099,0.04242318,-0.36810863,-0.2916952,-0.8276476,147,Sequential RNN
0.32124987,0.00010788748,1.0644525,-0.082885325,0.40334216,1.3807924,0.034971196,0.041266,-0.20916435,0.42193717,1.337706,0.08171457,-2.186224,-0.87467337,-0.7345929,148,Sequential RNN
0.013350311,-0.098475665,0.22845808,-0.050016742,0.20041655,0.5397925,-0.045733128,0.33063734,-0.061186556,0.59827334,1.3044715,0.06951782,-1.18716,0.11949274,-0.9618374,149,Sequential RNN
0.021699162,0.10933475,-0.04743559,-0.4093405,0.0749589,1.9692045,-0.0012602945,0.11980265,-0.073888205,-0.08878653,-0.16935594,-0.4322162,-0.07402345,2.128307,-2.1270003,150,Sequential RNN
-0.11749261,0.049454104,0.83807826,-0.14951982,0.13637327,2.6066177,0.04965105,0.14646558,-0.08185425,0.23310408,-0.54308885,-0.21278553,-0.6953092,-1.2697365,0.010042503,151,Sequential RNN
-0.0062998026,0.09631236,0.83128965,0.2107616,0.027245246,1.4631147,0.15647414,-0.3157209,-0.5939896,0.86598265,-1.2841904,0.27331567,-0.2011623,-1.3044212,0.78128767,152,Sequential RNN
-0.5108809,-0.6458732,0.06043704,-0.26793265,0.20706919,-0.42822883,-0.15034004,1.4184923,1.278534,-0.021252554,0.10188298,-0.17903207,-0.5025292,2.4226623,-1.7830095,153,Sequential RNN
-0.26969776,-0.25992155,-0.8240108,-0.10360092,-0.24763957,1.3935744,0.0308171,0.11742848,0.31621507,-0.23238865,-1.0078104,-0.067537576,2.2433574,0.17499956,-0.26378483,154,Sequential RNN
0.007218307,0.1395006,0.9913921,-0.034170877,0.2785711,1.105111,0.11147135,-0.1244155,-0.040955402,-0.19656973,-0.8340241,-0.25717676,-0.40676126,0.17019899,0.090609826,155,Sequential RNN
-0.09662676,-0.051318385,-0.6367721,0.011456531,-0.08562055,0.46375495,-0.059961222,0.16265616,-0.14459953,0.042093225,-0.013338444,-0.112816446,0.78416353,2.372216,-1.635287,156,Sequential RNN
0.07571939,0.08474102,-0.22023104,0.13804485,-0.0054378347,1.46099,-0.00054027507,-0.12054216,-0.10371585,0.31283292,-0.5437121,-0.13847376,0.2979673,1.1263117,-1.3639541,157,Sequential RNN
0.0045160954,-0.022310983,0.22754715,-0.0015420594,0.06690905,0.8051845,-0.005685464,0.10709716,0.28231686,-0.046618864,-0.6231234,-0.24167237,-0.08478179,2.4766076,-1.9444442,158,Sequential RNN
0.14077283,0.025466053,0.24856515,-0.010669752,0.031997617,1.6948427,0.019019838,-0.057954755,0.3528405,-0.07527825,-0.6095553,-0.07171375,-0.102961436,0.316221,-0.9015918,159,Sequential RNN
-0.28874713,0.054570593,0.44599098,-0.04599733,0.06865005,1.6223683,0.130364,-0.30511644,0.68312126,0.13353708,-0.48528373,-0.07441125,-0.23695317,1.0088766,-1.7109708,160,Sequential RNN
-0.47299767,-0.02210747,-0.2190227,-0.0033224362,-0.08859892,0.8347535,0.14376557,-0.43837434,1.5617512,-0.21866076,0.4795944,0.15776983,0.4198181,-0.022937482,-1.111431,161,Sequential RNN
-0.51280534,-0.1510704,-0.23041193,-0.034755863,-0.0981275,1.5269699,0.041207105,-0.026083956,1.3069164,-0.38819766,-0.1656958,0.12788713,0.70620316,0.2561203,-1.3581558,162,Sequential RNN
-0.15310892,-0.10491906,0.54923594,0.041094866,0.07653553,1.4047999,0.088893205,-0.01495513,0.5486546,-0.17332561,-0.6159197,-0.0480153,-0.24926144,0.07144359,-0.4211521,163,Sequential RNN
-0.12365792,0.0164674,-0.096474856,0.105852745,-0.035620373,1.152494,0.04842208,-0.1264442,0.24057259,0.0927888,-0.7735503,-0.28500074,0.42111766,1.8159971,-1.4529641,164,Sequential RNN
-0.054834556,-0.14492187,-0.4964369,0.0073896907,-0.09901966,1.2595903,-0.010691093,0.31192416,0.09022793,0.14873874,0.04352769,-0.2547912,0.4684125,1.9290957,-2.198211,165,Sequential RNN
-0.10905881,-0.042549137,-0.54257333,0.11464598,-0.19044603,1.8294014,0.07019988,-0.33624607,0.49738586,0.28845203,-0.25199062,-0.03545126,0.8850335,0.6561265,-1.83293,166,Sequential RNN
0.039581977,-0.0036747388,0.30824903,0.062378064,0.013533993,1.853133,0.07402223,-0.2106394,0.6375184,0.1318425,-0.56445646,-0.030260114,-0.16452898,0.2500514,-1.3967507,167,Sequential RNN
0.18840924,-0.074406825,0.8978723,0.086855866,0.14623767,1.4059777,0.0330809,0.051571555,0.15417716,0.13424371,-0.53016,-0.06417753,-0.6794824,-0.25001955,-0.5001796,168,Sequential RNN
0.11613576,-0.07767706,0.7335003,-0.013459491,0.109434776,0.9047201,0.020168826,0.048209764,-0.0764876,0.14425087,-0.9374187,-0.23739378,-0.13895538,2.096463,-1.6914917,169,Sequential RNN
-0.024721215,-0.0046778293,-0.67163295,0.056722015,-0.25627172,1.6220633,0.05004626,-0.15964635,0.17630568,0.005171593,-0.6773082,-0.038486544,1.5573484,-0.9699201,0.33500805,170,Sequential RNN
-0.0067962245,-0.22006722,-0.33114284,0.00072638015,-0.029982343,1.1818681,-0.0025645364,0.11693051,-0.034381945,0.16390976,-0.87595934,-0.111887254,0.5913686,1.8291159,-1.2711371,171,Sequential RNN
0.05357126,-0.06612284,-0.10482687,-0.012841534,-0.028829705,1.8264775,-0.01613157,0.23220076,0.26088262,0.048510954,-0.5729035,-0.0048196586,0.20169947,-0.66733086,-0.14953573,172,Sequential RNN
0.033602137,-0.13924485,-0.582053,-0.05706863,-0.0457215,1.788954,-0.051390506,0.45292628,0.23971641,0.11852352,-0.4505877,-0.12850991,0.5992356,0.8763374,-1.6547196,173,Sequential RNN
0.13919999,-0.051172685,-0.97034764,-0.029903488,-0.22628888,0.4240318,-0.028255213,0.14802028,-0.09618555,0.13097225,-0.69398713,-0.14803992,2.0562747,1.1217828,-0.77610207,174,Sequential RNN
-0.13443284,0.00013976946,0.00063684,-0.0546398,0.058622174,1.0633677,0.013513335,0.64287734,-0.026062023,0.6744963,-1.4542688,-0.16876915,0.6605882,-0.19033153,-0.0857376,175,Sequential RNN
0.30459705,-0.13718118,-1.0685396,-0.04457492,-0.14406645,0.24816202,-0.28288278,0.32950556,0.07183703,0.028346147,0.62183094,-0.09782757,0.77742165,1.2389864,-0.8456144,176,Sequential RNN
-0.06865477,-0.21141255,-1.4147422,0.19241351,-0.319552,0.8138983,-0.15453102,0.046719294,-0.042205855,0.08409249,0.1809518,-0.12522446,1.6391007,1.7568573,-1.3777095,177,Sequential RNN
-0.2536537,0.0959424,-1.0584345,0.008460052,-0.20933616,0.8041321,-0.021827865,-0.012508225,-0.23907319,0.29424757,0.0004999762,-0.0152954515,1.8484225,-0.73340726,0.49183166,178,Sequential RNN
0.24050951,-0.19173948,-0.17762642,-0.0049710404,0.28477877,-0.64946204,-0.2324754,0.6851158,-0.22062048,1.157269,1.629924,0.057292268,-1.1852223,-0.26146996,-0.13130155,179,Sequential RNN
0.28808045,-0.2903523,-0.5151525,-0.031720642,0.084850185,-0.25376457,-0.46397805,1.4774666,-0.23220009,0.6465019,1.5650568,0.023400513,-0.8932699,-0.070273235,-0.33464485,180,Sequential RNN
0.005298537,-0.26574174,-0.9145783,0.040782418,-0.009540128,1.0967262,-0.19344553,0.9622351,-0.4047414,0.49057624,0.11732514,-0.23911951,0.16157211,1.277699,-1.1250478,181,Sequential RNN
-0.009931484,-0.3453268,-0.48259458,-0.15962324,0.009036478,1.1793531,-0.024096755,0.43909675,-0.041890167,0.061204012,-0.26618442,-0.02107787,0.2092591,1.5074543,-1.0546786,182,Sequential RNN
-0.10249614,-0.24766941,-1.066536,-0.11828536,-0.11122816,1.1245778,-0.0984709,0.7440717,-0.15620404,0.15316963,0.75412595,-0.008238581,0.9185526,-0.014490407,-0.7708784,183,Sequential RNN
0.0103026405,-0.21453361,0.78959876,-0.0049355305,0.18490167,1.9963537,0.0186181,0.26907632,-0.023036733,0.052540585,-1.0152273,-0.11567101,-0.71512383,1.0366646,-1.2695286,184,Sequential RNN
0.23036267,-0.16789663,0.6963296,0.040294822,0.06459951,2.4330955,0.14451432,-0.091427505,-0.050412837,-0.06720363,-1.3339137,-0.31209192,-0.34151632,0.16963337,-0.41436738,185,Sequential RNN
0.16177213,-0.085029565,0.38063604,0.00612346,-0.003605301,1.8995011,0.0661303,-0.08105295,0.32708272,-0.12507512,-0.76852643,-0.044631466,-0.09563698,-0.024395697,-0.6132919,186,Sequential RNN
0.1579787,-0.059429884,0.5452637,-0.012365358,0.16047803,1.490907,0.04470253,-0.01438925,0.30256262,-0.06388745,-0.40872562,-0.023775231,-0.4812145,-0.16513614,-0.47296914,187,Sequential RNN
0.008116063,-0.44166076,0.4958741,-0.009191094,0.054785136,1.1741796,-0.026919626,0.2309233,0.032531284,0.75125015,0.0957195,0.8566647,-0.58654445,-1.0621312,-0.5735962,188,Sequential RNN
-0.08522493,-0.22523716,-1.2028445,-0.061700433,-0.10600231,-0.16713068,-0.073127344,0.55850035,-0.72487277,0.95983535,0.9224797,-0.12649566,0.9240022,1.2194365,-0.81161743,189,Sequential RNN
-0.009220663,0.034408543,-0.25712955,0.18163365,-0.037735537,0.08738126,-0.049845293,0.10733376,-0.2617152,0.010150025,-0.34638068,0.026842281,0.69758004,-0.58682066,1.403518,190,Sequential RNN
0.11434426,-0.2816806,-0.35884023,-0.60337275,0.45724723,-0.17178228,-0.19237499,1.3720337,-0.5267861,0.46694398,0.18453652,-0.25733197,-0.38260132,1.938999,-0.7593346,191,Sequential RNN
-0.1962706,-0.13893802,-1.0592699,-0.37408164,-0.33690333,0.7180968,-0.06711014,0.6789319,-0.06752129,0.1313418,-0.19110884,0.056811847,2.1821725,-0.29562598,-0.040524874,192,Sequential RNN
-0.10240095,-0.22973236,-0.42834812,-0.29311666,0.11491997,0.7546356,-0.05571585,0.875921,-0.14527616,0.77234846,-0.19082099,-0.028856497,0.15249683,1.1827343,-1.378789,193,Sequential RNN
-0.05036404,-0.15640981,-0.18155423,-0.14139548,0.044110093,1.4503736,0.008828832,0.563499,-0.020474352,0.22162415,-0.5791192,-0.024940016,0.31118593,0.320205,-0.7655688,194,Sequential RNN
-0.09602892,-0.055497188,-0.4199236,-0.026781237,-0.1438931,0.7518782,-0.017122826,0.118752204,0.616625,0.40274468,0.07305856,0.08732649,0.6081966,-0.7988398,-0.100495204,195,Sequential RNN
-0.14593713,-0.07891628,-1.2753754,-0.04095535,-0.2890195,0.79951936,-0.026575249,0.09711409,0.5463808,0.21305794,-0.4866736,-0.048725363,2.2640502,0.45633927,-0.9842837,196,Sequential RNN
0.06180234,-0.032742146,0.7064697,0.08182907,0.016423322,1.8120048,-0.02235644,0.08975542,0.40630782,0.40645805,-0.74583554,0.0009676771,-0.48298156,-1.0355525,-0.2625498,197,Sequential RNN
-0.07261492,-0.04753454,-1.4123191,0.00010677592,-0.22062136,0.17068088,-0.07971976,0.20200561,-0.20753878,0.27490667,0.24509834,-0.11796801,1.9044869,1.395708,-1.0346758,198,Sequential RNN
0.019802636,-0.14286509,0.22877216,0.017111002,-0.0016233992,2.0462382,0.050619904,0.0822853,0.49294022,-0.08232249,-0.8023344,0.05438505,-0.16277045,0.37063283,-1.1708713,199,Sequential RNN
0.06673306,-0.22674902,0.12520407,-0.07338934,0.1957261,1.7390462,-0.11261367,0.8624868,-0.48212233,0.3968742,-0.23125575,-0.313723,-0.6088001,0.95175344,-1.2891711,200,Sequential RNN
-0.066074856,0.020422103,-0.34416378,0.06493614,-0.1493918,1.316227,0.057200436,-0.21587302,0.76970947,-0.058819074,-0.5096044,-0.14081593,0.7865066,0.642535,-1.1727937,201,Sequential RNN
-0.1371367,-0.10300823,-0.66482705,-0.024579097,-0.15981059,1.2383345,-0.0024818147,0.2592325,-0.16967276,0.3914509,-0.59018016,-0.06876403,1.4329922,0.33813834,-0.7396885,202,Sequential RNN
-0.016488964,-0.23435067,-0.17723402,-0.07588828,0.2720597,1.2599217,-0.6162452,1.8077229,-0.25743145,0.08184704,-0.73008746,-0.1543989,-0.09211398,1.0278947,-1.0952076,203,Sequential RNN
0.124681026,-0.5451152,-0.39010188,-0.17329153,0.18210362,-0.09705353,-1.5027416,3.7224984,-0.41174722,0.16854744,0.33011734,-0.017298402,-0.46155137,0.3034191,-0.23246652,204,Sequential RNN
0.15270385,-0.24273166,0.15494035,-0.024388153,0.22691198,1.8618654,-0.37509277,1.1272244,0.11106802,0.42049298,-1.474424,-0.09499066,-0.314039,1.0741335,-1.6036748,205,Sequential RNN
0.10490873,-0.14928432,0.1022043,-0.07322449,0.11137575,0.19861864,-0.37274277,1.6715896,-0.3376518,0.20796348,-0.1610797,-0.051934723,-0.40232062,0.5426384,-0.3910607,206,Sequential RNN
0.08558404,-0.05315449,0.16646822,-0.061220597,0.07054901,1.5524353,-0.075126044,0.5856856,0.06700614,0.03880396,-0.587859,-0.15727347,-0.25023222,0.115876734,-0.49754384,207,Sequential RNN
-0.006175769,-0.04112663,-0.18547113,-0.033222612,-0.023413965,1.3808036,-0.029507184,0.46726954,-0.013006538,0.3762304,-0.26286945,-0.028382665,0.07857019,-0.66447496,-0.015222751,208,Sequential RNN
0.017559778,0.031615578,0.027168699,-0.0012952912,-0.058525607,1.2966659,0.13851602,-0.16742173,0.7077806,-0.06539801,-0.6774281,-0.028420882,0.27127033,-0.3927612,-0.09932635,209,Sequential RNN
-0.043256726,0.018576154,-0.33187458,-0.06005755,-0.12699957,1.3711423,0.16523066,-0.046215277,0.9830384,0.033747762,-0.279585,-0.1221321,0.4724597,-0.45246887,-0.5816053,210,Sequential RNN
-0.03695077,-0.028223703,-0.3619401,-0.029725637,-0.11127135,1.1849396,0.06844424,0.027939055,0.15640621,0.014403642,-0.31568253,-0.18842947,0.63639235,1.6582496,-1.6745515,211,Sequential RNN
0.03795342,-0.08848449,0.104336224,-0.2002825,0.09021484,1.1019406,0.22235264,0.61336875,0.029716477,0.09441879,-0.5976647,-0.11017347,-0.07028762,0.35215777,-0.57956666,212,Sequential RNN
0.08004923,-0.23238531,-0.21941416,-0.22378463,0.09815363,0.7559668,-0.22782774,1.2415121,-0.010773813,0.2597933,0.0505719,-0.027266871,-0.08227051,0.13487285,-0.5971966,213,Sequential RNN
0.03791373,-0.013537629,0.0019371219,-0.014012712,-0.011485781,0.9469033,0.0075490307,-0.0069191516,0.72215897,-0.10731565,-0.24398142,-0.011131921,0.07627724,-0.13899739,-0.24535784,214,Sequential RNN
0.37441704,-0.020551292,0.08942355,-0.010583489,-0.010663378,1.0987349,0.015626663,-0.13640237,0.6347344,-0.08338527,-0.45933425,0.06957741,-0.084861696,-0.097861625,-0.3788703,215,Sequential RNN
0.24282229,-0.113189176,0.08429782,-0.07879931,0.04965026,1.0769845,0.025557155,0.2952524,0.4797638,-0.049119536,-0.40364522,-0.027554087,-0.099758,-0.24089603,-0.24136691,216,Sequential RNN
0.27380878,-0.13156368,0.23115608,-0.0853981,0.045348555,0.9755759,0.11799645,0.058611423,0.8144979,-0.15950352,-0.4579357,0.019739503,-0.19747551,-0.19314562,-0.31171274,217,Sequential RNN
0.26808718,-0.0936718,0.8678866,-0.09566485,0.42384723,0.7327853,-0.018306278,0.2704509,0.520516,0.38852492,-0.2813554,0.074164875,-1.2144128,-0.11574697,-0.72710466,218,Sequential RNN
0.1707213,-0.26798904,-0.037560612,-0.19476065,0.07819844,1.0180906,-0.042644165,0.8273386,0.7667007,0.26772562,-0.31742507,-0.07096732,-0.24354178,-0.13559176,-0.81829506,219,Sequential RNN
0.217594,-0.22484247,0.29327583,-0.18851896,0.11773818,0.55230254,0.016084563,0.6042063,0.56450117,0.16076659,-0.25117305,-0.12717472,-0.6850109,1.2382476,-1.2879966,220,Sequential RNN
0.10459718,-0.1254306,0.47793892,-0.27309564,0.40164074,0.4385405,-0.066197045,0.5325012,-0.06213521,0.21585688,-0.16965991,-0.12118421,-0.8864258,1.8966733,-1.36362,221,Sequential RNN
-0.32267913,-0.06204071,-2.6576583,-0.0572302,-0.6220905,0.28851914,-0.038835064,0.036340035,0.25749087,-0.002504634,-0.02675298,0.09225417,4.487968,-0.10900779,-0.2637722,222,Sequential RNN
0.04882039,0.0028157157,0.8530275,-0.06991105,0.84243274,0.51631457,-0.0015929558,0.0475001,0.6122587,0.3311025,-0.34310263,-0.089815944,-1.2897003,-0.0038522698,-0.4562977,223,Sequential RNN
0.052871834,0.060118522,-0.01495429,-0.061978363,0.16249634,1.1316304,0.0064709242,-0.13467376,0.9303142,-0.025094528,-0.48922956,-0.05952988,0.2561596,-0.50574195,-0.30885935,224,Sequential RNN
0.10810509,0.041300002,-0.3936024,-0.07228208,-0.007750148,1.4325299,-0.06147192,-0.091433786,0.94329375,0.023240855,-0.68252945,-0.22063355,0.98773503,-0.3388991,-0.6676025,225,Sequential RNN
0.024306491,-0.19283682,0.45785785,-0.022512332,0.3412184,0.28353584,-0.15069617,0.98962915,-0.15262261,0.29635862,-0.41973826,-0.3206559,-0.8597582,2.6874938,-1.9615798,226,Sequential RNN
-0.19905359,-0.10446793,-0.59329385,-0.16238824,0.0020629084,0.1423236,-0.14667219,0.934088,0.56804097,0.35498372,-0.07067555,-0.06040533,0.7885889,0.1495329,-0.60266405,227,Sequential RNN
0.017589074,-0.1101896,0.11228011,-0.05223184,0.06875333,0.9368208,-0.1720393,1.1197985,-0.15415719,0.13274714,-0.34021693,-0.111233436,-0.22761483,0.16306324,-0.3833692,228,Sequential RNN
-0.16668586,-0.04374455,-0.19076203,-0.10022393,-0.024481537,1.6431508,0.05717799,0.13978128,0.25577706,0.06674571,-0.39058152,-0.20212486,0.47026896,0.06524773,-0.57954496,229,Sequential RNN
-0.22416429,-0.023974417,-0.4817223,-0.021466777,-0.13755307,1.4748944,0.11250539,-0.25166836,0.54923755,-0.16181436,-0.75209814,-0.124824084,1.5625434,-0.08697325,-0.43292212,230,Sequential RNN
-0.14348318,0.043552395,-1.0832863,0.009470523,-0.20028423,0.69115293,0.033053096,-0.38198712,0.982618,-0.21707843,0.29723674,-0.022707663,1.6309707,-0.29488504,-0.34434167,231,Sequential RNN
-0.28126338,0.1357639,-0.70799017,-0.042236697,0.09833683,1.4830103,-0.00919434,0.084530495,0.267211,0.13168819,-0.6785734,-0.22444344,1.2154528,-0.025525365,-0.44676644,232,Sequential RNN
-0.2649683,-0.024987724,-1.3998545,-0.05438526,-0.28387174,0.10261178,-0.16105092,0.6767779,-0.17929775,0.899065,0.20450519,-0.0030560207,1.9207718,-0.90398115,0.4717221,233,Sequential RNN
0.06446933,-0.029927328,0.8689692,-0.018258795,0.27501312,1.3816555,-0.006015124,0.08953108,0.741749,0.04174055,-0.3982808,-0.021176236,-1.0943753,-0.4485976,-0.44649637,234,Sequential RNN
-0.1770743,-0.009369783,-0.9092067,-0.021969559,-0.34996745,0.9402596,-0.11998247,0.37034062,-0.105903395,0.120203875,-0.20494698,-0.03613924,2.0664413,-0.7666751,0.20398983,235,Sequential RNN
0.16187759,-0.117120706,-0.34322947,-0.11818485,-0.029057639,1.2044767,-0.18843395,0.89395005,-0.11273708,0.44317257,-0.48013362,-0.16936727,0.444882,0.0063191694,-0.5964137,236,Sequential RNN
-0.0653723,-0.18881002,-0.7998756,-0.09814453,-0.09803614,1.2284051,-0.1763467,0.62800056,0.68152434,0.50364065,0.105243064,0.39599842,0.65694475,-1.6815304,-0.091641225,237,Sequential RNN
0.17165186,-0.2235824,0.13677701,-0.3789417,0.122580044,0.75225586,-0.2579921,1.7036418,0.16752563,0.09065884,-0.37808156,0.019450352,-0.3105785,-0.64841115,0.033046264,238,Sequential RNN
0.19247791,-0.11602497,-0.4054712,-0.22984129,0.04963616,1.6716983,-0.33715415,1.1628013,-0.01563643,0.706358,-0.38666594,-0.019324569,-0.35405558,-0.52304226,-0.39575562,239,Sequential RNN
0.049063038,-0.0055663004,-0.469371,-0.0011893533,-0.12816587,1.2296445,-0.101785295,0.19762231,0.31275347,0.5435318,-0.68863183,-0.031795423,0.6694903,-0.33216938,-0.24343127,240,Sequential RNN
0.0413713,0.005958878,-0.3737237,-0.007189324,-0.11493728,1.1072738,-0.04177861,0.05842456,0.6773642,0.117502145,-0.3751071,0.061756283,0.54063845,-0.7452344,0.047680616,241,Sequential RNN
-0.033139724,-0.0478513,-0.5664194,-0.045183517,-0.16460152,1.025818,-0.11651925,0.5319111,0.3773769,0.26486886,-0.69052064,0.028394043,1.1263099,-0.56699777,-0.12344592,242,Sequential RNN
-0.013991773,-0.1450055,-0.27452776,0.029769313,-0.10753493,1.7901146,-0.031470668,0.19080593,0.3647882,0.26148966,-1.0984544,-0.09184255,0.92078817,0.04211067,-0.83703893,243,Sequential RNN
0.0658378,-0.3279869,0.20394902,-0.3411165,0.25416297,0.48215201,-0.34699592,1.9787102,0.06730947,0.5810333,0.014308422,0.025488725,-0.8931291,-0.35169354,-0.4120289,244,Sequential RNN
0.031363785,-0.2203638,-0.12846471,-0.17020355,0.03548099,0.09025744,-0.1611839,1.6352173,0.004371837,0.4238486,-0.10594638,-0.04328551,-0.15643916,-0.047670223,-0.18698272,245,Sequential RNN
-0.025572829,-0.13004598,-0.087725334,-0.12644722,0.020110149,0.5718491,-0.121980265,1.0334607,0.16263324,0.40096363,-0.06929802,-0.010375303,-0.07279044,-0.39797223,-0.14680892,246,Sequential RNN
0.18574792,0.009508587,0.57552713,0.04306398,0.05657605,0.9191052,-0.10271185,0.10192731,1.7859911,-0.03784983,-0.24828106,0.1467873,-0.74880457,-1.5683345,-0.118251964,247,Sequential RNN
0.24614325,-0.045434855,0.3467203,-0.03873014,0.14961778,-0.12507768,-0.1093047,0.6147441,-0.5390341,0.75313586,-0.06416936,-0.14118141,-0.89222336,2.5287428,-1.6839484,248,Sequential RNN
0.17099264,0.091210514,-0.011506386,0.16119711,-0.09839109,1.2369199,0.032303203,-0.33231598,0.70448923,-0.3764556,-0.46459523,-0.007723404,0.423312,-0.14941905,-0.38001797,249,Sequential RNN
