Asset_1_Weight,Asset_2_Weight,Asset_3_Weight,Asset_4_Weight,Asset_5_Weight,Asset_6_Weight,Asset_7_Weight,Asset_8_Weight,Asset_9_Weight,Asset_10_Weight,Day,N_Assets,Model
-0.055081356,-0.08740691,-0.43332398,-0.18189564,0.18541048,-0.2985454,-0.11374793,0.7300663,-0.49996662,1.7544916,1,10,Sequential LSTM
-0.009848361,-0.14946014,-0.25876123,-0.091309346,0.23351616,2.0967882,0.249115,0.10083606,-1.0191319,-0.15174422,2,10,Sequential LSTM
-0.006374693,-0.1324334,-0.66828465,-0.22433773,0.16828395,-0.26502874,-0.09454205,0.831326,-0.76128,2.1526709,3,10,Sequential LSTM
-0.043994784,-0.18439995,-0.41619372,-0.07306388,0.1662407,1.9661126,0.14640564,0.32091314,-1.2307358,0.34871605,4,10,Sequential LSTM
-0.054372355,0.22545432,-0.5468067,0.03703546,0.32549423,-0.7599123,0.28834674,-0.784141,0.027824499,2.2410777,5,10,Sequential LSTM
-0.07248113,-0.41698316,-0.523758,-0.39457145,0.16655189,1.4854323,-0.25693965,1.9475408,-1.2755537,0.34076217,6,10,Sequential LSTM
0.07528963,-0.23473161,-0.4512464,-0.30426338,0.27720284,1.3702888,-0.06168748,0.95448416,-1.1071416,0.48180494,7,10,Sequential LSTM
-0.05001409,-0.17635654,-0.62167853,-0.31385478,0.44885305,0.2260684,-0.09137689,0.96740294,-0.95178795,1.5627449,8,10,Sequential LSTM
-0.020235397,-0.22979248,-0.4728162,-0.30470654,0.5410019,1.5169383,-0.020815108,0.73406744,-1.110199,0.36655748,9,10,Sequential LSTM
-0.07872167,-0.12424422,-0.3914901,-0.091535844,0.3027186,1.5628297,0.52563983,-0.36371133,-1.3348805,0.9933954,10,10,Sequential LSTM
0.0027811974,-0.04432508,-0.22787844,-0.057263855,0.21189953,1.0180844,0.12667255,0.030518148,-0.76968366,0.709195,11,10,Sequential LSTM
0.0371315,-0.089859016,-0.37981895,-0.014068054,0.09816353,1.7819558,0.628501,-0.81513095,-0.13066287,-0.1162122,12,10,Sequential LSTM
-0.080836095,-0.5672871,-0.559141,-0.4944014,0.20281425,0.46011868,-0.54402345,3.0378733,-0.8705623,0.4154462,13,10,Sequential LSTM
-0.07319736,-0.54716367,-0.309152,-0.28452566,0.09006547,-0.14338538,-0.48342314,2.7794113,-0.40961018,0.38098156,14,10,Sequential LSTM
-0.10198392,-0.31764162,-0.5883958,-0.3931929,0.28003812,-0.31111798,-0.27992037,1.6780951,-0.7405056,1.7746246,15,10,Sequential LSTM
0.06047812,-0.18821397,-0.6230802,-0.25007287,0.072564825,-0.2597419,-0.18347919,1.1523073,-0.7278823,1.9471205,16,10,Sequential LSTM
-0.06827481,0.099076174,-0.38561812,0.049617324,0.23699495,-0.077084236,0.3151613,-0.47957635,-0.45563865,1.7653426,17,10,Sequential LSTM
-0.16035071,-0.54013884,-0.509945,-0.61765647,0.18457657,-0.015232299,-0.34746444,2.682164,-0.86147326,1.185521,18,10,Sequential LSTM
-0.08497735,-0.46452346,-0.401019,-0.4693375,0.23466282,0.76950586,-0.35614765,2.2405784,-0.9958371,0.5270956,19,10,Sequential LSTM
-0.016503492,-0.1326068,-0.3321927,-0.080609195,0.09821942,1.2537233,0.050918974,0.32600528,-1.0498823,0.8829275,20,10,Sequential LSTM
0.0077470834,-0.19691728,-0.5119374,-0.1588755,0.037282035,0.20329386,-0.034205142,0.839175,-0.8981346,1.7125717,21,10,Sequential LSTM
-0.07596306,-0.5264235,-0.6214348,-0.52776283,0.1688245,1.0463669,-0.31462157,2.359864,-1.0737594,0.56491035,22,10,Sequential LSTM
0.009048787,-0.4981807,-1.3076072,-0.62932163,0.18414271,-1.1099743,-0.43545106,2.418074,-0.1711965,2.540466,23,10,Sequential LSTM
0.040290203,-0.12375158,-0.34930015,-0.2535758,0.25182182,0.5022804,-0.016717045,0.69412994,-0.7871054,1.0419277,24,10,Sequential LSTM
-0.00050332915,-0.1445838,-0.44996995,-0.10435918,0.08110155,1.0115194,0.030961204,0.45170364,-1.098934,1.2230644,25,10,Sequential LSTM
-0.0017919312,-0.20583525,-0.2795864,-0.2307653,0.22279283,1.4227964,0.012890396,0.7701877,-0.8747853,0.16409679,26,10,Sequential LSTM
0.10851499,-0.07894093,-0.70037454,-0.29936528,0.15808472,-0.41488275,0.2394582,0.4119215,-0.40510273,1.9806867,27,10,Sequential LSTM
-0.13796335,-0.25974652,-0.5046469,-0.3773669,0.19273095,0.8736023,-0.29642397,1.8784381,-1.1009867,0.73236406,28,10,Sequential LSTM
0.09359403,-0.19510254,-0.7799029,-0.29744935,0.19531232,0.3477676,0.000982666,0.84344953,-1.0592755,1.8506237,29,10,Sequential LSTM
0.17844468,-0.043155603,-0.6884194,-0.16682121,0.07729078,-0.40235338,0.00016012014,0.36222637,-0.624029,2.3066566,30,10,Sequential LSTM
-0.041596502,-0.38603443,-0.7736429,-0.583307,0.23823704,-0.23865351,-0.48326015,2.5824115,-0.7713543,1.4572003,31,10,Sequential LSTM
0.048760805,-0.37952256,-0.6807354,-0.38896927,0.11440263,0.6016361,-0.2041346,1.6799254,-1.0350511,1.2436879,32,10,Sequential LSTM
-0.059453145,-0.2219294,-0.6790832,-0.41848043,0.65283513,0.51732755,-0.16151614,1.2071203,-1.052025,1.2152035,33,10,Sequential LSTM
-0.17445427,-0.60531884,-0.95298654,-0.6525816,0.40024167,-0.66334474,-0.5452342,2.999975,-0.5737396,1.7674423,34,10,Sequential LSTM
-0.1440434,-0.66415054,-0.6600103,-0.68834955,0.3256047,-0.1335788,-0.621832,3.4202642,-0.76362437,0.92971915,35,10,Sequential LSTM
-0.004646596,-0.13766214,-0.55603606,-0.18997234,0.043329988,-0.34194988,0.00039533575,0.79390615,-0.6582284,2.0508637,36,10,Sequential LSTM
0.052963566,0.086730346,-0.5687792,-0.045404337,-0.020683631,-0.7614859,0.14922978,-0.2123294,0.1505881,2.1691709,37,10,Sequential LSTM
-0.05547442,-0.47065488,-0.54229444,-0.4959732,0.3059192,1.4041454,-0.1603337,1.8334895,-1.1379982,0.31917432,38,10,Sequential LSTM
-0.22694679,-0.4223065,-0.9275651,-0.50265574,0.51008266,-0.87384474,-0.26127818,1.5763744,1.0895648,1.038575,39,10,Sequential LSTM
0.03657407,-0.064970344,-0.58684176,-0.1271684,0.09674899,0.04240434,0.05660358,0.2729374,-0.75337183,2.027084,40,10,Sequential LSTM
0.2545681,0.48334396,0.042983238,0.74597496,0.05771409,-0.51965857,0.9665145,-3.1813452,1.1063846,1.0435206,41,10,Sequential LSTM
0.067097604,0.1059583,-0.7108031,0.032988526,-0.016637055,-0.46491033,0.18721455,-0.20642574,-0.75659454,2.762112,42,10,Sequential LSTM
-0.13561812,-0.50858116,-0.5029156,-0.5871753,0.23698328,0.921332,-0.49058864,2.884394,-0.97507226,0.15724213,43,10,Sequential LSTM
-0.196718,-0.37240615,-0.816056,-0.55769956,0.7192261,-0.95315695,-0.40035272,1.79002,0.5366162,1.2505271,44,10,Sequential LSTM
-0.1077886,0.00538866,-0.29232302,0.045449603,0.38456997,1.0725453,0.26775306,-0.32677877,-1.227415,1.1785983,45,10,Sequential LSTM
0.18023674,-0.14069249,-0.72591347,-0.34257588,0.16789682,-0.5947678,-0.19812487,1.0132773,-0.4109808,2.0516443,46,10,Sequential LSTM
-0.06341666,-0.38951632,-0.5998891,-0.4322371,0.32959026,1.0778862,-0.23770405,1.8119872,-1.1851898,0.6884892,47,10,Sequential LSTM
-0.05420477,-0.22044604,-0.722047,-0.23626879,0.080252886,-0.82892615,-0.20654829,1.2721003,-0.27201736,2.1881046,48,10,Sequential LSTM
-0.066459574,-0.28653827,-0.47901627,-0.35580337,0.63825166,0.55151385,0.02761142,0.3831493,0.8516202,-0.2643289,49,10,Sequential LSTM
-0.083043195,-0.6219175,-0.82276535,-0.55839515,0.37419227,-0.58305377,-0.4528163,2.5559714,-0.2162415,1.4080693,50,10,Sequential LSTM
-0.009702133,-0.27106982,-0.48098332,-0.23583335,0.083627425,0.9623325,-0.07572522,1.1294031,-1.0418385,0.9397896,51,10,Sequential LSTM
-0.06651736,-0.71884394,-0.8433058,-0.89545035,0.2792353,0.0560935,-0.8403887,4.145434,-0.7331216,0.61686504,52,10,Sequential LSTM
-0.09561362,-0.0775628,-0.5303735,-0.12179606,0.40948442,0.6222332,0.05844258,0.30319592,-1.0030997,1.4350895,53,10,Sequential LSTM
0.08930243,-0.18699436,-0.6390003,-0.24947475,0.117104046,0.22347502,-0.070689484,0.86321795,-0.8998073,1.7528675,54,10,Sequential LSTM
-0.11368141,-0.844486,-1.017422,-0.7129508,0.32938823,0.4004074,-0.52325636,3.3223474,-0.9653797,1.1250329,55,10,Sequential LSTM
0.019106949,-0.33629918,-0.3136742,-0.2819445,0.08870435,0.7591643,-0.25290853,1.6535984,-0.85788107,0.52213365,56,10,Sequential LSTM
-0.005283311,0.16466722,-0.52829796,0.0057184733,0.45498967,-0.8774402,0.16307038,-0.7210659,0.97440374,1.369238,57,10,Sequential LSTM
-0.054492656,-0.42891335,-0.42132714,-0.27219734,0.21321295,1.5283183,-0.12587208,1.3156127,-1.2960844,0.5417432,58,10,Sequential LSTM
0.02483798,-0.043671455,-0.56001735,-0.12000332,0.06513823,-0.24787985,0.04063302,0.28878808,-0.62868965,2.180864,59,10,Sequential LSTM
0.12102027,-0.21103714,-0.6577047,-0.31120548,0.041378397,-0.3199867,-0.024531376,1.0465599,-0.6168716,1.9323785,60,10,Sequential LSTM
-0.013815788,-0.34622705,-0.33900988,-0.37269902,0.16116723,1.3692007,-0.17730772,1.5792111,-1.0155431,0.15502349,61,10,Sequential LSTM
-0.04256989,-0.19726454,-0.47037575,-0.18122685,0.28205764,1.7664474,0.31015056,0.17852287,-0.9579667,0.31222486,62,10,Sequential LSTM
-0.002525454,0.01593029,-0.4488347,-0.02644746,-0.0005441201,-0.31399998,0.054725397,0.061941043,-0.573723,2.2334778,63,10,Sequential LSTM
0.030017573,0.12597054,-0.6045011,-0.005664917,-0.04919963,-0.7474617,0.15331888,-0.28092122,0.15134992,2.227091,64,10,Sequential LSTM
0.16879472,0.21721253,-0.30473882,0.13207725,0.0065466594,-0.1702526,0.6969285,-1.0825042,-0.19699064,1.5329267,65,10,Sequential LSTM
-0.014186127,-0.17520007,-0.5288164,-0.24305339,0.11386443,-0.21096407,-0.18049133,1.1352428,-0.7398851,1.8434895,66,10,Sequential LSTM
0.0063229417,-0.35524863,-0.5688026,-0.3785482,0.13481621,1.4538171,-0.19371209,1.6715411,-1.0287966,0.25861076,67,10,Sequential LSTM
-0.075176105,-0.16838014,-0.6449114,-0.1529485,0.06471951,0.28784078,-0.03729494,0.82893944,-1.1158208,2.0130324,68,10,Sequential LSTM
0.056323584,-0.38087684,-0.83947974,-0.3424304,0.17266953,1.1831399,-0.114477575,1.4153744,-1.295116,1.1448728,69,10,Sequential LSTM
-0.032069236,-0.5337201,-0.63993585,-0.45896947,0.128327,1.3464456,-0.30028966,2.2475626,-1.276751,0.5193996,70,10,Sequential LSTM
0.03673095,-0.31603318,-0.73761857,-0.2565896,0.13454424,1.2335982,-0.065532066,1.0445727,-1.2924745,1.2188021,71,10,Sequential LSTM
-0.012746163,-0.29813758,-0.58544314,-0.31292266,0.20085299,0.858581,-0.16330951,1.3818516,-1.1274773,1.0587507,72,10,Sequential LSTM
0.2431219,-0.17838803,-0.66043496,-0.19237632,0.039124638,1.0482626,0.20891964,0.39992368,-1.1249747,1.2168207,73,10,Sequential LSTM
-0.014910412,-0.2857029,-0.89057434,-0.48881084,0.18979307,-0.6568571,-0.18129928,1.6189485,-0.37694743,2.086361,74,10,Sequential LSTM
-0.09423718,-0.46551952,-0.44538087,-0.40561256,0.23818943,1.5419149,-0.25033167,1.9682814,-1.2324512,0.14514762,75,10,Sequential LSTM
-0.056720294,-0.12593645,-0.47811592,-0.1270716,0.48257867,1.4851624,0.33198157,-0.21025836,-0.6751788,0.37355936,76,10,Sequential LSTM
-0.0116832,0.05296648,-0.46988323,-0.033550233,0.07384507,-0.65217674,0.019527705,0.010868048,-0.27962843,2.289715,77,10,Sequential LSTM
-0.04904554,-0.5674605,-0.59544533,-0.529294,0.17166275,0.14294463,-0.56891894,3.0904431,-0.8116597,0.71677345,78,10,Sequential LSTM
-0.08459136,0.025057692,-0.033615425,0.17324612,0.22245182,2.1101615,0.666314,-0.9332875,-1.2713109,0.1255736,79,10,Sequential LSTM
-0.0106887175,-0.3681842,-0.500871,-0.28933233,0.30734873,1.0949632,-0.1501888,1.409445,-1.0030035,0.5105119,80,10,Sequential LSTM
-0.17229918,-0.5929764,-0.7799817,-0.7104106,0.31220886,0.27800408,-0.6328065,3.527545,-1.1356963,0.906411,81,10,Sequential LSTM
0.20041321,-0.40044984,-0.9059876,-0.584913,0.22475581,0.06539448,-0.24336556,1.5852848,0.42594668,0.63292044,82,10,Sequential LSTM
0.040007178,-0.19067922,-0.51693964,-0.26751414,0.3608924,0.61127627,-0.10839977,0.90453994,-1.0128878,1.1797053,83,10,Sequential LSTM
0.13187405,-0.42720973,-0.7999534,-0.5643194,0.12679122,-0.50897974,-0.32831728,1.7431918,0.82602423,0.8008978,84,10,Sequential LSTM
0.019756876,-0.1708402,-0.4873814,-0.2486419,0.26666537,0.8364468,-0.094400056,0.8784569,-1.038488,1.0384253,85,10,Sequential LSTM
-0.06673003,-0.025827764,-0.79397905,-0.006447043,0.34219173,0.028983371,0.15475492,-0.025992727,-0.83590615,2.2289534,86,10,Sequential LSTM
0.0061312146,-0.4084335,-0.70300275,-0.559179,0.17930904,-0.12955026,-0.46421292,2.502554,-0.7574057,1.3337893,87,10,Sequential LSTM
0.13981906,-0.2292325,-0.67032623,-0.27737042,0.090301104,0.71464366,0.058760215,0.79315054,-1.0079812,1.3882358,88,10,Sequential LSTM
-0.26444793,0.4411509,0.45545295,0.6282988,0.5260134,-0.37782887,0.35500664,-1.7206526,0.37598443,0.5810219,89,10,Sequential LSTM
0.0472634,-0.5159225,-0.8432964,-0.5258584,0.16081437,0.25889298,-0.3926349,2.4503698,-1.1087639,1.4691359,90,10,Sequential LSTM
0.070511244,-0.6343583,-0.81206673,-0.5783813,0.22816591,0.90532964,-0.3925539,2.5806391,-1.2776245,0.91033834,91,10,Sequential LSTM
-0.1326208,-0.18460204,-0.2507769,-0.18213825,0.56859267,1.6553639,0.061982423,0.4291514,-1.1576427,0.19269052,92,10,Sequential LSTM
-0.034308534,0.1504224,-0.50147754,-0.027895348,0.027254153,-1.0526612,0.42267781,-0.7512749,0.9742782,1.7929846,93,10,Sequential LSTM
-0.07995065,-0.35364586,-0.33396208,-0.22851267,0.31437695,1.3970387,-0.10488058,1.1277224,-1.1375747,0.3993884,94,10,Sequential LSTM
-0.17730892,0.12165195,-0.036593568,0.6304615,0.14357871,0.7150016,0.23401833,-0.84544486,-1.1629518,1.3775876,95,10,Sequential LSTM
-0.17261837,-0.7700985,-0.87531257,-0.8140239,0.50521934,-0.5052176,-0.77596223,4.0327144,-0.2445704,0.6198698,96,10,Sequential LSTM
-0.07586093,-0.39720443,-0.76102674,-0.2974893,0.12311632,-0.40995023,-0.4167866,2.241388,-0.7254322,1.7192459,97,10,Sequential LSTM
-0.07732746,-0.41831997,-0.4953755,-0.42771438,0.2848189,0.7895379,-0.25600523,1.8243859,-1.1102521,0.88625205,98,10,Sequential LSTM
0.09164396,0.07906092,-0.5478986,-0.012938065,-0.043395378,-0.675555,0.12408222,-0.17241105,-0.16836618,2.325777,99,10,Sequential LSTM
-0.08389398,-0.36415803,-0.87478566,-0.45559338,0.19099064,-0.50275254,-0.4307751,2.2882247,-0.7714392,2.0041819,100,10,Sequential LSTM
0.15866853,0.4644665,-0.16197026,0.60206807,0.037646104,0.02661332,1.0069381,-2.3551664,0.10777261,1.1129643,101,10,Sequential LSTM
-0.15826519,-0.2853983,-0.34578836,-0.4140735,0.4660786,-1.1161301,-0.06699897,0.60763216,1.958778,0.3541655,102,10,Sequential LSTM
-0.13926709,-0.49523118,-0.6320814,-0.62858933,0.268724,0.8349351,-0.574191,3.1910887,-1.1613325,0.3359453,103,10,Sequential LSTM
-0.051634062,-0.06632126,-0.4677899,-0.10347172,0.013473871,-0.35987464,-0.06207718,0.59301496,-0.3489236,1.8536032,104,10,Sequential LSTM
0.14657603,0.048963178,-0.70924985,-0.08639786,-0.0074702925,-0.7686555,0.25570232,-0.33722687,0.29421967,2.1635396,105,10,Sequential LSTM
-0.0054614567,-0.64650637,-0.76883703,-0.5651523,0.22190435,0.86756384,-0.43371856,2.8095427,-1.2615091,0.78217447,106,10,Sequential LSTM
-0.024992721,-0.26600084,-0.51147294,-0.20426813,0.22764008,1.9588019,0.08659812,0.6622942,-1.1679994,0.23939931,107,10,Sequential LSTM
-0.084331095,0.5449059,0.37971115,0.57797986,0.07653147,1.0924029,0.8896331,-2.208945,-0.5233066,0.25541854,108,10,Sequential LSTM
0.0044626766,-0.104471795,-0.71507573,-0.20116702,0.0655268,-0.5635333,-0.050883416,0.6604456,-0.49645358,2.40115,109,10,Sequential LSTM
-0.22851606,0.46751237,0.15933076,0.81323266,0.16151094,0.29117376,1.2461194,-2.5311265,-0.6629704,1.2837332,110,10,Sequential LSTM
-0.010614503,-0.13974243,-0.74446505,-0.2399233,0.21464813,-1.1192861,-0.08696008,0.5885753,0.91002405,1.627744,111,10,Sequential LSTM
-0.03969909,-0.108059414,-0.6965291,-0.18497242,0.066414095,-0.7535837,-0.12576197,0.74770105,0.0813313,2.0131598,112,10,Sequential LSTM
-0.09940614,0.11324876,-0.3931928,-0.025459642,0.23407198,-0.42482623,0.2239317,-0.19734356,-0.41162646,1.9806021,113,10,Sequential LSTM
-0.07234177,0.005562771,-0.47575268,-0.11138739,0.050517797,-0.9260726,0.16433261,-0.022916181,1.2176713,1.1703862,114,10,Sequential LSTM
-0.06788766,0.6331081,0.77189845,0.3441014,0.03725031,-0.1483553,0.9009388,-2.1800892,0.869096,-0.16006076,115,10,Sequential LSTM
-0.0027553337,0.09511277,-0.307417,-0.122722246,0.66329086,-0.6463083,0.058136806,-0.35954002,0.87380075,0.7484017,116,10,Sequential LSTM
-0.03545937,-0.1441265,-0.35419372,-0.19329582,0.09823882,-0.333366,-0.21070516,1.0305763,-0.39781013,1.5401415,117,10,Sequential LSTM
-0.08797122,0.19453111,-0.18874381,0.091667645,0.14226216,-0.47540078,0.15636793,-0.45961758,-0.14526825,1.7721732,118,10,Sequential LSTM
-0.13073702,-0.5392997,-0.6095,-0.59515333,0.17437069,-0.24760275,-0.59517556,3.1120117,-0.6925413,1.1236273,119,10,Sequential LSTM
-0.046540298,-0.016933495,-0.44533324,-0.088411324,0.002667703,-0.4958782,-0.030561242,0.42216897,-0.29968318,1.9985045,120,10,Sequential LSTM
-0.035772473,-0.13966514,-0.6120949,-0.1892841,0.060344607,-1.0878066,-0.1373293,0.54937506,1.3852985,1.2069342,121,10,Sequential LSTM
0.046436325,0.162461,-0.24202368,0.014416355,-0.06598239,-0.7771766,0.10900248,-0.6484904,1.9047884,0.49656886,122,10,Sequential LSTM
0.0071937167,-0.0759557,-0.27182394,-0.09808102,0.012676153,-0.34900838,-0.08120993,0.5314684,-0.432145,1.7568861,123,10,Sequential LSTM
-0.19702286,0.35082802,0.18585044,0.06254232,0.7100933,-0.43505752,0.42900893,-1.2319494,0.6024317,0.5232749,124,10,Sequential LSTM
-0.075661995,-0.009432737,-0.69658357,-0.09904436,0.030084284,-0.71867824,0.04241327,0.4409162,-0.3754995,2.4614866,125,10,Sequential LSTM
-0.08140674,-0.27568787,-0.43581122,-0.31590888,0.13701902,-0.14406683,-0.29924628,1.9820503,-0.5183024,0.95136124,126,10,Sequential LSTM
-0.08422715,-0.48738366,-0.5368818,-0.3487283,0.2366057,-0.67711234,-0.3948182,2.1759236,0.9254374,0.19118446,127,10,Sequential LSTM
-0.06513018,-0.19668189,-0.4344873,-0.2589902,0.15414275,-0.14597057,-0.2535237,1.5112908,-0.5425262,1.2318765,128,10,Sequential LSTM
-0.049074464,-0.28524786,-0.5081202,-0.16482276,0.11844826,-0.5781538,-0.19480748,1.2803725,0.13512027,1.2462854,129,10,Sequential LSTM
-0.16236767,-0.55535775,-0.4339237,-0.39799774,0.7758371,1.2201387,-0.1804858,1.5306691,-0.7229763,-0.073535636,130,10,Sequential LSTM
-0.040034648,0.3424862,-0.139785,0.09991435,-0.031419948,-0.26885867,0.69553506,-1.0061611,-0.055021968,1.4033456,131,10,Sequential LSTM
-0.027292138,-0.13551916,-0.5611944,-0.12748694,0.056038357,-0.664569,-0.11501755,0.6231157,0.69446564,1.2574596,132,10,Sequential LSTM
0.017961474,0.052557457,-0.3775155,-0.025810013,-0.0069820136,-0.37050793,0.064699285,0.008331229,-0.25276163,1.8900276,133,10,Sequential LSTM
-0.003244885,0.042677954,-0.3499914,-0.008955321,0.0506943,-0.3392504,0.04951824,-0.050855856,-0.24370103,1.853109,134,10,Sequential LSTM
-0.050725542,-0.2679346,-0.48348862,-0.2966234,0.17475946,0.42692828,-0.25400054,1.6374431,-0.8139692,0.9276106,135,10,Sequential LSTM
-0.13226958,-0.0068622907,-0.2338496,-0.17655064,0.8104866,-0.39967158,-0.009848375,0.15779926,0.26418528,0.726581,136,10,Sequential LSTM
-0.044601496,-0.12951031,-0.34012327,-0.17438179,0.06714514,-0.3127479,-0.23272076,1.2951608,-0.34166583,1.2134453,137,10,Sequential LSTM
-0.085110426,-0.4671358,-0.30546713,-0.3585074,0.12630843,0.64942414,-0.39008507,2.3397956,-0.7732524,0.26403055,138,10,Sequential LSTM
-0.034971304,0.3282103,0.7945854,0.09387735,-0.045625385,-0.83677185,0.3685913,-1.7416972,2.674571,-0.6007699,139,10,Sequential LSTM
-0.10582635,-0.0938176,-0.8232901,0.091355294,0.096432105,-0.37048954,-0.081374645,0.58878475,-0.84472525,2.542951,140,10,Sequential LSTM
0.009389086,0.08954809,-0.38408616,-0.025365513,-0.028546358,-1.008517,0.072640195,-0.43115386,1.6872021,1.0188892,141,10,Sequential LSTM
-0.010556099,-0.0005893568,-0.50345457,-0.060520764,0.027949361,-0.43706563,-0.022266617,0.2593491,-0.33331752,2.0804715,142,10,Sequential LSTM
-0.18294612,0.07934531,0.084531374,-0.010250262,0.2703726,-0.38474727,0.17240293,-0.31385005,-0.37267682,1.6578188,143,10,Sequential LSTM
-0.058992937,-0.17975017,-0.525237,-0.22023053,0.12647098,-0.29017043,-0.1951284,1.2286355,-0.63696784,1.7513701,144,10,Sequential LSTM
-0.0034066993,-0.0017065392,-0.27923486,-0.013695633,0.010965103,0.029961552,0.03633475,0.06390969,-0.566982,1.7238547,145,10,Sequential LSTM
-0.059626322,0.3816303,-0.39989263,0.055915438,0.026381232,-0.90473855,0.19703253,-0.70482576,0.21742086,2.190703,146,10,Sequential LSTM
0.03831233,0.028804837,-0.45026305,-0.0637712,0.007312751,-0.42936805,0.04424299,0.10900242,-0.27084863,1.9865761,147,10,Sequential LSTM
-0.020069014,-0.08932291,-0.5324742,-0.08491824,-0.00560408,-0.6836703,-0.10294682,0.5670687,0.13172196,1.820215,148,10,Sequential LSTM
-0.14978883,-0.7574849,-0.83073497,-0.7426,0.220089,0.052187786,-0.69972414,3.8554614,-0.7414036,0.7939989,149,10,Sequential LSTM
-0.0011741808,0.018375166,-0.40350038,-0.04699617,0.057482548,-0.31968167,0.0024215176,0.10405788,-0.24094513,1.8299602,150,10,Sequential LSTM
-0.06315669,0.2700782,-0.19412859,0.1020576,0.22049156,-0.950446,0.22184446,-0.99569726,1.3461769,1.0427794,151,10,Sequential LSTM
-0.15372661,0.4269522,1.0370675,0.41309696,0.3673589,0.6343609,0.75724137,-2.3086169,0.18101636,-0.35475072,152,10,Sequential LSTM
-0.0014975644,-0.14505719,-0.3584614,-0.14543784,0.015207922,-0.15230809,-0.120309055,0.83552194,-0.60276216,1.6751038,153,10,Sequential LSTM
-0.099497825,-0.0027843334,-0.3241038,-0.14979857,0.43297377,-0.35121813,-0.015684055,0.26751825,-0.2845762,1.5271707,154,10,Sequential LSTM
-0.12694293,-0.38085476,-0.43445456,-0.51581824,0.36688438,0.08805747,-0.5340882,2.8084252,-0.59033877,0.31913033,155,10,Sequential LSTM
-0.008194133,-0.05530417,-0.46924305,-0.09015267,0.03878875,-0.44256806,-0.09207558,0.5497708,-0.41013503,1.9791129,156,10,Sequential LSTM
-0.10352966,0.010599775,-0.4801843,-0.073473625,0.019855753,-0.4237965,0.18440169,0.1896113,-0.46291614,2.1394317,157,10,Sequential LSTM
0.000662562,-0.059879616,-0.34097576,-0.052986916,0.014589803,0.350171,0.11297443,0.21932308,-0.77827406,1.5343955,158,10,Sequential LSTM
-0.10839353,-0.021549974,-0.73235846,-0.10313398,0.14621706,-0.47875422,0.007090482,0.43930805,-0.9239192,2.7754939,159,10,Sequential LSTM
-0.13410187,0.31062925,0.7049982,0.28975415,0.35662133,-0.35025185,0.28933543,-1.3840129,1.236242,-0.3192143,160,10,Sequential LSTM
-0.069284365,-0.27296513,-0.23190884,-0.35470322,0.15032205,0.79467833,-0.2604641,1.7997308,-0.8162395,0.26083365,161,10,Sequential LSTM
-0.012040219,0.0040007145,-0.5257841,-0.054638457,0.035627026,-0.6556988,-0.009169448,0.2057188,-0.36477908,2.3767638,162,10,Sequential LSTM
-0.16528565,-0.7519145,-0.40372407,-0.6740245,0.40554154,-0.031129673,-0.6710818,3.4596763,-0.66285264,0.49479577,163,10,Sequential LSTM
-0.08432549,-0.27810556,-0.275971,-0.21005557,0.1822819,1.9581233,-0.0612022,1.0558742,-1.165629,-0.12099084,164,10,Sequential LSTM
-0.026980968,-0.08126382,-0.5857415,-0.12516178,0.030194178,-0.5324099,-0.084297694,0.6867352,-0.4653373,2.1842635,165,10,Sequential LSTM
-0.14099805,-0.24086188,-0.50273657,-0.35700923,0.42134187,-0.5874735,-0.27519667,1.4268619,-0.26285055,1.5189233,166,10,Sequential LSTM
-0.06217545,0.013361993,-0.664098,-0.13863437,0.29634944,-0.752564,0.18721616,-0.25764462,0.7365426,1.6416463,167,10,Sequential LSTM
-0.105404675,-0.33598584,-0.5938293,-0.35053566,0.22910708,-0.5309999,-0.28889573,1.8196404,-0.3561168,1.5130203,168,10,Sequential LSTM
-0.07121879,0.016224727,-0.51151145,-0.13536096,0.47081855,-0.45411122,0.027507868,0.124689415,-0.40063924,1.9336009,169,10,Sequential LSTM
-0.0007902487,0.089404695,-0.58126044,-0.027766783,0.03314154,-0.7300557,0.03308569,-0.02141302,-0.27210942,2.477763,170,10,Sequential LSTM
-0.024525313,-0.034604743,-0.37472007,-0.06523053,0.09606491,-0.16956654,0.0061483933,0.28995827,-0.6304318,1.9069071,171,10,Sequential LSTM
-0.067838624,0.122410834,-0.3735369,0.32829162,0.285775,-0.34016845,0.18791752,-0.32542172,-0.3732159,1.5557861,172,10,Sequential LSTM
-0.019076608,-0.08420872,-0.47908297,-0.11950933,0.052745562,-0.37269604,-0.045416445,0.58755946,-0.6001891,2.079874,173,10,Sequential LSTM
-0.35385498,-0.29207516,-0.049907036,-0.18122375,0.56845576,1.3963627,-0.100569464,1.2295092,-1.5185117,0.3018139,174,10,Sequential LSTM
-0.1968295,-0.36049515,-0.4384114,-0.56410325,0.7319445,-0.36470327,-0.41468975,2.111941,-0.09778688,0.5931339,175,10,Sequential LSTM
-0.027472643,-0.025893593,-0.4219694,-0.08257206,0.13886906,-0.3644494,-0.044899512,0.35827205,-0.47494325,1.9450585,176,10,Sequential LSTM
-0.08734725,-0.48608074,-0.58268374,-0.41252917,0.28051147,1.4345365,-0.2695757,2.0385964,-1.4259887,0.5105619,177,10,Sequential LSTM
-0.0030491895,0.0074700355,-0.44299853,-0.10949653,0.27751777,-0.40300038,-0.023976196,0.22349823,-0.29180148,1.7658364,178,10,Sequential LSTM
-0.1589826,-0.10051754,-0.5773625,0.05129509,0.5121607,0.07748137,0.07504238,0.0126421265,0.3176774,0.7905636,179,10,Sequential LSTM
-0.06302344,0.08986105,-0.3777243,0.0056534884,0.007101528,-0.35616496,0.14415975,-0.12131673,-0.29769138,1.9691452,180,10,Sequential LSTM
-0.03560568,-0.022481082,-0.46356335,-0.05002757,0.0109391045,0.09903181,0.14676064,0.1824622,-0.7860873,1.9185703,181,10,Sequential LSTM
-0.044944577,0.021556204,-0.37987247,-0.017068245,-0.0029155388,-0.28551215,0.0027339936,0.13606936,-0.23252377,1.8024768,182,10,Sequential LSTM
-0.03014293,-0.09727502,-0.3036209,-0.10747123,0.12976399,0.33924693,-0.031767704,0.4892811,-0.7399768,1.3519626,183,10,Sequential LSTM
-0.014530694,-0.058567606,-0.40365803,-0.094574906,0.05377127,-0.10477471,0.021700623,0.40087724,-0.6677816,1.867539,184,10,Sequential LSTM
-0.017539125,-0.010606944,-0.3891362,-0.08497448,0.14517194,-0.28301966,-0.007308391,0.24067496,-0.54312927,1.9498668,185,10,Sequential LSTM
-0.018180868,0.051673725,-0.41314903,-0.07398117,0.013002463,-0.6240799,-0.021646226,0.13589823,0.2996104,1.6508527,186,10,Sequential LSTM
-0.10701596,-0.42453983,-0.593229,-0.3863404,0.22416162,-0.5857362,-0.36265972,2.1187677,-0.27104285,1.3876344,187,10,Sequential LSTM
-0.089517415,0.04046099,-0.5788023,-0.10268287,0.18201554,-0.66854566,0.070228994,0.13370556,-0.061987072,2.0751243,188,10,Sequential LSTM
-0.12518048,-0.48081857,-0.46281546,-0.56464,0.5055209,0.6848025,-0.35783327,2.3007243,-0.7317864,0.23202676,189,10,Sequential LSTM
-0.3841925,-0.63592166,-0.39076805,-0.7427613,0.8766536,0.8216774,-0.58543086,3.1883218,-1.3171296,0.16955176,190,10,Sequential LSTM
0.014632163,0.1356886,-0.3077785,0.11819587,0.017948207,-0.34274772,0.21134558,-0.45897257,-0.11811004,1.7297978,191,10,Sequential LSTM
-0.0023860615,0.09207665,-0.34394908,0.0063638333,-0.0039139157,-0.53539664,0.048478328,-0.09874548,-0.22623244,2.063705,192,10,Sequential LSTM
-0.10400839,-0.09913584,-0.22197439,-0.11099032,0.64034986,1.6453104,0.21029617,-0.16335505,-0.5771586,-0.21933338,193,10,Sequential LSTM
-0.19068573,-0.26499593,-0.90790206,-0.24175815,0.25601158,-0.49466485,-0.09352242,1.0194275,-0.9916493,2.9097385,194,10,Sequential LSTM
0.034821674,-0.18576562,-0.6605965,-0.24043037,0.06330042,-0.3608223,-0.17700571,1.1582624,-0.7331161,2.1013517,195,10,Sequential LSTM
0.04969203,0.040224724,-0.6324382,-0.06112144,0.019197263,-0.60978043,0.03770878,0.081145905,-0.57787067,2.653242,196,10,Sequential LSTM
-0.056588486,0.60350984,0.065629594,0.2834857,0.05793243,-0.03452235,1.4192804,-1.9714046,0.1508142,0.48186326,197,10,Sequential LSTM
-0.22530147,-0.46770588,-0.62854815,-0.6502205,0.8341399,-0.28540677,-0.4363762,2.2759511,-0.44943133,1.0328987,198,10,Sequential LSTM
-0.036922626,0.18704313,-0.37010178,0.03631369,-0.0060267155,-0.49609053,0.29176942,-0.4712271,-0.047921486,1.9131637,199,10,Sequential LSTM
-0.100369275,-0.32582694,-0.15373501,-0.29297867,0.42966038,1.3680487,-0.17082843,1.255915,-0.79489154,-0.21499403,200,10,Sequential LSTM
-0.068126604,-0.37989685,-0.6128004,-0.5261212,0.19309737,-0.32656032,-0.5346321,2.7513504,-0.55719084,1.0608803,201,10,Sequential LSTM
-0.039627302,0.060758468,-0.51529384,-0.012285915,0.005430745,-0.6107137,0.058622953,0.020450538,-0.4264524,2.4591103,202,10,Sequential LSTM
-0.021197675,0.03516947,-0.38296497,-0.013113879,-0.0108704865,-0.38016364,0.010867166,0.042639524,-0.19850025,1.9181348,203,10,Sequential LSTM
-0.009025848,0.04902724,-0.30160218,0.0034640643,-0.024049621,-0.3971434,0.045104228,-0.058915578,-0.16438417,1.8575255,204,10,Sequential LSTM
-0.0762487,-0.4626701,-0.65569854,-0.36800012,0.100216724,-0.61120695,-0.4650252,2.4017591,-0.1031942,1.2400682,205,10,Sequential LSTM
0.009959592,-0.06720659,-0.60730624,-0.108160764,0.07596075,-0.52778524,0.0090933265,0.2148907,-0.09291621,2.0934706,206,10,Sequential LSTM
-0.024573738,-0.22232078,-0.5131498,-0.24884947,0.03158043,-0.8725941,-0.21675313,0.96704316,0.95371145,1.1459062,207,10,Sequential LSTM
-0.2199476,-0.26434883,-0.3047069,-0.41443196,0.86999846,0.88598305,-0.22292228,1.4272684,-0.9343938,0.17750135,208,10,Sequential LSTM
-0.12669355,-0.011387024,-0.3116895,-0.1317254,0.69249487,-0.22774059,-0.04362324,0.25862777,-0.3257484,1.2274847,209,10,Sequential LSTM
-0.16507831,-0.26470304,-0.66624606,-0.4493265,0.44780686,-0.32284775,-0.34679043,1.8587346,-0.7687342,1.6771839,210,10,Sequential LSTM
0.00097014377,-0.053906802,-0.48919305,-0.110874355,0.05660699,-0.42802808,-0.10089068,0.57965684,-0.4061696,1.951829,211,10,Sequential LSTM
-0.2819649,-0.13429923,-0.1041504,-0.37225834,1.3752289,0.26481408,-0.13396813,0.75499517,-0.36288166,-0.0055154413,212,10,Sequential LSTM
0.0039002867,-0.3881637,-0.64402854,-0.32491,0.069039606,0.93090713,-0.1812292,1.6444567,-1.2186757,1.1087033,213,10,Sequential LSTM
-0.043168772,-0.07301244,-0.6388673,-0.137043,0.118583545,-0.63105905,-0.0844949,0.6216602,-0.50462973,2.3720315,214,10,Sequential LSTM
-0.042077973,0.00040764577,-0.3094578,-0.032837845,0.06931692,-0.2360066,-0.022364428,0.17123255,-0.21577002,1.6175572,215,10,Sequential LSTM
-0.15372747,-0.3133141,-0.5038565,-0.4028595,0.56532705,0.44170612,-0.23649862,1.6428646,-0.99436533,0.9547234,216,10,Sequential LSTM
-0.08178696,0.021640398,-0.41391695,0.002986413,0.17708643,-0.3748869,-0.0059124534,0.1555142,-0.36405152,1.8833275,217,10,Sequential LSTM
-0.11264041,-0.2206012,-0.32175472,-0.4512616,1.1254047,-0.12444025,-0.15605551,0.7382112,0.62033194,-0.097194366,218,10,Sequential LSTM
0.17827155,0.12243093,-0.5613679,0.07694337,-0.087763146,-0.6311628,0.11891284,-0.34297508,-0.24875061,2.3754609,219,10,Sequential LSTM
-0.0828458,-0.4183465,-0.32661122,-0.38150588,0.11314533,0.2847415,-0.44087133,2.4336238,-0.7127119,0.53138185,220,10,Sequential LSTM
-0.06346477,-0.26944363,-0.61982477,-0.3083233,0.06361106,-0.36402044,-0.26579368,1.6057843,-0.75346166,1.9749368,221,10,Sequential LSTM
-0.04573407,-0.38654736,-0.77651757,-0.30235437,0.10674105,-0.80604446,-0.3091059,1.8510184,-0.3995618,2.0681067,222,10,Sequential LSTM
-0.18505503,-0.38513443,-0.55560184,-0.30272046,0.23913269,1.3727185,-0.18219648,1.8674701,-1.416443,0.54782975,223,10,Sequential LSTM
-0.08552973,-0.10604948,-1.2366581,0.11209566,0.15491381,-0.94654006,0.13730235,0.041460212,0.2964215,2.6325834,224,10,Sequential LSTM
0.0016804652,0.015112921,-0.3272187,-0.060641497,0.073022045,-0.42853945,0.03140435,0.098405525,-0.39493778,1.9917123,225,10,Sequential LSTM
-0.029451778,-0.0078116534,-0.6277641,-0.11236908,0.052907456,-0.54477483,0.0016318521,0.35242435,-0.48165417,2.3968613,226,10,Sequential LSTM
0.065163024,-0.34525272,-0.9001881,-0.38753405,0.06751719,-0.5932262,-0.11026924,1.0488086,0.90949595,1.2454858,227,10,Sequential LSTM
-0.02943479,0.06277542,-0.15128812,-0.07205936,0.66518205,0.5630407,0.3644421,-0.511274,-0.7944995,0.90311563,228,10,Sequential LSTM
-0.04649399,-0.14058638,-0.29401585,-0.16786085,0.24789335,0.33606842,-0.12951604,0.88741416,-0.5557776,0.86287475,229,10,Sequential LSTM
-0.095451854,-0.02280315,-0.34556583,-0.11678646,0.3956678,-0.27107412,-0.060697347,0.35676768,-0.31610957,1.4760529,230,10,Sequential LSTM
-0.12577768,-1.0248272,-1.3050394,-0.7282665,0.19200027,-0.081554554,-0.84277344,4.3403664,-0.45408475,1.0299559,231,10,Sequential LSTM
-0.019471137,-0.8481897,-0.79846174,-0.74655074,0.2134165,0.019382233,-0.5745419,3.4825153,-0.29844347,0.5703442,232,10,Sequential LSTM
-0.013616204,-0.21174636,-0.3754909,-0.14273106,0.025306756,0.2090788,-0.111696966,0.93518174,-0.6977457,1.3834598,233,10,Sequential LSTM
-0.13605635,-0.39692584,-0.50395083,-0.49851552,0.3984372,0.0760407,-0.43815944,2.51361,-0.75476706,0.740287,234,10,Sequential LSTM
-0.0014668585,0.054002825,-0.48933178,-0.016586863,-0.013885114,-0.354723,0.12801938,-0.0434087,-0.58327705,2.3206575,235,10,Sequential LSTM
-0.053474873,0.03171374,-0.3247528,0.025265682,0.3740364,0.86692214,0.26751667,-0.36880374,-0.83039445,1.0119715,236,10,Sequential LSTM
-0.08864395,-0.41344824,-0.52742994,-0.31687316,0.14752702,-0.38903794,-0.42975834,2.3539782,-0.39358947,1.057275,237,10,Sequential LSTM
0.00032126467,-0.47004032,-0.64028144,-0.55805457,0.22049095,0.15431228,-0.34230125,2.0414977,0.0020266094,0.5920287,238,10,Sequential LSTM
-0.03874797,-0.027307203,-0.44097924,-0.06301767,0.0118795,-0.43165395,-0.037496403,0.39824525,-0.34566742,1.9747453,239,10,Sequential LSTM
0.16995929,0.02231826,-0.6369446,0.11574289,-0.07823435,-0.42140073,0.013104435,0.13029626,-0.6580487,2.3432071,240,10,Sequential LSTM
-0.062446985,-0.27157363,-0.8118153,-0.3891118,0.24562462,-0.57159156,-0.30545273,1.6850266,-0.7006786,2.1820197,241,10,Sequential LSTM
-0.054135896,-0.14402656,-0.6152471,-0.19413096,0.104497574,0.24337743,-0.1218432,1.0044202,-0.9762995,1.7533876,242,10,Sequential LSTM
0.08436527,-0.03739939,-0.3820543,-0.0566715,0.07116828,1.1986152,0.33518055,-0.12816559,-1.0356894,0.9506506,243,10,Sequential LSTM
-0.104402445,0.58359575,1.337477,0.5097255,-0.06508413,-0.31539625,0.48020768,-2.0920727,0.70822984,-0.04228083,244,10,Sequential LSTM
0.01626009,0.13485853,-0.40129215,0.173509,-0.052675214,-0.5658478,0.09579982,-0.37606823,-0.067509115,2.042965,245,10,Sequential LSTM
-0.06929877,-0.21703325,-0.61588234,-0.3338565,0.192391,-0.43205088,-0.31906962,1.6074548,-0.5433508,1.7306969,246,10,Sequential LSTM
-0.17199992,0.07326142,0.15461874,-0.004910364,0.33408314,-0.4337654,0.15384544,-0.3794347,-0.1868915,1.4611936,247,10,Sequential LSTM
-0.27907634,-0.38852447,-0.17051667,-0.48110974,0.88284034,1.4028822,-0.04482451,1.3620018,-0.8456844,-0.43798858,248,10,Sequential LSTM
-0.17802694,0.18680403,0.6791389,0.09920966,0.20478734,-0.3807359,0.3354502,-0.92318976,-0.14821094,1.1247734,249,10,Sequential LSTM
