Day,Actual_Returns,VaR_1_percent,VaR_5_percent,VaR_10_percent,Portfolio_Volatility,N_Assets,Model
1,-0.2643675,3.7844589,2.790904,2.261299,1.4589652,2,Sequential LSTM
2,0.40342858,3.4554236,2.5266094,2.031515,1.3638978,2,Sequential LSTM
3,-0.50192577,3.1990607,2.2688808,1.773057,1.3659037,2,Sequential LSTM
4,0.10160392,3.471807,2.4871185,1.9622406,1.4459445,2,Sequential LSTM
5,-0.13305642,3.9510927,2.9580066,2.42865,1.4582788,2,Sequential LSTM
6,0.258669,3.5787876,2.6545603,2.1619105,1.3571615,2,Sequential LSTM
7,0.43082318,3.2357147,2.34878,1.8760091,1.302401,2,Sequential LSTM
8,-1.2352757,3.6584654,2.7011817,2.1909118,1.4057021,2,Sequential LSTM
9,-0.6617446,3.6790695,2.5186694,1.9001306,1.7039642,2,Sequential LSTM
10,0.9624678,3.2540984,2.2353065,1.6922511,1.4960223,2,Sequential LSTM
11,-0.890797,3.5889442,2.5776598,2.0386055,1.4849986,2,Sequential LSTM
12,0.07719728,3.8432379,2.798345,2.2413747,1.5343523,2,Sequential LSTM
13,-1.3175484,3.8077927,2.8455334,2.3326113,1.4130087,2,Sequential LSTM
14,-2.2509563,5.2129064,3.987209,3.3338645,1.7998487,2,Sequential LSTM
15,0.3655082,4.2168055,2.9119065,2.2163432,1.9161522,2,Sequential LSTM
16,0.71933347,3.7740324,2.626538,2.014878,1.6850133,2,Sequential LSTM
17,0.4110779,4.8564615,3.6232023,2.9658258,1.810953,2,Sequential LSTM
18,-1.070834,3.863822,2.8679435,2.3371003,1.4623774,2,Sequential LSTM
19,0.44978863,3.596912,2.4646626,1.8611276,1.6626291,2,Sequential LSTM
20,1.5568923,3.238791,2.2799535,1.7688555,1.4079837,2,Sequential LSTM
21,0.14219637,4.120666,2.9064415,2.2592118,1.7830031,2,Sequential LSTM
22,0.21974632,3.2005913,2.3121908,1.8386368,1.3045543,2,Sequential LSTM
23,1.0482721,3.351819,2.4605632,1.9854888,1.3087449,2,Sequential LSTM
24,0.35933825,3.5669034,2.530919,1.9786981,1.5212684,2,Sequential LSTM
25,-0.040492345,3.1789238,2.246427,1.7493705,1.3693037,2,Sequential LSTM
26,0.1380812,3.310642,2.4109843,1.9314313,1.3210827,2,Sequential LSTM
27,0.124099456,3.1987667,2.2195725,1.697623,1.4378773,2,Sequential LSTM
28,-0.25525957,3.9332545,2.734622,2.095703,1.7601068,2,Sequential LSTM
29,-0.02017683,3.1357276,2.187133,1.6814951,1.3929428,2,Sequential LSTM
30,0.87436134,3.1292846,2.1704316,1.6593261,1.4080058,2,Sequential LSTM
31,0.14213336,3.4788406,2.4843829,1.9542978,1.4602891,2,Sequential LSTM
32,0.58847785,3.454826,2.3869624,1.8177489,1.568081,2,Sequential LSTM
33,-0.79087067,3.892444,2.877395,2.336334,1.4905261,2,Sequential LSTM
34,-0.15896466,3.4902833,2.4185376,1.8472551,1.5737816,2,Sequential LSTM
35,0.13689643,3.9091613,2.9280624,2.4050965,1.440676,2,Sequential LSTM
36,-0.061653942,3.6339393,2.5195532,1.9255409,1.6363959,2,Sequential LSTM
37,0.17205192,3.1954792,2.285695,1.8007448,1.3359523,2,Sequential LSTM
38,-0.40109786,3.3227663,2.4348724,1.9615891,1.3038095,2,Sequential LSTM
39,1.0213289,4.3683367,3.2896132,2.7146115,1.5840287,2,Sequential LSTM
40,-0.38202596,3.544077,2.5285995,1.9873105,1.4911547,2,Sequential LSTM
41,0.8643391,5.357174,4.033804,3.3283956,1.9432722,2,Sequential LSTM
42,-0.25024268,3.4267077,2.4297247,1.898292,1.464,2,Sequential LSTM
43,-1.0936857,4.7453256,3.5705748,2.9443853,1.7250395,2,Sequential LSTM
44,-0.2863208,3.9500844,2.8787243,2.3076472,1.573214,2,Sequential LSTM
45,1.7181357,3.229931,2.286738,1.7839793,1.3850114,2,Sequential LSTM
46,-0.34683877,3.9994886,2.841516,2.2242706,1.7004007,2,Sequential LSTM
47,1.0901346,3.4549723,2.5081396,2.0034392,1.3903575,2,Sequential LSTM
48,-1.801452,4.01028,2.9155772,2.3320591,1.6074909,2,Sequential LSTM
49,-1.1256237,4.0120244,2.7402198,2.0622973,1.8675543,2,Sequential LSTM
50,0.15475333,3.5733075,2.4545295,1.8581756,1.6428466,2,Sequential LSTM
51,0.2825046,3.586418,2.4857988,1.8991247,1.6161811,2,Sequential LSTM
52,1.3651942,3.9125724,2.9173613,2.3868737,1.461398,2,Sequential LSTM
53,0.79340094,5.333267,3.935963,3.191144,2.0518413,2,Sequential LSTM
54,-0.4824696,3.4560976,2.4274435,1.8791299,1.5105051,2,Sequential LSTM
55,0.91937494,3.257709,2.2401762,1.6977905,1.494176,2,Sequential LSTM
56,-1.9015279,3.5629601,2.4996016,1.9327894,1.5614656,2,Sequential LSTM
57,-1.7993538,4.010785,2.7377923,2.059237,1.869299,2,Sequential LSTM
58,0.9432283,3.9311488,2.6951995,2.0363894,1.8149047,2,Sequential LSTM
59,0.4117299,3.5481174,2.5436435,2.0082192,1.4749973,2,Sequential LSTM
60,0.39106682,3.3975735,2.3564112,1.8014313,1.5288718,2,Sequential LSTM
61,-0.6938596,3.201683,2.2562907,1.7523593,1.3882413,2,Sequential LSTM
62,1.4400601,3.5138988,2.4751852,1.9215091,1.5252777,2,Sequential LSTM
63,-0.03489866,3.8220353,2.6936216,2.0921316,1.6569957,2,Sequential LSTM
64,0.0221639,3.2550137,2.2446465,1.7060804,1.4836526,2,Sequential LSTM
65,2.183426,3.1490736,2.2446952,1.7626259,1.3280139,2,Sequential LSTM
66,-0.5294131,4.274409,3.0317755,2.3694036,1.8247181,2,Sequential LSTM
67,-0.10433472,3.3490558,2.3071585,1.7517859,1.5299512,2,Sequential LSTM
68,-0.1320193,3.44565,2.3805003,1.8127326,1.5640974,2,Sequential LSTM
69,0.124326795,3.1506617,2.2248204,1.7313108,1.3595315,2,Sequential LSTM
70,-0.43844983,3.3280346,2.4390595,1.9652007,1.3053976,2,Sequential LSTM
71,0.41702744,3.17921,2.1881416,1.6598631,1.455313,2,Sequential LSTM
72,0.046855137,3.4619358,2.5457318,2.0573575,1.345381,2,Sequential LSTM
73,1.0612453,3.3968024,2.3462505,1.7862656,1.5426592,2,Sequential LSTM
74,0.045716044,3.7518835,2.6963468,2.1337028,1.5499802,2,Sequential LSTM
75,-1.3859935,3.1868887,2.2893503,1.8109268,1.3179712,2,Sequential LSTM
76,-0.6868116,3.773386,2.5971549,1.9701763,1.7272122,2,Sequential LSTM
77,0.07565098,3.4547167,2.3776221,1.8034881,1.5816357,2,Sequential LSTM
78,-0.19534999,3.8465173,2.876128,2.358873,1.424946,2,Sequential LSTM
79,0.6090201,3.7992759,2.8389697,2.3270888,1.4101406,2,Sequential LSTM
80,-0.23443067,3.9364936,2.917026,2.3736093,1.4970154,2,Sequential LSTM
81,0.8038384,3.2955008,2.361737,1.8640046,1.3711648,2,Sequential LSTM
82,1.6356497,3.5399816,2.558702,2.0356405,1.4409393,2,Sequential LSTM
83,-0.42167136,4.126356,2.935887,2.30132,1.7481194,2,Sequential LSTM
84,0.82529306,3.444448,2.4725525,1.9544948,1.4271578,2,Sequential LSTM
85,0.48190024,3.4161649,2.4362326,1.9138888,1.4389616,2,Sequential LSTM
86,0.6752379,4.613714,3.437841,2.8110535,1.726686,2,Sequential LSTM
87,-0.016953507,3.351774,2.391949,1.880325,1.4094338,2,Sequential LSTM
88,0.038514636,3.1990685,2.2072396,1.6785568,1.456428,2,Sequential LSTM
89,0.5025079,4.4793563,3.3655164,2.7717962,1.6355934,2,Sequential LSTM
90,-0.5419296,3.658284,2.546631,1.9540769,1.6323814,2,Sequential LSTM
91,-0.071197875,3.2542648,2.2368476,1.6945239,1.4940045,2,Sequential LSTM
92,-0.582527,4.0758038,3.0588331,2.5167468,1.4933509,2,Sequential LSTM
93,-1.9901853,6.409627,4.848422,4.016237,2.2925212,2,Sequential LSTM
94,0.46693772,4.1187963,2.8463774,2.1681275,1.8684568,2,Sequential LSTM
95,-0.7596936,3.712684,2.7498548,2.2366295,1.413846,2,Sequential LSTM
96,0.15473963,4.175755,3.1365793,2.582657,1.5259559,2,Sequential LSTM
97,-1.7695493,4.511107,3.3883,2.789798,1.6487639,2,Sequential LSTM
98,0.7632206,3.9379168,2.703971,2.0462284,1.8119617,2,Sequential LSTM
99,0.5934828,3.4335544,2.4118664,1.8672671,1.5002763,2,Sequential LSTM
100,1.0485822,3.3476026,2.4046617,1.9020364,1.384642,2,Sequential LSTM
101,-1.1712911,4.082089,2.9512603,2.348484,1.660542,2,Sequential LSTM
102,-0.18872628,4.939549,3.759857,3.131036,1.7322925,2,Sequential LSTM
103,1.0326086,3.93918,2.951671,2.42529,1.4500868,2,Sequential LSTM
104,0.9007244,4.1880274,2.950037,2.2901392,1.8179002,2,Sequential LSTM
105,0.18335341,3.4816604,2.4565668,1.9101504,1.5052775,2,Sequential LSTM
106,0.33010587,3.500773,2.5890374,2.1030457,1.3388193,2,Sequential LSTM
107,-0.3773637,3.5934482,2.6586444,2.1603568,1.3726927,2,Sequential LSTM
108,0.037186075,3.6332896,2.6838279,2.1777277,1.3942157,2,Sequential LSTM
109,-0.33291435,3.116854,2.1702392,1.6656554,1.3900372,2,Sequential LSTM
110,-0.17014061,4.8520274,3.658822,3.0227966,1.7521362,2,Sequential LSTM
111,-2.505599,3.563495,2.6379647,2.1446207,1.3590746,2,Sequential LSTM
112,-2.0186193,4.2803707,2.9437673,2.2313051,1.9627063,2,Sequential LSTM
113,-2.44325,3.9997709,2.7410288,2.0700681,1.8483744,2,Sequential LSTM
114,0.19627017,7.164799,5.4550242,4.5436454,2.510683,2,Sequential LSTM
115,-5.9781923,6.5542693,4.9284544,4.06183,2.387393,2,Sequential LSTM
116,-0.06195845,5.499792,3.8575253,2.982132,2.4115515,2,Sequential LSTM
117,2.4179373,4.07051,2.835725,2.1775367,1.813192,2,Sequential LSTM
118,-1.6778865,4.4372625,3.1562629,2.4734392,1.8810577,2,Sequential LSTM
119,2.4160752,4.05034,2.7899826,2.118161,1.8507466,2,Sequential LSTM
120,-2.3386567,7.1110444,5.360329,4.4271283,2.5707996,2,Sequential LSTM
121,-6.0893703,5.7654066,4.453167,3.7536914,1.9269302,2,Sequential LSTM
122,-0.5448357,7.7071795,5.843451,4.85001,2.7367518,2,Sequential LSTM
123,-2.2886984,5.292143,3.738592,2.9104896,2.2812786,2,Sequential LSTM
124,-9.60952,7.4075775,5.614815,4.6592016,2.6325462,2,Sequential LSTM
125,0.9677525,7.5175586,5.7349153,4.7846947,2.6176865,2,Sequential LSTM
126,-9.134386,6.1170387,4.421419,3.517586,2.4898984,2,Sequential LSTM
127,3.193304,7.569602,5.764677,4.802579,2.6504047,2,Sequential LSTM
128,-8.968324,5.2492037,3.7645097,2.9731085,2.1801684,2,Sequential LSTM
129,-3.4627247,6.93799,5.4210143,4.6124067,2.2275708,2,Sequential LSTM
130,0.2595686,4.6812086,3.2327673,2.4606898,2.1269348,2,Sequential LSTM
131,-6.799299,3.3160963,2.3014283,1.7605709,1.4899668,2,Sequential LSTM
132,6.5437193,6.6730514,5.218114,4.4425774,2.136469,2,Sequential LSTM
133,6.361446,6.3304734,4.589489,3.661472,2.5565147,2,Sequential LSTM
134,3.5898695,6.05305,4.374993,3.4805222,2.4641066,2,Sequential LSTM
135,-4.203021,5.3484163,3.8390079,3.0344334,2.216458,2,Sequential LSTM
136,8.85978,6.9801083,5.372743,4.5159535,2.360299,2,Sequential LSTM
137,-2.70045,6.30588,4.5588274,3.627579,2.5654242,2,Sequential LSTM
138,4.882877,5.3276997,4.1025667,3.449523,1.7990203,2,Sequential LSTM
139,-3.1686249,6.299271,4.6047316,3.7014756,2.4883094,2,Sequential LSTM
140,-1.7743711,4.9222336,3.4117548,2.6066089,2.2180307,2,Sequential LSTM
141,5.347832,6.284182,4.8142815,4.0307665,2.158445,2,Sequential LSTM
142,0.39615977,5.987091,4.3272066,3.4424229,2.437421,2,Sequential LSTM
143,-1.1068693,4.251118,2.9813461,2.304508,1.8645695,2,Sequential LSTM
144,5.7850084,3.8322296,2.6449003,2.0120075,1.7435074,2,Sequential LSTM
145,1.1389714,5.669079,4.05773,3.1988173,2.3661506,2,Sequential LSTM
146,2.2567987,4.4209247,3.2195523,2.5791736,1.7641306,2,Sequential LSTM
147,-1.9068918,4.3850365,3.100951,2.4164839,1.8855872,2,Sequential LSTM
148,-1.3680528,5.2711763,4.0520864,3.4022627,1.790146,2,Sequential LSTM
149,2.306978,4.142563,3.0315595,2.4393506,1.631429,2,Sequential LSTM
150,-2.1626837,4.2762804,3.0228522,2.3547254,1.8405685,2,Sequential LSTM
151,-3.9382355,4.2842383,2.9580228,2.251099,1.9474494,2,Sequential LSTM
152,-0.12104487,5.6750593,4.3860183,3.6989074,1.8928652,2,Sequential LSTM
153,1.52839,4.527619,3.1745574,2.453322,1.9868731,2,Sequential LSTM
154,0.5236921,5.4357014,4.0166306,3.2602093,2.0838032,2,Sequential LSTM
155,2.3361864,7.4313684,5.5878844,4.6052346,2.7070255,2,Sequential LSTM
156,-0.57316065,5.214523,3.739373,2.9530587,2.1661532,2,Sequential LSTM
157,2.049617,4.4226356,3.0819938,2.367379,1.9686346,2,Sequential LSTM
158,3.3004086,5.3734574,3.860308,3.0537395,2.2219508,2,Sequential LSTM
159,-6.5520267,6.0463853,4.430211,3.568727,2.3732355,2,Sequential LSTM
160,0.9444831,6.172495,4.5298033,3.6541796,2.412179,2,Sequential LSTM
161,2.2548606,3.7857723,2.7487116,2.1959176,1.5228493,2,Sequential LSTM
162,-0.70889556,4.372084,3.091536,2.4089534,1.8803939,2,Sequential LSTM
163,0.44830555,5.2416325,3.9691315,3.290838,1.8685777,2,Sequential LSTM
164,1.2502005,6.479689,4.869807,4.011675,2.3639977,2,Sequential LSTM
165,0.7836735,5.1646748,3.6968927,2.9145064,2.155335,2,Sequential LSTM
166,-0.6072309,5.205505,3.896228,3.1983314,1.9225802,2,Sequential LSTM
167,-0.01057208,4.0745363,3.0550551,2.511633,1.4970336,2,Sequential LSTM
168,-3.2113683,5.3854523,4.0551734,3.3460813,1.9534202,2,Sequential LSTM
169,1.4320313,4.536648,3.1290708,2.3787773,2.0669262,2,Sequential LSTM
170,2.3980258,3.90252,2.787031,2.1924314,1.6380159,2,Sequential LSTM
171,3.6232595,5.403484,3.8822186,3.0713232,2.2338684,2,Sequential LSTM
172,0.5756871,5.0001974,3.582163,2.826295,2.0822809,2,Sequential LSTM
173,-1.3379208,3.7029243,2.5739093,1.9720997,1.6578772,2,Sequential LSTM
174,-1.8806071,3.7679348,2.592012,1.9651974,1.7267597,2,Sequential LSTM
175,7.1377654,4.1610107,2.9087124,2.2411876,1.8389107,2,Sequential LSTM
176,-1.4653254,6.161651,4.4562154,3.5471509,2.504312,2,Sequential LSTM
177,3.333703,3.7564628,2.5855563,1.9614167,1.7193924,2,Sequential LSTM
178,-2.3805532,5.29073,3.8269284,3.0466638,2.1494877,2,Sequential LSTM
179,3.680781,4.648349,3.2803073,2.5510876,2.0088718,2,Sequential LSTM
180,1.405033,5.0503736,3.5907698,2.8127422,2.1433249,2,Sequential LSTM
181,2.1814437,5.172021,3.7006867,2.9164047,2.1605515,2,Sequential LSTM
182,1.9092747,5.441712,3.9126089,3.0975373,2.2453797,2,Sequential LSTM
183,0.42635578,4.259349,3.043701,2.3957136,1.7850909,2,Sequential LSTM
184,-0.34542003,4.1800365,2.9126213,2.2370393,1.8611072,2,Sequential LSTM
185,2.7172394,4.100794,2.8497262,2.1828573,1.8371044,2,Sequential LSTM
186,0.18526463,4.5235815,3.2113984,2.5119517,1.9268476,2,Sequential LSTM
187,-3.850077,5.023193,3.7630203,3.0912988,1.8504735,2,Sequential LSTM
188,-3.6948097,7.4825597,5.689477,4.733693,2.6330128,2,Sequential LSTM
189,-1.8156857,5.0232835,3.5326476,2.7380798,2.1888921,2,Sequential LSTM
190,3.8584344,5.7224193,4.4015775,3.6975176,1.9395615,2,Sequential LSTM
191,1.8059028,5.055416,3.5901542,2.8091125,2.1516314,2,Sequential LSTM
192,-1.6028787,4.0745316,2.8760526,2.2372167,1.7598789,2,Sequential LSTM
193,-0.099009864,4.3280983,3.1732025,2.5575972,1.695883,2,Sequential LSTM
194,0.56630707,3.1706452,2.2554388,1.7675972,1.3439162,2,Sequential LSTM
195,1.0499675,3.470486,2.4176197,1.8564005,1.5460587,2,Sequential LSTM
196,-0.59755033,3.9347467,2.760575,2.1346965,1.7241861,2,Sequential LSTM
197,-3.366482,5.9038105,4.462601,3.6943781,2.1163135,2,Sequential LSTM
198,2.289097,4.5766816,3.1535428,2.3949533,2.089779,2,Sequential LSTM
199,-1.5058305,6.6917796,4.982219,4.070956,2.5103655,2,Sequential LSTM
200,2.2977169,4.0936556,2.8380353,2.1687396,1.8437889,2,Sequential LSTM
201,1.1627272,4.886278,3.5355859,2.815613,1.9833956,2,Sequential LSTM
202,1.6282928,4.633621,3.276821,2.5535924,1.992365,2,Sequential LSTM
203,0.7550018,3.902789,2.7624784,2.1546474,1.6744659,2,Sequential LSTM
204,-0.22936323,4.4432054,3.1240952,2.4209564,1.937022,2,Sequential LSTM
205,-2.0402489,4.3062806,3.2389853,2.6700747,1.5672469,2,Sequential LSTM
206,0.50113356,3.9760618,2.7188582,2.0487194,1.8461124,2,Sequential LSTM
207,-0.6405972,3.2753947,2.3016446,1.7825973,1.4298825,2,Sequential LSTM
208,2.0662472,3.4752545,2.4457896,1.8970425,1.5116992,2,Sequential LSTM
209,-0.8770376,4.616677,3.3286288,2.6420486,1.8914058,2,Sequential LSTM
210,2.5827713,3.6978433,2.6119874,2.033183,1.5945011,2,Sequential LSTM
211,-0.9678701,4.979521,3.5593956,2.8024106,2.0853558,2,Sequential LSTM
212,-0.1619332,4.6196456,3.5032973,2.9082391,1.6392785,2,Sequential LSTM
213,-0.36394966,3.8046741,2.638667,2.0171397,1.7121979,2,Sequential LSTM
214,4.105736,3.175787,2.1854692,1.6575899,1.4542116,2,Sequential LSTM
215,-1.2435057,5.220198,3.7136986,2.910676,2.2121885,2,Sequential LSTM
216,0.5293929,3.810314,2.6307316,2.0019677,1.7321335,2,Sequential LSTM
217,-1.7438409,5.863789,4.4060388,3.6290019,2.1406019,2,Sequential LSTM
218,0.635041,4.025015,2.7984958,2.1447124,1.8010565,2,Sequential LSTM
219,-0.13785218,4.3608546,3.071601,2.3843772,1.8931764,2,Sequential LSTM
220,-0.260135,3.739142,2.7909117,2.2854667,1.3924086,2,Sequential LSTM
221,0.402476,3.433403,2.3690457,1.8017012,1.5629323,2,Sequential LSTM
222,-1.4183052,3.9849167,2.968915,2.4273455,1.491927,2,Sequential LSTM
223,-0.78915054,5.0465746,3.8587382,3.225575,1.744252,2,Sequential LSTM
224,3.2828183,5.344906,4.0644417,3.3819032,1.880273,2,Sequential LSTM
225,0.4398001,5.0667057,3.6502323,2.8951948,2.0799909,2,Sequential LSTM
226,0.9299221,3.8881757,2.7014108,2.0688179,1.7426795,2,Sequential LSTM
227,-1.2859057,3.542598,2.5351646,1.9981625,1.479344,2,Sequential LSTM
228,1.6946751,5.502492,4.196516,3.5003803,1.9177313,2,Sequential LSTM
229,0.85534966,4.0004,2.8212156,2.1926644,1.731548,2,Sequential LSTM
230,0.1549148,4.2840495,3.1419969,2.5332367,1.6770228,2,Sequential LSTM
231,-0.7533575,3.9951499,2.9834256,2.4441361,1.4856442,2,Sequential LSTM
232,0.37740788,3.4477944,2.3930678,1.8308556,1.5487926,2,Sequential LSTM
233,-0.34990796,3.1926324,2.2560363,1.7567946,1.375323,2,Sequential LSTM
234,0.96066064,5.660503,4.266225,3.523021,2.0473957,2,Sequential LSTM
235,1.2539421,4.0394545,2.8379672,2.1975265,1.7642998,2,Sequential LSTM
236,-2.0444462,4.5584283,3.3261936,2.6693642,1.8094467,2,Sequential LSTM
237,-0.55780613,5.058805,3.8768399,3.2468052,1.7356328,2,Sequential LSTM
238,0.38378936,3.2291746,2.2369528,1.7080607,1.4570061,2,Sequential LSTM
239,0.7686594,3.2659197,2.2804155,1.7551025,1.4471434,2,Sequential LSTM
240,-0.00063949724,3.4498065,2.471388,1.9498527,1.4367374,2,Sequential LSTM
241,0.39833564,3.6399734,2.7094774,2.213486,1.3663672,2,Sequential LSTM
242,0.49532017,3.6564493,2.706784,2.2005754,1.3945144,2,Sequential LSTM
243,0.90930396,4.681325,3.3007648,2.564872,2.0272546,2,Sequential LSTM
244,-2.7966702,6.0114512,4.5111823,3.7114782,2.203041,2,Sequential LSTM
245,1.3630067,4.4207215,3.0807986,2.366566,1.9675817,2,Sequential LSTM
246,0.58865285,3.8346665,2.7380495,2.1535099,1.6103035,2,Sequential LSTM
247,-3.8384748,3.4510663,2.4905908,1.978619,1.4103888,2,Sequential LSTM
248,2.2008798,5.122097,3.5655448,2.7358408,2.2856863,2,Sequential LSTM
249,-1.5871375,5.377625,3.9362369,3.16792,2.116575,2,Sequential LSTM
