Asset_1_Weight,Asset_2_Weight,Asset_3_Weight,Asset_4_Weight,Asset_5_Weight,Asset_6_Weight,Asset_7_Weight,Asset_8_Weight,Asset_9_Weight,Asset_10_Weight,Asset_11_Weight,Asset_12_Weight,Asset_13_Weight,Asset_14_Weight,Asset_15_Weight,Asset_16_Weight,Asset_17_Weight,Asset_18_Weight,Asset_19_Weight,Asset_20_Weight,Asset_21_Weight,Asset_22_Weight,Asset_23_Weight,Asset_24_Weight,Asset_25_Weight,Asset_26_Weight,Asset_27_Weight,Asset_28_Weight,Asset_29_Weight,Asset_30_Weight,Day,Model
-0.08073008,-0.029558431,-0.39040834,-0.005429407,-0.08632014,0.07372105,-0.018873839,0.079219356,-0.29032212,0.32825503,0.20390403,0.03622911,0.37929332,0.5027978,-0.60780454,-0.016762951,-0.0010271335,-0.96056557,-0.029284444,-0.42276886,0.20677659,-0.12951185,-0.1273067,-0.19309415,-0.13187844,0.06864972,-0.13573769,-0.069115505,2.261406,0.58624816,1,Sequential LSTM
-0.07423737,-0.016782697,-0.29019102,0.034536775,-0.059963964,-0.1385309,0.017551789,-0.070573695,-0.059282083,0.5749765,0.35718748,0.34169975,0.07511045,0.035208374,-0.35534063,0.021112159,0.4293085,-0.34392184,-0.09695244,-0.61999923,0.20368947,-0.07777397,-0.32513374,-0.19086404,0.07795947,-0.51084334,-0.049505394,0.077726476,1.4109062,0.62292296,2,Sequential LSTM
-0.12171162,-0.043097947,-0.6276473,-0.05216245,-0.18558718,0.6367916,-0.02442146,0.13055344,0.23268777,0.12203686,0.26094177,0.3123485,0.8142195,0.5437736,-0.54469174,-0.039622903,-0.20604442,-0.4901226,-0.06826181,-0.06782043,0.19947644,-0.042862765,-0.31565753,-0.2637552,-0.14187571,-0.04116868,-0.21836486,-0.08551842,0.743655,0.5839105,3,Sequential LSTM
-0.09517639,-0.044334702,-0.6109227,-0.07005086,-0.17458518,0.5759751,-0.010901477,0.1638972,0.686911,0.58964217,-0.042022333,0.1326396,0.64300203,0.53306615,-0.6523464,-0.06861369,-0.39239234,0.19116852,-0.10110057,-0.59818596,0.13978848,-0.052841466,-0.23026824,-0.264747,-0.16870762,-0.57462585,-0.26685938,-0.043521613,1.1663735,0.63974005,4,Sequential LSTM
-0.09925059,-0.043641195,-0.54091066,-0.041839086,-0.14525272,0.779163,-0.018332822,0.1408554,0.21036234,0.49194086,0.14226726,0.24247181,0.5476387,0.57650256,-0.6916458,-0.041613117,-0.22604772,-0.5106246,-0.087584585,-0.3982418,0.09979218,-0.013452057,-0.26343957,-0.28183982,-0.13024974,-0.053518537,-0.25590065,-0.083241954,1.0592735,0.63635945,5,Sequential LSTM
-0.09478004,-0.049587566,-0.5080404,-0.018610159,-0.09548432,0.3557336,-0.025205664,0.19710742,-0.1375377,1.1330419,0.37382916,0.040972386,0.2162103,0.73258346,-0.65287,-0.040762596,0.09368381,-0.16646953,-0.0445865,-0.91035,0.13340944,-0.065343335,-0.066120386,-0.2848318,-0.027015207,-0.04485968,-0.16509505,-0.032950293,0.5323881,0.6215407,6,Sequential LSTM
-0.122615665,-0.040507764,-0.5989584,-0.048179727,-0.19984344,0.41477147,-0.010497486,0.094992556,0.64820176,0.44485354,-0.034459148,0.12963563,0.78862774,0.6502459,-0.7452379,-0.04178593,-0.10170785,-0.3173664,-0.08512227,-0.39905143,0.013478028,-0.053973597,-0.2183619,-0.18214934,-0.04135925,-0.7299634,-0.17657565,0.041121278,1.2914084,0.6303801,7,Sequential LSTM
-0.039959177,-0.034907255,-0.20090465,-0.038196277,-0.058630124,0.5944115,0.0064632553,0.09102088,0.7271349,0.63370466,0.09605804,0.2355256,-0.07117094,0.7529623,-0.6022239,-0.062477723,-0.17998405,1.2391772,-0.11067903,-0.55075973,-0.04927842,-0.047575373,-0.30788738,-0.30742672,-0.09565989,-0.718213,-0.20083731,0.013206749,-0.27494308,0.562049,8,Sequential LSTM
-0.09374063,-0.024419837,-0.37217528,-0.014432383,-0.12580633,-0.08974281,0.0018187184,0.028697819,0.20968804,-0.056662668,-0.11494762,0.15226604,0.7270839,0.37806305,-0.32766235,-0.033362202,-0.28268737,1.228323,-0.10398672,-0.1292262,-0.07638394,-0.019393947,-0.29174888,-0.15532918,-0.19459504,-0.3217,-0.056378346,-0.042678043,0.5714748,0.62964445,9,Sequential LSTM
0.009991689,-0.09108152,-0.12972781,-0.093247004,-0.018088853,0.4103779,-0.052661087,0.37907484,0.6994122,0.6082681,-0.21845457,0.5880236,-0.14551027,0.26196173,-0.6165321,-0.12881622,-0.6245851,-0.9014398,-0.19971476,-0.5624372,0.061227486,0.0451294,-0.6211632,-0.12202985,-0.15168265,-0.42738068,-0.23809461,0.029816063,2.753002,0.4963623,10,Sequential LSTM
-0.039339155,-0.05032307,-0.44358808,-0.051019024,-0.097699024,0.6608715,-0.026704779,0.25460467,-0.12580477,0.6144313,0.030257586,-0.33839104,0.39038515,0.67231846,-0.66723716,-0.07489013,-0.33177966,0.03826388,-0.021318655,-0.61345434,0.07863192,-0.12547237,0.24734388,-0.31541544,-0.09964503,0.17229006,-0.29919255,-0.13067771,1.064585,0.6279686,11,Sequential LSTM
-0.14086708,-0.04227364,-0.6802826,-0.014137192,-0.2183924,0.13990097,-0.022210747,0.107911184,-0.2347614,0.04920919,-0.09576861,0.2294566,1.3201872,0.2027507,-0.3891013,-0.031764425,0.0060379743,-0.13458082,-0.087661475,-0.20213549,0.030581908,-0.016182369,-0.2936771,-0.099984616,-0.16776416,-0.07281453,-0.1210415,-0.079342425,1.4755958,0.58311224,12,Sequential LSTM
-0.029506119,-0.019541979,-0.23861933,-0.018946333,-0.05718376,0.29674748,0.010273352,-0.0030830163,0.5757796,0.6766634,0.25079167,0.08739588,-0.07444516,0.43538833,-0.40308505,-0.0258735,0.086732045,0.9216199,-0.06054857,-0.59931386,-0.024133453,-0.013867898,-0.13559622,-0.24250369,-0.037686713,-0.76486534,-0.10417848,0.03417367,-0.18305449,0.6604676,13,Sequential LSTM
-0.018475583,-0.052610874,-0.167063,-0.045679007,-0.0022873757,0.03983872,0.0013167611,0.17778434,0.2904807,0.744083,0.09355797,0.022363069,-0.1490859,0.3639395,-0.29175606,-0.013815733,-0.15277721,0.70522386,-0.035354134,-0.6610828,-0.07583971,-0.018307557,-0.13214733,-0.19949402,-0.18287572,-0.48246372,-0.07437892,-0.012437218,0.59605515,0.7332889,14,Sequential LSTM
-0.07022958,-0.018677168,-0.2821986,-0.015270346,-0.0861323,-0.08802343,0.01252336,0.0442604,0.20089221,0.21612988,-0.121942095,0.1154525,0.45763052,0.13600262,-0.21894433,0.00885171,-0.19195272,1.0044404,-0.091237366,-0.32169423,-0.07943235,-0.0016989729,-0.2194687,-0.1270562,-0.13517694,-0.36650786,-0.058563173,-0.028295811,0.641403,0.6849155,15,Sequential LSTM
-0.05012734,-0.021001585,-0.19319782,-0.01194378,-0.06093168,0.055797584,0.003699627,0.06382605,0.076866366,0.15660824,-0.07753889,0.031962477,0.32881758,0.24359155,-0.23398022,0.00138273,-0.04276698,0.3891969,-0.03123524,-0.20626813,-0.07745348,0.006953131,-0.09602439,-0.09313672,-0.11507796,-0.23822056,-0.06908666,-0.014177165,0.5077991,0.7656673,16,Sequential LSTM
-0.083303064,-0.066283196,-0.46390465,-0.04151843,-0.083539784,0.51201385,-0.018753275,0.23955554,-0.07354119,0.9691285,0.40032884,-0.04305385,0.14636679,0.69422185,-0.61129504,-0.02509929,-0.35224128,0.64359653,-0.027152738,-0.8157701,-0.073365085,-0.023498869,-0.048279405,-0.48019198,-0.13679798,0.1893023,-0.21012875,-0.072526485,0.2963097,0.65942055,17,Sequential LSTM
-0.042031612,-0.026481802,-0.2626978,-0.01640298,-0.0653152,0.2462605,0.008583935,0.040387295,0.41118875,0.6392526,0.117904365,0.08519862,0.07439052,0.3122445,-0.34658402,-0.0033238267,0.022507245,0.6861079,-0.05537205,-0.58972466,-0.061447233,-0.0043116193,-0.14650506,-0.20779873,-0.035437874,-0.6195989,-0.108679995,0.01765129,0.19795029,0.7320856,18,Sequential LSTM
-0.05618234,-0.02313271,-0.19513765,-0.00013243096,-0.065195955,0.004527925,0.0035726114,0.048252016,0.036214493,0.082156785,-0.10343775,0.08909966,0.36627316,0.29004657,-0.31377432,-0.01058686,-0.15249208,0.85133827,-0.056378104,-0.21974824,-0.08217155,-5.552713e-5,-0.19482562,-0.13051528,-0.17859545,-0.19703294,-0.06906784,-0.04712787,0.5969552,0.72715384,19,Sequential LSTM
-0.05349508,-0.02952394,-0.19249436,-0.004426067,-0.052821096,-0.015675182,-0.003014141,0.08289523,0.03795129,0.25362858,-0.044607714,0.042500652,0.23547246,0.31178847,-0.355155,-0.0116215795,-0.10953923,0.54114974,-0.044785332,-0.35721263,-0.02625016,-0.0114806965,-0.15206514,-0.14138766,-0.17280258,-0.23142453,-0.07591872,-0.03636455,0.8275752,0.7891038,20,Sequential LSTM
-0.045733847,-0.019490574,-0.19097632,-0.006082539,-0.058555398,0.09294665,-0.0020880771,0.034075286,0.10504351,0.010923897,-0.03572407,0.09069431,0.3251185,0.26013067,-0.25506485,0.0055235084,-0.027924336,0.075013906,-0.03848519,-0.025982572,-0.016084263,0.005058453,-0.12203223,-0.057169106,-0.08452054,-0.17381364,-0.0518556,-0.008314052,0.36599725,0.84937125,21,Sequential LSTM
-0.097017474,-0.04713596,-0.6205325,-0.032147303,-0.15114877,0.4084782,-0.026698561,0.17645359,0.24117047,0.8790481,0.13210656,0.25506708,0.49496314,0.70725304,-0.8262317,-0.056094844,-0.32222462,-0.4795411,-0.13602437,-0.79335195,0.1608734,0.04080827,-0.3111582,-0.24883118,-0.100495055,-0.15737595,-0.23121268,-0.05135257,1.6316121,0.5607409,22,Sequential LSTM
-0.05764091,-0.037227146,-0.21656375,-0.013437151,-0.059994522,0.037484318,-0.01477478,0.13871062,-0.054190267,0.12368869,-0.07317824,0.15681146,0.35354003,0.39065567,-0.34384996,-0.01898612,-0.045607116,0.19885217,-0.06720562,-0.15880461,-0.037807498,-0.0042454246,-0.20915782,-0.0692239,-0.12266868,-0.11632357,-0.06886153,-0.029510742,0.67164296,0.74787337,23,Sequential LSTM
-0.12713455,-0.052933577,-0.67758936,-0.046784136,-0.16304025,0.11258989,-0.04373301,0.18791601,0.1202127,0.67894435,0.494115,0.18278316,0.5710464,0.83943814,-0.7206268,-0.050401274,-0.12039508,-0.881124,-0.1102344,-0.55330724,0.25537652,-0.09530787,-0.21375543,-0.23665018,-0.047317725,-0.09079832,-0.13954131,-0.027541777,1.435239,0.52055514,24,Sequential LSTM
-0.09667258,-0.037170954,-0.42334947,-0.0155311115,-0.11845417,0.05652813,-0.013687615,0.098767325,0.08096481,0.3800624,0.051838055,0.12421622,0.5371157,0.2628581,-0.41318345,-0.017899536,-0.075171776,-0.11720962,-0.054911133,-0.4320429,0.11943702,-0.030795027,-0.18042873,-0.1280492,-0.1309134,-0.21447635,-0.1098714,-0.04398432,1.2331241,0.70889086,25,Sequential LSTM
-0.08544314,-0.050919157,-0.56747097,-0.08200617,-0.15397596,0.78426176,-0.037850834,0.23689206,0.70883805,0.773987,0.19516346,0.083720095,0.40442735,0.55219215,-0.7138955,-0.031856913,-0.37797785,-0.82646525,-0.060021468,-0.5417657,0.11466049,-0.05033371,-0.09577245,-0.2726113,0.08609294,-0.26855972,-0.25509748,-0.022784121,0.9810892,0.57348317,26,Sequential LSTM
-0.05384958,-0.012768714,-0.23805802,0.0048387046,-0.07280524,0.02048968,0.0077653234,0.001572011,0.17971158,0.3233965,-0.032148317,-0.03029168,0.2952757,0.2154426,-0.2606516,-0.0129486695,-0.06268101,0.48871952,-0.07625066,-0.41312972,-0.03894374,-0.018293273,-0.033987515,-0.10669127,-0.13699831,-0.3276517,-0.06091959,-0.024722287,0.71183103,0.7647483,27,Sequential LSTM
-0.07440113,0.0057715,-0.3803122,-0.0011121772,-0.1318709,0.12809238,0.009388564,-0.10636451,0.5016485,0.09584112,0.08773577,0.06684997,0.4687018,0.3130018,-0.5772515,-0.0007718945,-0.112971045,-0.72937256,-0.11826325,-0.22283316,0.07447515,-0.14456598,-0.14465004,-0.19514918,0.06763932,-0.614812,-0.12082149,0.02178147,2.286278,0.5483178,28,Sequential LSTM
-0.0736199,-0.035248898,-0.3354888,-0.0149583975,-0.11421977,-0.072551295,-0.02170534,0.1604099,0.27991673,0.4245878,-0.13419001,0.23557651,0.4050432,0.5716771,-0.5431622,-0.045923796,-0.28839487,0.16803817,-0.20686491,-0.50480884,0.009618259,0.06289183,-0.31002232,-0.08432029,-0.059504036,-0.3740169,-0.06622476,-0.08284267,1.3668283,0.68348026,29,Sequential LSTM
-0.031692553,-0.050858445,-0.1634405,-0.016243238,-0.041343585,0.113747954,-0.03616638,0.26051095,0.012223099,0.27047914,-0.26626295,0.35231826,0.17344145,0.8080239,-0.754425,-0.07118559,-0.54999757,0.0025317965,-0.23218425,-0.29455528,-0.048959024,0.07656631,-0.43519202,-0.1284333,-0.15810966,-0.061238214,-0.17572336,-0.029784074,1.8768592,0.5990929,30,Sequential LSTM
-0.040719144,-0.049073007,-0.15454699,-0.015264574,-0.040483076,-0.10440613,-0.02828145,0.1980013,-0.11477059,-0.024115924,-0.19337967,0.2136047,0.281781,0.81872946,-0.612655,-0.048375715,-0.20800625,0.39493504,-0.15382819,-0.09158733,-0.054652713,-0.0044486593,-0.32573107,-0.080372445,-0.16745445,-0.16044629,-0.093705356,-0.015326116,1.207393,0.6671856,31,Sequential LSTM
-0.054126114,-0.07789077,-0.26208076,-0.02258881,-0.06865146,-0.11057513,-0.03993435,0.26591733,-0.058577497,0.10792837,-0.29052526,0.43009794,0.47824046,0.5991713,-0.56977373,-0.04220341,-0.2015206,0.18848851,-0.16838326,-0.25137743,0.044123333,0.053945128,-0.4752178,0.009405797,-0.14626995,-0.23802277,-0.07520472,-0.035949208,1.4183439,0.593211,32,Sequential LSTM
-0.0339433,-0.029399676,-0.19029751,-0.011714483,-0.019383974,0.2530818,-0.012483943,0.09427173,-0.0605401,0.62511796,0.2901154,-0.023686642,-0.093339875,0.7174139,-0.7061637,-0.023694292,-0.057054713,-0.54172117,-0.06135922,-0.61003506,0.05193003,-0.08808751,-0.050875425,-0.3127062,-0.11375102,-0.13848637,-0.15989697,-0.024773229,1.7592992,0.5721645,33,Sequential LSTM
-0.085134946,-0.048000135,-0.59733725,-0.07575437,-0.17340289,0.77209437,-0.019692384,0.13611302,0.95819706,0.71192485,0.23262258,0.31697604,0.4544094,0.46379146,-0.5663684,-0.044709258,-0.28086096,-0.28761795,-0.07840609,-0.49657568,0.18366869,0.012765861,-0.28782734,-0.26467314,-0.11303079,-0.5797183,-0.23863693,-0.02560692,0.43123013,0.5895604,34,Sequential LSTM
-0.12182632,-0.07148346,-0.6905855,-0.058294863,-0.14879309,0.51721096,-0.032199576,0.2539437,0.32721764,1.075416,0.37637863,0.08681122,0.43298525,0.8989109,-0.7847593,-0.046930913,0.06410547,-0.06712974,-0.09696423,-0.8270581,0.13835135,0.025535285,-0.07535757,-0.26799852,-0.020361843,-0.35601938,-0.1695182,0.012431023,-0.029560331,0.65554345,35,Sequential LSTM
-0.04471094,-0.016657263,-0.20096216,-0.0029850553,-0.06308298,0.122552276,0.006926677,0.0192079,0.10943109,0.18098117,-0.07910614,-0.02277401,0.30152437,0.36295494,-0.3101512,-0.024422182,0.034353334,0.19814801,-0.055524275,-0.24168354,-0.059938353,-0.030937064,-0.02559347,-0.05607339,-0.0301076,-0.27354762,-0.064404085,-0.0003925237,0.41716912,0.84980494,36,Sequential LSTM
-0.03265975,-0.008573718,-0.18051183,0.0037995952,-0.047693897,0.022997765,0.016224617,-0.038577326,0.15675646,0.23419762,-0.063050784,-0.055238694,0.19161715,0.5955924,-0.5483064,-0.023914756,0.21844277,0.28956634,-0.072029345,-0.39759865,-0.009064866,-0.11672924,-0.08308928,-0.13205236,-0.09296641,-0.6319591,-0.0783217,0.03497362,1.0474948,0.80067503,37,Sequential LSTM
-0.039860986,-0.042538695,-0.19119138,-0.010339329,-0.039174736,0.075088106,-0.020547478,0.22063035,-0.28729355,0.4218305,-0.29564738,0.14440008,0.25160626,0.9265666,-0.8759627,-0.0299268,-0.38187867,-0.45997062,-0.17766938,-0.46091706,-0.058284346,-0.10871978,-0.29226142,-0.11095018,-0.10200569,0.24978079,-0.14818557,-0.09353922,2.3982947,0.5386676,38,Sequential LSTM
-0.0021988251,-0.023953343,-0.186872,-0.07501417,-0.038014103,0.671084,0.0045302026,0.059340913,1.2889844,1.0227531,0.2988003,0.07651843,-0.37621477,0.80510354,-0.72884405,-0.022538655,-0.19407411,0.36990285,-0.06918009,-0.7596159,0.07608598,-0.047720537,-0.12523276,-0.36319444,-0.07310389,-0.99498296,-0.2085228,0.04901747,0.051070448,0.51608574,39,Sequential LSTM
-0.00699873,-0.055318706,-0.122759186,-0.037182294,-0.013324572,-0.03750765,-0.024428736,0.24241969,-0.05869015,0.32154503,-0.118080586,-0.04261497,0.035985395,1.0301107,-0.7796732,-0.051417045,-0.17684196,0.18642549,-0.10168398,-0.42162132,0.0021869699,-0.11806116,-0.1041219,-0.13467579,-0.22188666,-0.16279954,-0.15053917,4.315419e-5,1.4581648,0.66334605,40,Sequential LSTM
-0.097912624,-0.032208614,-0.58069235,-0.060883857,-0.15259755,0.44571367,-0.03196389,0.18554068,0.26410255,0.619546,0.45104203,-0.16823868,0.47299975,0.70760447,-0.6617125,-0.012393042,-0.10106572,-0.16924414,-0.031885266,-0.51533914,0.024123179,0.005677234,0.10718992,-0.36838523,-0.16139905,-0.25063178,-0.16084662,-0.06864638,0.6527923,0.6897147,41,Sequential LSTM
-0.055544157,-0.040508375,-0.53011364,-0.09854898,-0.14446628,0.7396625,-0.054908585,0.28553718,0.7091624,0.2835227,-0.045356836,-0.05025896,0.57309586,0.6886398,-0.766825,-0.004798692,-0.434444,-0.5043633,-0.123903945,-0.2072658,0.09017357,-0.048558183,-0.006381221,-0.2320646,0.14338651,-0.31598952,-0.26922965,-0.04265158,0.8634596,0.5995411,42,Sequential LSTM
-0.09990256,-0.058326717,-0.5369489,-0.02408214,-0.09569887,0.20311004,-0.037942365,0.24937867,-0.21163234,1.1330758,0.50214654,0.084823735,0.18432014,0.77213544,-0.7164998,-0.03612487,-0.12432315,-0.7819624,-0.034706432,-0.91171676,0.21509397,-0.036780924,-0.11865443,-0.29189992,-0.09167859,0.25762492,-0.15533493,-0.07344519,1.2734803,0.56247175,43,Sequential LSTM
-0.08061074,-0.032614492,-0.5829069,-0.063908964,-0.1888085,1.0158782,-0.009005757,0.08398678,0.72583884,0.10357631,-0.07681357,-0.26876646,0.8556803,0.83254373,-0.78041303,-0.051958915,-0.20110823,0.7891892,-0.020310085,-0.15383527,-0.07581663,-0.11206619,0.12569815,-0.34522393,-0.2334168,-0.6085713,-0.3036752,-0.068461955,0.15294245,0.5729588,44,Sequential LSTM
-0.13094139,-0.037675448,-0.62438637,-0.008750818,-0.18312117,0.097443126,-0.021171875,0.099069394,-0.020510333,0.34928784,0.13993657,0.21709378,0.8649806,0.18792282,-0.47742626,-0.014598272,-0.0063058212,-0.45435548,-0.063677356,-0.45209232,0.08410136,-0.0050713127,-0.28364906,-0.19845217,-0.1212154,-0.275242,-0.1283402,-0.028976375,1.8464273,0.6496966,45,Sequential LSTM
-0.054416478,-0.028456142,-0.2451148,0.00058442267,-0.06736022,0.029402055,-0.0067278137,0.083796725,-0.041509002,0.36232316,-0.06319392,0.08033489,0.3179098,0.4165349,-0.37932917,-0.022062926,0.040075257,0.25035036,-0.052563746,-0.3832505,-0.032824,-0.013342018,-0.15049496,-0.08875379,-0.12885733,-0.24297129,-0.0764016,-0.013377074,0.7729469,0.7367483,46,Sequential LSTM
-0.08890014,-0.069828056,-0.7435211,-0.06324792,-0.17173652,0.41394165,-0.09051967,0.43911108,0.0791854,0.99191016,-0.034032896,0.1523718,0.7267949,0.6116371,-0.5893844,-0.11625533,-0.65984166,-1.1189339,-0.068822786,-0.72400594,0.17774841,0.050046593,-0.1810089,-0.09262003,-0.11257917,0.4138072,-0.21442607,-0.18641536,1.7674943,0.50203115,47,Sequential LSTM
-0.0455449,-0.07554951,-0.5018017,-0.07992864,-0.07728706,0.5010046,-0.0517992,0.37144625,0.25052264,1.0672657,0.41615272,0.048195418,0.029913517,1.2052803,-0.7878281,-0.07140882,-0.19816786,0.94680893,-0.083037816,-0.75552624,0.08246064,-0.08005727,-0.11394596,-0.39136344,0.0038669135,-0.17524315,-0.21330546,-0.04413352,-0.6692281,0.4922392,48,Sequential LSTM
-0.10061585,-0.07331228,-0.60020614,-0.057672586,-0.16849439,0.5060671,-0.04239834,0.33499053,-0.11168028,0.12768814,-0.36103815,-0.32647368,1.0570679,0.8246091,-0.80577135,-0.06569181,-0.00058859703,0.4081892,-0.056715507,-0.3109961,-0.052623287,-0.2064725,0.11317393,-0.16407695,-0.21098961,-0.28158882,-0.24062113,-0.10343383,1.2888913,0.6807841,49,Sequential LSTM
-0.06920989,-0.03852757,-0.4441163,-0.05208514,-0.12169585,0.3217111,-0.017882576,0.1327675,0.4266463,0.34485382,-0.13573529,-0.23855294,0.57264036,0.2510396,-0.5857579,-0.0061362414,0.24780509,-0.21651182,-0.030908687,-0.4187613,-0.006523112,-0.12356011,0.14354953,-0.12809983,0.02542528,-0.879791,-0.17238119,0.040173125,1.444321,0.7353042,50,Sequential LSTM
-0.07921517,-0.045121036,-0.44204065,-0.03908542,-0.11483807,-0.05994136,-0.036899183,0.17037296,0.1353184,0.50238645,-0.13670745,-0.043314077,0.59378165,0.4219224,-0.56531626,-0.03759906,0.10976117,-0.7010756,-0.062319323,-0.55857164,0.15649793,-0.07880338,-0.030682277,0.009462702,-0.10544443,-0.5121648,-0.10533895,0.026201654,2.0965679,0.5322048,51,Sequential LSTM
-0.0684962,-0.03506884,-0.24153629,-0.014251501,-0.059943177,0.05716202,-0.020842783,0.14926334,-0.22731125,0.12940641,-0.026397396,0.07686415,0.39219362,0.40386447,-0.4223347,-0.014965061,0.06642331,0.3253303,-0.05986622,-0.21099956,-0.044230208,-0.04084247,-0.13277198,-0.11776482,-0.13699946,-0.08796729,-0.082817055,-0.0285104,0.69688886,0.77652013,52,Sequential LSTM
-0.12020274,-0.035481364,-0.5604406,-0.03132715,-0.11827662,0.3259267,-0.04311441,0.25084653,-0.2747361,0.7789839,0.38831517,-0.21299857,0.5017946,0.6008712,-0.5968879,-0.046006214,-0.0066350587,0.21064936,-0.033500474,-0.7195091,0.02678092,-0.0929965,0.13544214,-0.37297592,-0.15997389,0.035332352,-0.17443432,-0.08143546,0.85198385,0.5740057,53,Sequential LSTM
-0.08941556,-0.029839197,-0.32355785,-0.018928593,-0.08524285,0.08734007,-0.021379674,0.15401281,0.018456215,0.28325883,-0.007259675,0.099793315,0.42500207,0.43566993,-0.46273693,-0.045952845,-0.043155637,0.10969477,-0.08164127,-0.34856123,0.024567414,-0.02942125,-0.16984667,-0.12883146,-0.16323768,-0.25986657,-0.107082084,-0.032950275,1.1145519,0.6965599,54,Sequential LSTM
-0.045438286,-0.06180944,-0.31026405,-0.08539622,-0.058504958,0.7536178,-0.05540786,0.37717882,0.36059394,0.79822206,-0.0095024705,0.38458228,0.034006897,0.047275666,-0.4044435,-0.038425308,-0.39151326,-0.107505016,-0.0984347,-0.6648175,0.16467656,-0.062101785,-0.37575746,-0.20401716,0.025554206,-0.04393508,-0.2520857,-0.10851528,0.76121396,0.6709528,55,Sequential LSTM
-0.07002304,-0.042246822,-0.40431303,-0.032944255,-0.091262884,0.2660704,-0.028851729,0.14895284,0.23006643,0.76365376,0.25826737,0.25716355,0.16169865,0.3132965,-0.38168374,-0.02303895,0.3743222,0.37369704,-0.1012557,-0.6269817,0.08493484,-0.06922224,-0.22910416,-0.16588396,0.22123767,-0.5764134,-0.084019095,0.043192554,-0.28985885,0.72054964,56,Sequential LSTM
-0.049565237,-0.037725452,-0.31650728,-0.08021123,-0.06345101,0.3261238,-0.011712231,0.14046636,1.1987616,1.1398627,0.32493392,0.31693056,-0.24566893,0.5082798,-0.5001924,-0.020423032,-0.22531158,0.35463557,-0.077229105,-0.8738891,0.1533849,-0.028980577,-0.3349599,-0.26428932,-0.05043525,-0.93741775,-0.10862614,0.034181338,0.08089605,0.64813894,57,Sequential LSTM
-0.064495295,-0.0146494415,-0.20832177,-0.018785128,-0.07455767,-0.08299401,-0.00019556284,0.037337247,0.35988292,0.17873485,-0.11751039,0.14253445,0.33656812,0.16490734,-0.23592146,-0.013390892,-0.16975853,0.9327785,-0.11487358,-0.2913172,-0.01632466,0.0045171073,-0.23127738,-0.09363474,-0.15078403,-0.5067245,-0.046963606,-0.027925933,0.6259495,0.69719577,58,Sequential LSTM
-0.14464581,-0.041087523,-0.5339463,-0.017287638,-0.14205334,0.064809926,-0.029322775,0.17190972,-0.16107658,0.41717237,0.06719568,0.27287066,0.7184778,0.57932025,-0.56933767,-0.044436548,-0.21199386,-0.070334606,-0.14846835,-0.49784833,0.14886074,-0.031076167,-0.35660172,-0.221641,-0.2635513,-0.013997084,-0.13743874,-0.10792529,1.6891801,0.6142733,59,Sequential LSTM
-0.057593405,-0.014313992,-0.20634326,0.0026867236,-0.0638406,0.023266748,0.0041840225,0.019856881,0.0169281,0.20546344,-0.06361254,0.027052712,0.3222865,0.32999095,-0.30027497,-0.017177388,0.013542279,0.40480497,-0.05999969,-0.27962065,-0.04669394,-0.007151079,-0.09747961,-0.0902285,-0.12973972,-0.26382765,-0.060659714,-0.022297176,0.60086775,0.8099228,60,Sequential LSTM
-0.11112644,-0.05569758,-0.56040686,-0.03934057,-0.12868096,0.29527876,-0.03969953,0.23940708,0.006794933,0.666774,0.19726302,0.25760856,0.4803738,0.78936374,-0.77537936,-0.07541506,-0.22673698,-0.7118997,-0.14951879,-0.637826,0.18861732,-0.08629665,-0.3231359,-0.24585612,-0.06917682,-0.02908136,-0.18718058,-0.07162448,1.8226819,0.5799167,61,Sequential LSTM
-0.090777256,-0.037971348,-0.42142534,-0.018482223,-0.105602525,0.30464262,-0.0040914346,0.07306775,0.377967,0.6842965,0.121698156,0.30915487,0.26847652,0.5104668,-0.6939595,-0.040297184,-0.08655885,-0.08039385,-0.14966781,-0.66602063,0.044854764,-0.021842971,-0.37082776,-0.26779968,-0.07384504,-0.5722967,-0.17204805,-0.010690102,1.4372731,0.7527002,62,Sequential LSTM
-0.090464726,-0.042825084,-0.361576,-0.0017915809,-0.08837293,-0.10717767,-0.016256673,0.12629312,-0.09975868,0.3732325,-0.0579506,0.20559311,0.46000373,0.7397954,-0.5913413,-0.045728058,0.032248225,0.13614412,-0.13499182,-0.48209932,0.10982944,-0.085832626,-0.2997604,-0.09533143,-0.1552042,-0.29145345,-0.08710061,-0.018664245,1.3140019,0.6565399,63,Sequential LSTM
-0.04236566,-0.024266308,-0.15116256,-0.0038089785,-0.049361628,-0.0003417774,-0.00047601084,0.04932307,0.09389455,0.12898366,-0.12659658,0.019849604,0.25457883,0.42447388,-0.37122592,-0.02363698,0.08035108,0.48728007,-0.055195924,-0.23481405,-0.079561874,-0.014250831,-0.1187917,-0.06965384,-0.13718021,-0.41867316,-0.05222444,0.0150178345,0.64580256,0.7740333,64,Sequential LSTM
-0.021967717,-0.020430123,-0.3707671,-0.011735513,-0.076452,0.16654348,0.01776675,0.02167798,0.2701471,1.3332114,0.126412,0.4181066,-0.0255705,0.9236656,-0.74368304,-0.059605647,-0.68518955,-0.5428995,-0.09106417,-0.96605855,0.19887371,0.044665642,-0.4075515,-0.14450142,-0.11552068,0.32467997,-0.15172154,-0.03720247,1.1697053,0.45646557,65,Sequential LSTM
-0.039765775,-0.019198196,-0.14795849,-0.005908148,-0.040786177,0.06854021,0.0036300246,0.04839738,0.042941082,0.29285657,-0.06424014,0.043302987,0.16497093,0.32186794,-0.3155201,-0.01715226,-0.009042613,0.31064227,-0.027823588,-0.3312692,-0.020604374,-0.005014596,-0.11215573,-0.088434406,-0.113235995,-0.26022846,-0.08301031,-0.009816283,0.5931586,0.82085687,66,Sequential LSTM
-0.053582236,-0.025397962,-0.4402338,0.0035308034,-0.12832636,-0.077290945,0.004144744,0.005789042,0.07221161,0.7056743,-0.23062605,0.079157606,0.5710405,0.7134298,-0.7022663,-0.053506367,-0.030733539,-0.59515727,-0.031780533,-0.7146536,0.14504299,-0.07956239,-0.19183783,0.05069912,-0.16307455,-0.34780288,-0.09611458,0.012752441,2.0695748,0.52889943,67,Sequential LSTM
-0.09260427,-0.04257675,-0.4688417,-0.021263577,-0.14048994,0.033742018,-0.011101016,0.055920612,0.18351726,0.2506312,0.04505025,0.40483496,0.60637623,0.27690992,-0.517844,-0.016303565,-0.13190307,-0.18249078,-0.102635786,-0.3652174,0.20441306,-0.03383001,-0.44367093,-0.16433537,-0.1172118,-0.3788698,-0.1486405,-0.020399187,1.6703502,0.66848373,68,Sequential LSTM
-0.090204,-0.04575402,-0.42437667,-0.029214917,-0.1264088,0.062202215,-0.018556856,0.16528022,-0.04679219,0.25237918,-0.058481213,0.20400389,0.6616732,0.4378384,-0.4536942,-0.05073838,-0.2045833,0.10424625,-0.07496235,-0.34515643,0.024440939,0.007926772,-0.2900373,-0.12307576,-0.205472,-0.09852105,-0.100105196,-0.1017998,1.3316947,0.6362487,69,Sequential LSTM
-0.07367738,-0.03517701,-0.33506122,-0.015180198,-0.0891771,0.014224081,-0.0089386795,0.116175264,-0.065777026,0.3379708,-0.05136049,0.14667086,0.47123134,0.3403996,-0.38540798,-0.044288322,0.014999308,0.40921262,-0.057262696,-0.449856,-0.013240904,-0.0058319303,-0.24479245,-0.11645602,-0.18048906,-0.29394963,-0.07834432,-0.05047247,1.0133187,0.7305384,70,Sequential LSTM
-0.060103074,-0.04024283,-0.2920752,-0.032258112,-0.07463819,-0.021083962,-0.011331537,0.11622264,0.21884376,0.22013536,-0.07970454,0.28228587,0.3240861,0.4174249,-0.6512743,-0.02983339,-0.29460993,0.20974553,-0.1253869,-0.39706546,-0.0002819884,-0.049528964,-0.44014743,-0.21718022,-0.13683397,-0.46243006,-0.14513393,-0.03391887,2.167496,0.6388228,71,Sequential LSTM
-0.119575456,-0.06020506,-0.58567816,-0.04304657,-0.13342015,0.30962256,-0.04051158,0.25708443,-0.0818098,0.48116055,0.23789066,0.14973897,0.5899347,0.674296,-0.6889867,-0.046310056,-0.10213775,-0.21373658,-0.08081516,-0.47655323,0.12931724,-0.07924859,-0.22563258,-0.28061187,-0.07745578,-0.040100843,-0.19409205,-0.06948597,1.1184446,0.6919242,72,Sequential LSTM
-0.08247468,-0.037019115,-0.3426479,-0.014592175,-0.10541185,0.044669732,-0.006121884,0.107611164,0.026508937,0.23128228,-0.104246475,0.16439678,0.55274355,0.43348104,-0.41750884,-0.03932572,-0.17942265,0.27412322,-0.07376728,-0.32684755,0.02449644,-0.03249289,-0.2581683,-0.1198156,-0.17987564,-0.19613084,-0.105540544,-0.062356085,1.1706276,0.6538253,73,Sequential LSTM
-0.09168373,-0.03591677,-0.52990633,-0.023124285,-0.09882583,0.29041025,-0.0125459535,0.14092898,-0.026502987,1.0114228,0.28270516,0.20226173,0.27092957,0.79517657,-0.69403017,-0.08071964,-0.3360691,0.07836152,-0.087035835,-0.9074151,0.17478992,-0.055962943,-0.28397965,-0.33806282,-0.16882414,0.05652945,-0.2066819,-0.06635534,1.1640862,0.57604045,74,Sequential LSTM
-0.104464605,-0.047250863,-0.65745324,-0.054291144,-0.16252683,0.673091,-0.0193439,0.17962798,0.41307515,0.9186639,0.19651562,0.16604292,0.5210769,0.5569659,-0.6719442,-0.05985452,-0.27802712,-0.1296028,-0.05608096,-0.74492794,0.004624984,0.015369328,-0.21535192,-0.31570128,0.019897206,-0.2684585,-0.2136095,-0.03502369,0.70913005,0.659832,75,Sequential LSTM
-0.11461983,-0.038372476,-0.4328865,-0.019369261,-0.13380648,0.0999667,-0.005214295,0.06104756,0.23499566,0.3004521,0.033680048,0.36775562,0.5751121,0.20404819,-0.4220795,-0.005206711,-0.27042574,-0.0052026897,-0.05577757,-0.32881683,-0.011359303,0.021121634,-0.41662872,-0.1806318,-0.1978642,-0.25514713,-0.09019597,-0.0658364,1.4103671,0.7408946,76,Sequential LSTM
-0.039392624,-0.044110343,-0.14339645,-0.009294426,-0.022809956,-0.13588972,-0.010631648,0.14298041,0.09474496,0.5400907,-0.18434471,0.08771776,0.08023226,0.6238025,-0.52028525,-0.016377155,-0.22804895,-0.035583466,-0.046359774,-0.54778004,0.08179509,-0.026442835,-0.19961423,0.0054469667,-0.1402136,-0.2132073,-0.06854317,-0.022452913,1.342706,0.655262,77,Sequential LSTM
-0.087022826,-0.027685778,-0.6025245,-0.05282516,-0.17915729,0.6339336,-0.005976864,0.060596652,0.81772953,0.6462344,0.16373587,-0.25823164,0.55634296,0.847773,-0.75799394,-0.017481077,-0.14217256,-0.07872458,0.021763537,-0.5223768,0.022711517,-0.11650233,0.19496049,-0.27240124,0.06608463,-0.65451497,-0.20248473,0.02152705,0.30854356,0.6161395,78,Sequential LSTM
-0.13511252,-0.04312933,-0.6271889,-0.0011415555,-0.16721235,-0.08568971,-0.0031715308,0.041267116,-0.05428004,0.24908438,0.19762592,0.020310877,0.90032065,0.49696344,-0.47780374,-0.024407849,0.16353202,1.0498979,-0.011398812,-0.3890204,0.10089867,-0.075093634,-0.14219955,-0.22245568,-0.19522311,-0.38133964,-0.085574895,0.01076763,0.22018337,0.6705913,79,Sequential LSTM
-0.13304892,-0.04963278,-0.6992202,-0.020317713,-0.1763794,0.21936077,-0.015365294,0.1202672,-0.33786136,0.6135171,0.41585335,0.29137105,0.68952554,0.7149835,-0.73105836,-0.021440692,-0.014034722,-0.84159136,-0.11452799,-0.5168164,0.24302873,-0.013259656,-0.27442676,-0.24489585,-0.049176574,0.30161092,-0.1708453,-0.029531296,1.2061902,0.6377222,80,Sequential LSTM
-0.10222206,-0.049540367,-0.5204516,-0.038705733,-0.1499694,0.27032304,-0.015872004,0.13283755,0.31580606,0.2555898,0.09990483,0.37573,0.64787984,0.29976925,-0.45207652,-0.0038771492,-0.22985092,0.7915393,-0.10289304,-0.28294158,0.047680072,-0.050148495,-0.45154953,-0.29351136,-0.16892812,-0.3565759,-0.16802981,-0.045000084,0.5783953,0.6666885,81,Sequential LSTM
-0.07359973,-0.01973603,-0.3322698,0.0071433447,-0.103003524,-0.031364914,0.0061322046,0.012511695,-0.042060167,0.38619822,-0.04311391,0.09589607,0.4891186,0.48883393,-0.408887,-0.031509094,0.041240644,0.4942825,-0.047103588,-0.45403543,-0.0053401906,-0.05172405,-0.19769572,-0.120978065,-0.1843397,-0.29908794,-0.060345884,-0.013017734,0.825857,0.6719982,82,Sequential LSTM
-0.11585584,-0.038044933,-0.6924531,-0.05472031,-0.17991811,0.5057484,-0.022156836,0.11615032,0.28307837,0.6672743,0.45068294,0.14873445,0.5851049,1.0047226,-0.81056833,-0.06980069,-0.1399473,-0.3041994,-0.09292801,-0.5565645,0.24012472,-0.028959183,-0.18792044,-0.34507847,-0.029244121,-0.22779377,-0.22554725,0.0070192507,0.55234635,0.56071407,83,Sequential LSTM
-0.100602634,-0.019672595,-0.38833293,0.008699301,-0.12777343,-0.03084789,0.0055005783,0.011641091,-0.086944625,0.1150261,-0.06588433,0.15449086,0.74733144,0.21634673,-0.27463317,-0.022931322,-0.1267094,0.6642657,-0.06926367,-0.27067512,-0.03407574,-0.008626269,-0.24315256,-0.12943746,-0.18164405,-0.13794948,-0.06050898,-0.06259863,0.84174114,0.67722136,84,Sequential LSTM
-0.092356,-0.035923798,-0.47574148,-0.02810823,-0.1163846,0.107926585,-0.023896895,0.08345141,0.09062422,0.42937994,0.37038955,0.13889663,0.38017535,0.7891918,-0.6974721,-0.027384562,0.1678476,-0.4723092,-0.097161785,-0.42438826,0.19557855,-0.098254204,-0.18779702,-0.24726097,-0.044404052,-0.42869237,-0.13487019,0.018743033,1.1997186,0.6604825,85,Sequential LSTM
-0.108656004,-0.046560023,-0.5024955,-0.02268831,-0.104302905,0.18097886,-0.031019373,0.17754741,-0.13715014,0.7412977,0.5089765,0.011469955,0.31230846,0.68057925,-0.6014386,-0.037728895,0.11813582,0.37105995,-0.067356974,-0.69710517,0.095898375,-0.059030466,-0.07558796,-0.37636307,-0.1326557,-0.19624932,-0.14184876,-0.043370977,0.49644223,0.6869136,86,Sequential LSTM
-0.07214388,-0.025536766,-0.27450916,-0.0053880387,-0.08286732,0.05183907,-0.0065380256,0.08768556,-0.07419219,0.17359018,-0.044021215,0.086346515,0.45449317,0.33627167,-0.3315787,-0.0264069,-0.052577574,0.3471563,-0.058775198,-0.26895013,-0.024162842,-0.004013998,-0.15494975,-0.10365333,-0.14787464,-0.124643385,-0.07996656,-0.048894085,0.72086567,0.75339556,87,Sequential LSTM
-0.093156375,-0.05081748,-0.45132518,-0.023900041,-0.12805854,0.022858446,-0.02685568,0.18189804,0.07240186,0.33397174,-0.14277892,0.34232885,0.66159135,0.598514,-0.5633918,-0.053949557,-0.24183643,-0.19918782,-0.14830002,-0.39488304,0.12168377,0.011076215,-0.38585085,-0.06498528,-0.17999935,-0.18840146,-0.13817276,-0.06461807,1.600343,0.5938014,88,Sequential LSTM
-0.018285705,0.0064109843,-0.29297686,-0.06434103,-0.113726355,0.87974787,0.037919275,-0.10443777,1.6018292,0.49588957,0.1600206,-0.12777694,0.062327065,0.6745823,-0.50905865,-0.016988223,-0.365276,0.47145963,0.025128009,-0.20940737,-0.04829772,0.042821918,0.14968021,-0.23685241,-0.061363425,-0.7954155,-0.18165006,0.031400524,-0.9081005,0.4147373,89,Sequential LSTM
-0.084999286,-0.07455138,-0.5245494,-0.044365756,-0.121688336,-0.03877863,-0.038973518,0.29791886,0.16916245,1.0136361,-0.24426188,0.3110177,0.49627545,0.6009593,-0.6713524,-0.09447174,-0.31767708,-0.8086153,-0.1032195,-0.90519553,0.22113334,0.094793536,-0.3530711,0.09472236,-0.087485835,-0.21625026,-0.12765242,-0.0030330296,2.0845687,0.47600454,90,Sequential LSTM
-0.13675234,-0.04563274,-0.5907652,-0.046652693,-0.20630635,0.24806575,0.01037315,0.0079160975,0.85019743,0.049059633,0.029948238,0.4350948,0.88314724,0.37888223,-0.5549324,0.006739377,-0.35329935,-0.20862742,-0.13956475,-0.0072626425,0.06317466,-0.03841181,-0.44037375,-0.16924255,0.040815048,-0.6134495,-0.17061926,0.020376999,1.0759798,0.6221222,91,Sequential LSTM
-0.061323058,-0.024406228,-0.2739194,-0.014955669,-0.079009786,0.4017027,0.025009502,0.06410937,0.28902435,0.42972928,-0.082272574,0.0032461197,0.2734598,0.6424527,-0.5207207,-0.046586864,-0.4568163,1.7478346,-0.09237504,-0.53349155,-0.12852813,-0.06597778,-0.16814725,-0.31226158,-0.17265883,-0.21279737,-0.18874718,-0.08900071,0.09819274,0.54923487,92,Sequential LSTM
-0.006438301,-0.037984923,-0.043493915,-0.02052538,0.017415263,0.14810851,0.0043611745,0.1005181,0.443218,0.86553603,0.15824398,0.0931471,-0.39404422,0.34437594,-0.35879514,-0.016059441,-0.09548702,0.13238847,-0.040044364,-0.7022769,0.011333012,0.011052626,-0.15273382,-0.18020673,-0.11018612,-0.53235614,-0.081982866,0.00013173034,0.719733,0.7230523,93,Sequential LSTM
-0.049538106,-0.030858917,-0.19215688,-0.01028975,-0.06386306,-0.077106684,0.006696417,0.06643162,0.10606456,0.070310764,-0.14415039,0.19317868,0.35355464,0.18911694,-0.21877345,-0.010766411,-0.35517934,1.0324506,-0.08391971,-0.18891045,-0.08188576,0.04234233,-0.31338033,-0.10297066,-0.19229358,-0.09958433,-0.04394353,-0.07248958,0.5970903,0.6748241,94,Sequential LSTM
-0.051282246,-0.01740468,-0.3386173,-0.028897138,-0.12512495,0.6778376,0.02018063,-0.05063553,0.926799,0.17100422,-0.017654462,0.27502048,0.3587139,0.29720458,-0.57526433,-0.01711757,-0.54552555,0.6252257,-0.11500121,-0.24158075,-0.12049551,-0.016419329,-0.41400477,-0.38825154,-0.19299951,-0.6533479,-0.22038408,-0.04642153,1.2539926,0.57045114,95,Sequential LSTM
-0.08619806,-0.0061176443,-0.4906165,-0.01140582,-0.15507174,0.22795314,0.020937966,-0.08307478,0.40642032,0.23364876,-0.037777893,-0.21161667,0.75030255,0.6326981,-0.5622619,-0.004801193,-0.15507421,0.69964683,-0.071827635,-0.36337927,-0.019947402,-0.11217332,0.09829121,-0.19262142,-0.116265506,-0.44562763,-0.12407491,-0.049744654,0.5542311,0.6755481,96,Sequential LSTM
-0.025043877,-0.024784816,-0.15077311,-0.010308735,-0.024751583,0.09787113,0.014168223,0.009486768,0.36998886,0.63582313,0.22985668,0.18269655,-0.186921,0.54360986,-0.37283045,-0.034819264,-0.121718414,1.2405219,-0.090144224,-0.6318738,0.053030334,-0.03129148,-0.24691549,-0.21976285,-0.14671715,-0.45615834,-0.07697718,-0.031959873,-0.12679127,0.63348943,97,Sequential LSTM
-0.10768603,-0.034332864,-0.40676135,-0.006561558,-0.14568888,0.12050674,-0.0041129193,0.060050096,-0.033629987,-0.15928738,-0.0972282,0.40970832,0.8765635,0.264645,-0.30461612,-0.03506676,-0.31360796,0.47669142,-0.055419188,0.088286385,-0.047852054,0.001401338,-0.46355844,-0.11205738,-0.24990831,0.12433913,-0.07857671,-0.10164679,0.72544307,0.60996383,98,Sequential LSTM
-0.06326732,-0.015698366,-0.24250665,-0.0042226673,-0.082296185,0.054967586,0.0024986705,0.005485185,-0.01876558,-0.04709635,0.003678429,0.087527744,0.48637694,0.37790337,-0.26629835,-0.017441157,-0.0033496367,0.17855997,-0.021096762,0.005920625,-0.02656247,-0.022975586,-0.13586591,-0.05861795,-0.121256106,-0.09597944,-0.031832933,-0.01500519,0.30097806,0.786238,99,Sequential LSTM
-0.025529135,-0.022429975,-0.09493562,-0.007263459,-0.024931261,0.072205395,0.0038408518,0.034095384,0.1308722,0.39898705,-0.034535408,0.014002061,0.025135823,0.35891247,-0.3296901,-0.030466473,0.042976286,0.17220707,-0.01081717,-0.3466642,-0.07136481,-0.0046536755,-0.0702901,-0.061885726,-0.11254434,-0.33063373,-0.045478735,-0.009221993,0.58421344,0.7958879,100,Sequential LSTM
-0.10497849,-0.01684095,-0.57923704,0.022144722,-0.16541883,0.10136264,0.015098191,-0.012609183,0.12330813,1.0983874,0.13824964,0.33286184,0.5601825,0.7832913,-0.5464001,-0.07357701,-0.59189886,-0.41201055,-0.083457515,-0.78445756,0.13832675,0.10554808,-0.334853,-0.105074756,-0.17087665,0.4059448,-0.07894596,-0.09414229,0.9437807,0.38629207,101,Sequential LSTM
-0.04436331,-0.025350563,-0.31315205,-0.03725162,-0.086198896,0.57856154,0.01825679,0.06564199,0.65872943,0.78907436,-0.04697989,-0.10491383,0.15440057,0.7190773,-0.6290335,-0.05281818,-0.34418315,0.6797947,-0.028692145,-0.73231953,-0.033290155,-0.006982824,-0.004935778,-0.23299392,-0.19978008,-0.47415164,-0.18849689,-0.03568637,0.28156972,0.6764679,102,Sequential LSTM
-0.115081675,-0.022442615,-0.50214374,-0.0068872003,-0.15478817,0.07278932,-0.0063265814,0.056758754,-0.1043627,0.15945293,-0.02379184,0.0926838,0.93349165,0.39174083,-0.34108907,-0.028065383,-0.16053954,0.4027813,-0.053771704,-0.23932418,-0.014597349,0.00049204245,-0.17886288,-0.13374169,-0.17583406,-0.010042703,-0.08242066,-0.090574905,0.6731365,0.6613615,103,Sequential LSTM
-0.055595644,-0.012731978,-0.3081609,-0.00578201,-0.09968626,0.20415317,0.00903291,-0.016268237,0.23358537,0.3711017,-0.04397493,0.048095983,0.39766714,0.29298297,-0.37182575,-0.026045213,0.028571643,-0.13245942,-0.025948446,-0.38575745,0.0005882667,0.029594334,-0.10836644,-0.101112455,-0.13848425,-0.41847715,-0.09666601,-0.013571287,1.0314764,0.71406394,104,Sequential LSTM
-0.064365245,-0.01823791,-0.2753597,0.0007293182,-0.08058834,0.06033885,0.005094265,0.026110642,-0.033120275,0.22919264,-0.022979401,0.087453716,0.39558643,0.39748776,-0.3451572,-0.020057555,-0.07059244,0.2740433,-0.046037663,-0.27901945,-0.015487846,-0.0020800696,-0.15957122,-0.10703392,-0.15051082,-0.13226146,-0.07288674,-0.044166032,0.65964663,0.8038297,105,Sequential LSTM
-0.13249291,-0.07541395,-0.7338812,-0.06269665,-0.19218232,0.5000087,-0.052729838,0.3159018,0.15467672,0.5485818,0.11724458,0.04591605,0.86921126,0.92879975,-0.81698704,-0.07657538,0.026248062,0.2930039,-0.06421926,-0.54638314,0.054427586,-0.08116031,-0.16598782,-0.28080517,-0.11969087,-0.40562603,-0.1961275,-0.04323151,0.55591595,0.6362548,106,Sequential LSTM
-0.12367342,-0.043109275,-0.62329036,-0.013696807,-0.16505949,0.2552925,-0.017512955,0.14445217,-0.020316906,0.6753284,0.1568125,0.20506708,0.70814514,0.46054834,-0.59272623,-0.027429149,-0.25144264,0.3115987,-0.0828487,-0.6812545,0.038018376,0.0015047339,-0.30980602,-0.32607102,-0.20975108,-0.08145558,-0.1763837,-0.08970982,1.2799392,0.5988305,107,Sequential LSTM
-0.12273589,-0.06907389,-0.68177336,-0.034539476,-0.21848628,0.21106304,-0.013390535,0.2134464,-0.17771402,-0.052389137,-0.31252316,-0.1436545,1.2834479,0.62474316,-0.564819,-0.048439093,-0.20663857,2.3910313,-0.036066078,-0.2785066,-0.19216119,-0.17277008,-0.17505416,-0.32921243,-0.33125573,-0.23817591,-0.11715866,-0.10259392,0.29412195,0.6012779,108,Sequential LSTM
-0.03813606,-0.049905308,-0.1424077,-0.019592244,-0.036286887,-0.11863836,-0.01441538,0.18598345,0.026840989,0.21154621,-0.21804887,0.13339466,0.20547669,0.647084,-0.52780175,-0.054908123,-0.081119515,0.8166241,-0.10938312,-0.36294866,-0.0501321,-0.0048237653,-0.2767505,-0.0709184,-0.23782001,-0.37806886,-0.083373286,-0.0006767286,0.9569983,0.6922073,109,Sequential LSTM
-0.10548799,-0.049019646,-0.6529703,-0.06161703,-0.18663023,0.55803394,-0.03039004,0.24132521,0.27824652,0.61558074,0.047679845,-0.24346527,0.7328385,0.82192177,-0.8355187,-0.04803125,-0.19253077,0.74851054,-0.06924611,-0.608447,-0.100804366,-0.18610859,0.07948853,-0.38309708,-0.0519701,-0.31546164,-0.22004536,-0.037083864,0.5593247,0.6949751,110,Sequential LSTM
-0.01798717,-0.047096815,-0.13862826,-0.032292407,0.017158868,0.45055458,-0.017556427,0.23180209,0.17831008,1.2273893,0.2282318,0.2192106,-0.40517938,0.43360323,-0.45317096,-0.038998406,-0.06636853,0.086273596,-0.06965477,-0.9171425,0.1260266,-0.018489463,-0.21041283,-0.22701819,-0.014821125,-0.15207405,-0.164154,-0.04534296,0.22278133,0.61504614,111,Sequential LSTM
-0.00014579626,-0.011338666,0.04253918,-0.027731799,0.078575976,0.044703078,0.00539673,0.099959224,0.17551333,0.8235465,0.25795862,0.22641507,-0.5393483,0.49122086,-0.2768443,-0.01605212,-0.1967448,0.876373,-0.042104464,-0.61794126,0.080079615,-0.028596353,-0.28128076,-0.19131367,-0.12527908,-0.19445919,-0.05637317,-0.045218367,-0.12193372,0.5704246,112,Sequential LSTM
-0.029610626,-0.021300025,-0.12134841,-0.0064271884,-0.015555111,-0.08660881,-0.013880229,0.14154918,0.17857823,0.6232818,0.2724757,0.19667947,-0.19709814,0.12917039,-0.19284044,-0.0029132254,0.021562414,0.47939825,-0.08369411,-0.5442603,0.045788262,0.063368715,-0.24674039,-0.15836646,-0.1492797,-0.4764565,-0.030913103,-0.019071022,0.49802455,0.7464869,113,Sequential LSTM
-0.047327053,-0.013773744,-0.28377497,-0.05097888,-0.116049886,0.38289437,0.026405707,-0.036458172,1.5909203,0.52140296,0.040513493,-0.18112649,0.20650066,-0.09125812,-0.17256105,0.02001772,-0.42425615,0.3355869,0.123709634,-0.33346185,-0.22510795,0.2095611,0.10488224,-0.14739068,-0.21265738,-0.9004932,-0.031231366,0.011373649,0.26110193,0.43303624,114,Sequential LSTM
-0.01512139,-0.053703893,-0.002972855,-0.0055792984,0.012173683,-0.016863525,-0.005417486,0.11233204,0.19967341,0.4827837,0.087236345,0.24558914,-0.22657725,0.18016541,-0.23301962,-0.02571308,0.02903583,0.64942855,-0.08194945,-0.48765755,-0.039246395,0.027421556,-0.32610047,-0.13091661,-0.14064531,-0.5449884,-0.034503307,-0.010576099,0.69808424,0.65762806,115,Sequential LSTM
-0.113655806,-0.03142539,-0.82638824,-0.053379543,-0.2147252,0.17703281,0.0071879746,0.07216535,0.46464947,-0.00536528,0.38853252,0.013634616,1.0899987,0.058643457,0.279201,-0.007732928,-0.98363984,-0.6231528,0.05163928,0.37509337,0.10312897,0.15313031,0.092203625,-0.010981034,0.08052018,1.3450402,-0.019953428,-0.11497695,-0.97634184,0.22991642,116,Sequential LSTM
-0.022363057,-0.005446687,-0.08834976,-0.0029177642,-0.041332792,0.16451897,0.0118118785,-0.022369476,0.39943397,0.0100842435,-0.13124523,0.13467154,0.19036986,-0.02045003,-0.11290975,-0.008025246,-0.10017217,0.3182619,-0.03996401,0.007788718,-0.14595552,0.09208429,-0.14520828,-0.014062893,-0.05540418,-0.31362468,-0.07346428,0.018289525,0.26228473,0.7336662,117,Sequential LSTM
-0.023775049,-0.013608591,-0.105537236,-0.008599334,-0.03939133,0.14247534,0.00313083,0.07617288,0.14636016,0.24243867,-0.055424713,0.25138357,0.06802456,0.17073366,-0.15977146,-0.0025086682,-0.44708562,1.6185058,-0.10417801,-0.3607742,-0.074817576,0.008508972,-0.32062775,-0.2130207,-0.11505992,-0.030148273,-0.17675127,-0.07499894,0.13299981,0.46534425,118,Sequential LSTM
-0.018003866,-0.004975324,-0.085390344,-0.006009703,-0.045285385,0.2319201,0.0075547984,-0.0097851865,0.24749158,0.084610164,-0.13280395,0.09749065,0.20435165,-0.0064076036,-0.120694235,-0.0060952124,0.026453178,0.102248505,-0.0149106765,-0.103771366,-0.100762725,0.07737097,-0.101935625,0.0064975386,-0.09696846,-0.28402135,-0.0795768,-0.0030566955,0.38724703,0.7472183,119,Sequential LSTM
-0.0025094906,-0.019318303,-0.041730437,-0.013598454,-0.019857356,0.18301474,0.010054914,0.004224458,0.4883266,0.4273113,0.04018089,0.08136223,-0.113545515,0.049325634,-0.20561147,0.0048977965,0.10815347,0.14064933,-0.026528882,-0.4633886,-0.07086045,0.04616792,-0.10841771,-0.10647427,-0.15623698,-0.5925946,-0.08173629,0.0031360884,0.75908023,0.67652315,120,Sequential LSTM
0.03175,-0.012453562,0.107112266,-0.031806882,0.06374173,-0.14980926,0.013449738,0.048735265,0.4035237,0.63667625,0.28797886,0.083697736,-0.58426076,0.43151778,-0.24357168,0.00996694,-0.265929,1.2364355,-0.04571888,-0.5801654,-0.03885537,0.05774948,-0.17609453,-0.23981671,-0.12587324,-0.37728557,-0.067824125,0.028407723,-0.15865634,0.6573784,121,Sequential LSTM
-0.0035111615,-0.055317495,-0.09761313,-0.021301588,-0.009924002,0.06112747,-0.004636861,0.09194503,0.43221357,0.50777364,0.3910629,0.176929,-0.2041305,0.5341389,-0.3035027,-0.018460833,-0.06922539,0.5758917,0.006322119,-0.39785016,-0.044251055,0.053164158,-0.36360732,-0.22088352,-0.1483679,-0.47915378,-0.048631344,0.0050629107,0.21596625,0.43877116,122,Sequential LSTM
-0.013146032,-0.027660757,-0.081246145,-0.009626331,-0.028680794,0.1930272,0.0017576528,0.037921634,0.22402103,0.10278299,-0.10742063,0.05586628,0.13956754,0.26248083,-0.19499171,-0.012728105,-0.028001402,0.43242276,-0.04378648,-0.13851054,-0.07699201,0.03406662,-0.12226065,-0.059326507,-0.0781592,-0.31842628,-0.065116554,0.004387542,0.24288777,0.6748903,123,Sequential LSTM
-0.0050618644,-0.07088442,0.10689034,-0.011693044,0.055186205,0.111275986,-0.005780475,0.14225335,-0.056264386,0.43787515,0.25056046,0.16728768,-0.40684247,0.22796261,-0.21381012,-0.013138788,0.030659843,0.6222516,-0.0038307689,-0.40276104,0.041998725,-0.03729346,-0.23113498,-0.18469422,-0.15473707,-0.17780179,-0.09792063,-0.032521024,0.34293076,0.56903785,124,Sequential LSTM
-0.014520552,-0.1290288,-0.21887092,-0.023384688,-0.02929935,0.046899028,-0.020022973,0.26641184,0.2062724,0.65093094,0.042511154,-0.14258505,-0.0104080895,0.3040205,-0.24524173,-0.025525674,-0.044061393,-0.32731524,0.04749855,-0.40143225,0.15653405,0.002051692,0.088731,-0.026254166,-0.1174972,-0.2412008,-0.06830965,-0.022123521,0.87234837,0.42287245,125,Sequential LSTM
-0.0148307225,-0.056754686,-0.076986276,-0.009178653,-0.028745359,0.08829927,-4.144107e-5,0.067179196,0.18746163,0.10730509,-0.09697987,0.011137057,0.09929925,0.17108552,-0.19079846,-0.007283383,-0.12868153,0.3492553,-0.010960802,-0.11992678,-0.030608168,-0.03712796,-0.048020944,-0.010864051,-0.08120909,-0.15080293,-0.08455316,-0.00798768,0.4590421,0.6522775,126,Sequential LSTM
-0.028332809,-0.15399252,-0.1762059,-0.014651134,-0.036800403,0.09718768,-0.014221205,0.20245332,0.17586264,0.3429331,0.21865152,0.1220261,0.018078174,0.4048976,-0.28152785,-0.026113998,-0.00019901025,0.27978727,0.02849653,-0.29122373,0.08962796,-0.083864205,-0.1515434,-0.12343516,-0.16461839,-0.20806009,-0.04471885,-0.07139656,0.40294695,0.48795643,127,Sequential LSTM
-0.032340016,-0.030898493,-0.1126261,-0.0068761716,-0.04586675,0.16788433,0.0036054787,0.015269699,0.32211477,0.008874916,-0.025470942,0.14188033,0.16056466,0.055822596,-0.16065326,-0.022976369,0.025327003,0.18907931,-0.015566353,0.020713018,0.062447842,0.04115392,-0.14481553,0.009780904,-0.09152825,-0.32976905,-0.04109298,0.003114307,0.19264747,0.6401997,128,Sequential LSTM
-0.044183973,-0.10656882,-0.2042796,-0.016742142,-0.040622078,0.06545961,-0.011354152,0.17221403,0.16696066,0.56334525,0.2327135,0.08569989,0.023782406,0.6874357,-0.3214366,-0.03473344,-0.03765288,0.23003064,-0.030683482,-0.4325688,0.1370245,0.008462736,-0.110994086,-0.12640478,-0.120034784,-0.25651106,-0.077724844,-0.04486539,0.1579375,0.48629448,129,Sequential LSTM
-0.074291326,-0.0270111,-0.20537046,-0.043998316,-0.061488997,-0.40362734,-0.0017493222,-0.016998306,0.60132366,-0.2419328,0.24922031,0.36911732,0.27959096,0.24282213,0.056519493,-0.0153424805,-0.50204384,0.36004207,-0.115952194,0.39051405,0.25598243,0.20118496,-0.27417883,-0.07052307,-0.045366284,0.063093655,0.04926234,-0.06505638,-0.44732663,0.4935843,130,Sequential LSTM
-0.0780574,-0.03563045,-0.30125335,-0.010364782,-0.057631895,0.16729602,-0.014049221,0.17248791,-0.27580667,0.1668592,0.17625126,-0.027884498,0.3881946,0.3298614,-0.048244026,-0.043521218,-0.19022603,0.8122543,-0.02847297,-0.2644906,0.24559909,0.042435374,0.002178107,-0.14080775,-0.22869979,0.39239648,-0.18413603,-0.12634498,-0.26335916,0.42316708,131,Sequential LSTM
-0.050917108,-0.043047756,-0.27410412,-0.023052797,-0.054395597,0.055633556,0.010722005,-0.030221315,0.59041584,0.78024364,0.17862317,-0.08189405,0.10658502,0.14234936,-0.018490484,-0.040641606,-0.2985283,-0.065946214,0.02158205,-0.65151286,0.08490387,0.12894852,0.023124529,-0.13095121,-0.1906784,-0.28978953,0.04926384,0.008341683,0.58355606,0.47987816,132,Sequential LSTM
-0.02658925,-0.028109848,-0.15991634,-0.023204314,-0.031447526,0.30788732,0.0021798033,0.029573105,0.25977615,0.1529066,-0.15453573,0.1200051,0.31040594,0.12528405,-0.1348024,-0.026819363,-0.038935162,0.07762643,-0.038143836,-0.118286654,-0.055745028,0.18217388,-0.14329131,-0.007619905,-0.09033957,-0.20725824,-0.06068256,0.012334405,0.14053473,0.6250396,133,Sequential LSTM
-0.0346248,-0.023400676,-0.2129648,-0.018096149,-0.072092876,0.36400318,0.007846851,-0.025470449,0.24518855,0.26978287,-0.0450982,0.07359733,0.3588794,0.18150114,-0.16501729,-0.03556735,0.1885708,-0.23429307,0.008883149,-0.19649516,-0.0070947437,0.052432947,-0.092375256,-0.013122964,-0.119328804,-0.29672173,-0.040894616,0.027269818,0.32069013,0.5340128,134,Sequential LSTM
-0.025302159,-0.02468483,-0.061559163,-0.008452275,-0.021123553,0.21391377,0.005178489,0.023495292,0.2598002,0.09405992,-0.083657406,0.20900087,0.099501155,0.13406235,-0.16105717,-0.03239557,-0.16732025,0.44535324,-0.03198678,-0.07934834,-0.10966342,0.16362776,-0.24724987,-0.060785383,-0.14424568,-0.19482414,-0.08768902,0.01214957,0.21635254,0.6648499,135,Sequential LSTM
-0.0016334098,-0.024307815,0.054599248,-0.0170197,0.062078867,0.11934876,-0.0006966269,0.06994067,0.4946613,0.63488686,0.104766905,0.030983793,-0.39973298,0.19652945,-0.26966164,-0.0013168574,-0.040109348,0.6355972,-0.045365825,-0.52860755,-0.10054782,0.13845576,-0.09668013,-0.18707,-0.075873874,-0.5942521,-0.13227648,0.0311586,0.3918195,0.5503252,136,Sequential LSTM
-0.037705142,-0.016149987,-0.10277913,-0.012721668,-0.03578805,0.09144299,0.0037921222,0.0217989,0.2761778,0.17142797,-0.017030133,0.059723765,0.11787638,0.17050003,-0.17308094,-0.012630777,-0.12925616,0.36179495,-0.033846937,-0.14837815,-0.05352224,0.0893177,-0.08903874,-0.084290974,-0.10073198,-0.23214027,-0.109899126,0.015344486,0.23209105,0.7777023,137,Sequential LSTM
-0.035227843,-0.025839094,-0.2142295,-0.036356486,-0.00859195,0.17993127,-0.013013326,0.15165885,0.05011497,0.97953206,0.36531237,-0.046506863,-0.21588233,0.21474409,-0.23068555,-0.020566754,-0.22687949,0.06564092,-0.011395473,-0.6992718,0.13591912,0.17551251,0.094037905,-0.18898591,-0.062124435,0.21239121,-0.16322398,-0.024999676,-0.08237846,0.68136364,138,Sequential LSTM
-0.007382366,-0.03392772,0.20875512,-0.008250508,0.09578415,0.27026993,-0.0051786765,0.10459021,0.15338382,0.47562402,0.32989454,0.25780275,-0.6083104,0.41662392,-0.2975058,-0.041192707,-0.03502918,0.9570076,-0.11410806,-0.43714795,-0.05861898,0.021442669,-0.2629202,-0.22032312,-0.09182933,-0.33673373,-0.0929044,-0.018555174,-0.06250832,0.44124776,139,Sequential LSTM
-0.041031152,-0.010121969,-0.050504047,0.011921895,-0.017733168,0.0047892355,0.012804306,-0.0068553262,0.26185295,0.30191237,-0.019332202,0.037609067,-0.018282082,-0.00011901763,-0.13009065,-0.010033769,-0.044603698,0.998452,-0.060351368,-0.3472637,-0.08994668,0.021437602,-0.07844767,-0.102634795,-0.07117825,-0.42036024,-0.017229924,0.00519246,0.22658989,0.65355796,140,Sequential LSTM
-0.026358755,-0.03323442,0.0020604325,-0.0061537605,0.013348532,0.19223689,0.001861761,0.094870694,0.24291167,0.45172882,0.07694587,0.041989833,-0.25422424,0.398265,-0.34152505,-0.04591629,0.001263511,0.7190393,-0.07348176,-0.49133098,-0.06807131,-0.022745557,-0.10930242,-0.16985227,-0.15498216,-0.49306622,-0.0824944,-0.0070493454,0.40020198,0.74306464,141,Sequential LSTM
-0.031664878,-0.019297726,-0.1316486,-0.0035925629,-0.05099988,0.26074973,0.0029061448,0.02946885,0.2309721,0.04625454,-0.11298037,0.09133276,0.2556181,0.13148512,-0.16336195,-0.022410905,-0.07808299,0.25314182,-0.042512108,-0.03190828,-0.085964784,0.081256784,-0.09402204,-0.006738954,-0.06467595,-0.22335309,-0.043705683,-0.0076632067,0.16128688,0.6701111,142,Sequential LSTM
-0.04283495,-0.017121546,-0.23492366,-0.015016695,-0.084519744,0.11566207,0.0064210864,-0.005568647,0.3563745,-0.1541406,0.0034907076,0.14544466,0.3480058,0.1765692,-0.22177872,-0.008216218,-0.2314291,0.047504913,-0.07449351,0.20127036,-0.05197443,-0.02209111,-0.17946737,-0.08926137,-0.10967514,-0.18898593,-0.04479999,-0.026039023,0.71618783,0.6854066,143,Sequential LSTM
-0.016375093,-0.017854366,-0.08293166,-0.005514601,-0.03710554,0.15747732,0.004175048,0.022128042,0.27514553,0.12369853,-0.086297505,0.13796338,0.11030784,0.10495598,-0.15863557,-0.022937018,0.0009597434,0.4516457,-0.068944134,-0.14884388,-0.07117536,0.008951542,-0.19814897,-0.03976441,-0.05408853,-0.3534793,-0.028219713,-0.0047009084,0.32109684,0.67651105,144,Sequential LSTM
-0.030122234,-0.01649364,-0.130121,-0.012187926,-0.05027559,0.19525506,0.00037580298,0.027793624,0.26089,0.017870046,0.024544636,0.045005545,0.15501788,0.06381752,-0.174834,-0.016766695,0.04251188,0.19199076,-0.059740283,-0.029442305,-0.049748585,-0.011924689,-0.07349336,-0.11049206,-0.032681495,-0.28880012,-0.06846337,0.016642878,0.29848692,0.8153848,145,Sequential LSTM
-0.059631713,-0.02585226,-0.3349158,-0.0027204002,-0.08843255,0.32645997,0.002369649,-0.010467854,-0.07379739,-0.08828931,0.1670288,0.16114803,0.45282486,0.58382636,-0.4236778,-0.02891374,0.25426316,1.0852463,-0.12178495,0.020178344,-0.042820696,-0.08881003,-0.1807455,-0.20306219,-0.01894728,-0.23223807,-0.12443808,-0.009242078,-0.48903525,0.5944774,146,Sequential LSTM
-0.05341799,-0.013602806,-0.20786457,-0.0042327414,-0.0739236,0.14644186,0.0010242627,0.021666953,0.061951157,0.12460777,-0.012384841,0.031482212,0.3798646,0.18469137,-0.16650197,-0.010296815,0.04239061,-0.051843654,-0.028821101,-0.11390643,0.011857784,-0.007065532,-0.03859397,-0.034666244,-0.023578983,-0.11060279,-0.06473205,-0.011375045,0.22820728,0.7932253,147,Sequential LSTM
-0.033441845,-0.020422429,-0.18349062,-0.00772647,-0.024129052,0.2354856,0.007429575,0.0031545423,0.265146,0.6456245,0.4765682,0.010234319,-0.24058773,0.366077,-0.2972321,-0.020143606,0.0852575,0.3981279,0.0071326373,-0.5422692,0.04355233,-0.024415968,-0.031282566,-0.22996967,-0.112920724,-0.41312444,-0.08308835,-0.004627348,0.08132853,0.6437534,148,Sequential LSTM
-0.031239342,-0.006274319,-0.47295097,-0.0676905,-0.13736404,0.5197822,-0.0019028009,-0.065404385,1.6047368,0.76318115,0.5348927,0.03967483,0.08392016,0.16872755,-0.33005032,0.007352044,0.20314606,-1.2315148,0.08202913,-0.1588616,0.080219835,0.21675949,0.12808649,-0.04216487,0.18131185,-0.9258823,-0.04357389,0.19711076,-0.55718386,0.26112697,149,Sequential LSTM
-0.014154266,-0.005853495,-0.08574624,-0.008369809,-0.032529216,0.26548666,0.0057582525,-0.011282123,0.31892252,0.18125974,-0.06565287,-0.058139898,0.09013296,0.10442513,-0.1860827,-0.012180647,0.07745879,-0.006900809,-0.0057562785,-0.17202523,-0.06682174,0.035504103,0.034957483,-0.04365076,-0.038611867,-0.33419952,-0.054028712,0.023583144,0.35326555,0.7112318,150,Sequential LSTM
-0.046957053,-0.015847778,-0.22927532,-0.0026106855,-0.047506556,0.24490833,0.0057685412,-0.002984298,0.20324047,0.52841115,0.45596123,0.0017438092,-0.069643855,0.17173883,-0.19319002,-0.016908977,0.10015781,0.3116696,-0.010528386,-0.41049966,0.007410458,-0.0026594156,-0.006549562,-0.20834123,-0.05504032,-0.32678208,-0.07552153,-0.0025321215,-0.028240489,0.72060907,151,Sequential LSTM
-0.01768197,-0.035211544,-0.094250254,-0.010079017,0.011649717,0.10896891,-0.0073875724,0.14681077,0.09887701,0.93254113,0.065411195,-0.026519807,-0.24400121,0.22037539,-0.18571052,-0.025167199,-0.050792668,-0.4297655,-0.006563946,-0.6546726,0.10933988,0.04161667,0.03710738,-0.039868157,-0.030452155,-0.1416825,-0.060405143,-0.025887523,0.66271347,0.65068775,152,Sequential LSTM
-0.03561998,-0.00908492,-0.16892405,0.004240167,-0.047516055,0.04988638,0.008023826,-0.009140936,0.1540513,0.17549355,-0.089677,0.022716066,0.27126533,0.061704658,-0.099006034,0.0006866027,-0.08460895,0.34518325,-0.023354826,-0.18590087,-0.10078893,0.08052868,-0.026414223,-0.010224751,-0.029519955,-0.17886163,0.0034606492,-0.011530356,0.08852955,0.84440345,153,Sequential LSTM
-0.07248062,-0.008607582,-0.26580054,0.016590921,-0.035478193,0.15207647,-0.0013451584,0.07776556,-0.52202994,0.3100985,0.11604215,-0.03517651,0.19303961,0.5102744,-0.48462576,6.9365626e-5,-0.038696695,-1.1373183,-0.021749405,-0.28256503,0.13302971,-0.002716085,0.035205584,-0.024345808,0.022089835,0.7759462,-0.047061674,-0.121719636,1.1088916,0.650597,154,Sequential LSTM
-0.11752961,-0.022335168,-0.41707876,-0.01042897,-0.12509185,0.00824691,-0.029096114,0.22605468,-0.1467323,0.41014287,-0.09686479,-0.19993147,0.8766915,0.26334536,-0.19704229,-0.012144561,0.12093136,0.73726654,-0.01819937,-0.4282313,-0.08248782,-0.01846504,0.11350993,-0.05858942,-0.06857555,-0.18980531,-0.019705135,-0.045632485,0.052005846,0.49577233,155,Sequential LSTM
-0.045385618,0.008058341,-0.20597285,-0.0056832866,-0.074451335,0.24155764,0.003044087,0.0009895818,0.22406097,0.10663848,-0.07088173,-0.027528668,0.3847097,0.19670385,-0.20965771,-0.0047019445,-0.0008680295,-0.062146246,-0.015582874,-0.08961834,-0.06070941,0.0401106,-0.0005435503,-0.029262632,-0.04906895,-0.23904696,-0.045001738,-0.007320463,0.25563055,0.78192854,156,Sequential LSTM
-0.044593044,0.024516594,-0.3435372,0.0022470336,-0.11924069,0.33698556,0.01591681,-0.099477,0.47567835,0.20545991,-0.12995803,-0.13154955,0.58232784,-0.1405286,-0.117822446,0.009901664,0.0211305,-0.887627,0.00078945374,-0.11263443,-0.09247807,0.059225,0.103916734,0.010213981,-0.058981076,-0.4489126,-0.061976828,0.012542213,1.422789,0.5056759,157,Sequential LSTM
-0.030456752,0.0002901035,-0.17707509,-0.00085339916,-0.051259875,0.19352977,0.00846605,-0.023285175,0.24175547,0.21614988,-0.06792818,-0.053383987,0.2610165,0.20218192,-0.223478,-0.009160765,0.03851863,0.1830813,-0.020761434,-0.21167012,-0.064363755,0.040001046,0.020623496,-0.041722015,-0.046201732,-0.3317679,-0.04882546,0.033593368,0.1641858,0.7988003,158,Sequential LSTM
-0.010544515,-0.008113775,-0.14649677,-0.016175719,-0.026409993,0.52745044,0.012333321,-0.03507462,0.5379973,0.5061508,0.379164,-0.15680972,-0.20815618,0.5021384,-0.41921207,-0.021504473,0.21002293,1.0288194,-0.0055323117,-0.41028723,-0.09724483,-0.02865702,0.14034621,-0.28469363,-0.062038925,-0.6485223,-0.11635887,0.08001566,-0.72836304,0.5057575,159,Sequential LSTM
-0.008174724,-0.020442562,0.12948073,-0.0019117758,0.06316588,0.11027104,0.011006777,0.07106613,0.08178448,0.6363313,0.15006877,0.09529346,-0.48784414,0.32627454,-0.2884402,-0.034041416,-0.17175728,0.37008283,-0.022317218,-0.55385,0.028981373,-0.027520964,-0.17433982,-0.17697059,-0.18021144,-0.17053102,-0.08860394,-0.027328957,0.6701598,0.69031894,160,Sequential LSTM
-0.061582718,-0.012176443,-0.26977462,0.036637098,-0.049599897,-0.037694093,0.030363563,-0.05570713,-0.20731024,0.68633103,0.13339014,0.03991331,0.13820708,0.6510933,-0.45980677,-0.060478877,0.26193726,0.26672962,-0.0133668035,-0.6927041,0.07087469,-0.009126925,-0.10801862,-0.14642486,-0.28171775,-0.23887496,-0.04844496,0.021773314,0.80248576,0.6130736,161,Sequential LSTM
-0.07612181,-0.024191078,-0.2782176,0.00053918036,-0.07879776,0.21862045,0.0061420375,0.03455456,0.04990763,0.35857752,-0.031287577,0.06732675,0.36865714,0.25725964,-0.28731015,-0.023086814,0.016264979,-0.11082375,-0.005505684,-0.35966977,0.027515585,0.016788932,-0.08021312,-0.056695763,-0.12730698,-0.16379488,-0.09660376,-0.0025466643,0.59590745,0.7841113,162,Sequential LSTM
-0.097551666,-0.003530357,-0.530735,-0.022469923,-0.16915196,0.5354703,0.016421685,-0.10904866,0.76946515,0.3850156,0.42697522,-0.062321607,0.5053576,0.076941125,-0.2729472,0.013004175,-0.0129348235,-0.3688097,0.07628936,-0.17108202,-0.055912692,0.08271356,0.089481845,-0.21122383,0.011937943,-0.52071184,-0.11401804,0.064951286,0.038990714,0.6294337,163,Sequential LSTM
-0.047615543,-0.033961333,-0.19885601,-0.007380613,-0.06350248,0.17651382,0.0072459774,0.00071532914,0.13131689,0.09620934,-0.018409895,0.0010660642,0.3230175,0.21300632,-0.23737511,-0.017362256,-0.0068388446,0.2489937,0.011063209,-0.16382113,-0.056669425,0.0028782184,-0.029697213,-0.05528105,-0.105159305,-0.23391064,-0.040745456,-0.0018780215,0.2436621,0.86277586,164,Sequential LSTM
-0.025275407,-0.025300054,-0.12009066,-0.006953836,-0.049166013,0.21234418,0.0073831812,-0.012909197,0.28505868,0.049622104,-0.048545763,0.09017547,0.18958858,0.12501019,-0.22124414,-0.01066471,0.007309492,0.14865242,-0.0033728483,-0.07439704,-0.083985925,0.055910543,-0.11719012,-0.040955972,-0.08011763,-0.33078527,-0.046169084,0.029748145,0.27002373,0.8262969,165,Sequential LSTM
-0.086979754,-0.03402332,-0.58747923,-0.033871245,-0.20269197,0.79529613,0.008786689,-0.06476816,0.9867309,0.17322417,0.18483718,0.1863115,0.6983676,0.7535073,-0.7218146,-0.0384295,0.24794778,0.8170478,-0.030860396,0.021466324,-0.17405899,0.11268912,-0.21589012,-0.21997467,0.08442129,-1.0102019,-0.1507983,0.15361732,-1.0666431,0.41423437,166,Sequential LSTM
-0.014057823,-0.036687814,0.043238316,0.0013147561,0.021236733,0.18289955,0.00012842256,0.04351091,0.015510537,0.33005998,0.17880669,0.2407793,-0.25113535,0.43344316,-0.37168533,-0.056623004,0.1333436,1.038882,-0.05270545,-0.44034007,0.024059296,-0.07740428,-0.29537606,-0.17005889,-0.19159304,-0.387009,-0.08081047,-0.013363292,0.1477288,0.6039079,167,Sequential LSTM
-0.0065095145,-0.03346959,-0.050650712,-0.011926991,0.0072923834,0.14321816,-0.000961995,0.056962848,0.41264117,0.6553758,0.19957298,0.06342982,-0.28282884,0.29168445,-0.3326835,-0.037309926,0.096896365,0.69632345,0.010940062,-0.6127455,-0.027483776,0.0077859797,-0.14489862,-0.16600753,-0.17205438,-0.6551052,-0.051427335,0.023195148,0.31667998,0.60406476,168,Sequential LSTM
-0.042509567,0.0018809846,-0.16706577,0.0027344609,-0.07774822,-0.09440928,0.016701596,-0.08776886,0.39580277,0.009281832,-0.18255542,0.12151603,0.44088876,0.09567325,-0.13602515,-0.027962288,-0.14282592,1.2813697,-0.067377776,-0.2048932,-0.061374567,0.0083050495,-0.22490951,-0.06349525,-0.14973113,-0.5042116,0.0003818603,-0.014982257,0.46969447,0.405615,169,Sequential LSTM
-0.08899931,-0.055726383,-0.38647798,-0.013721976,-0.09436388,0.1057601,-0.029125197,0.19054565,-0.24081405,0.030325796,0.028856177,0.3242346,0.569669,0.749122,-0.5795829,-0.040963203,-0.034446374,-0.20069489,-0.08939624,-0.050536096,0.0504579,0.018066386,-0.35158238,-0.081627816,-0.13701254,0.12954573,-0.09194759,-0.05598279,0.7606258,0.6657924,170,Sequential LSTM
-0.015462471,-0.012453774,-0.09883334,-0.007185483,-0.032970294,0.25240877,0.0025648496,0.020183744,0.23473309,0.051673226,-0.12562206,0.013856013,0.17333998,0.22990273,-0.23643908,-0.02133751,-0.0476111,0.17451534,-0.032016627,-0.07777973,-0.09180841,0.044204522,-0.07526786,-0.035967935,-0.036753826,-0.26312804,-0.06207339,0.0045772875,0.33602902,0.7347224,171,Sequential LSTM
-0.10146475,-0.034789458,-0.63658047,-0.019382548,-0.1559675,0.5226864,-0.014983994,0.14647223,0.035440747,0.15188938,-0.069089085,0.06514587,1.0176796,0.6326408,-0.38109097,-0.07285138,-0.17957735,1.269675,-0.058711126,-0.13826303,-0.046228927,0.043144595,-0.15589535,-0.1521289,-0.08032828,0.060324818,-0.13770998,-0.077376835,-0.7614321,0.32875264,172,Sequential LSTM
-0.031636167,-0.009641782,-0.16305219,-0.008094773,-0.049143188,0.214488,0.006555001,0.0062149,0.17398241,0.100979924,-0.072139375,-0.07995179,0.2637329,0.2309149,-0.2045026,-0.02521979,-0.067093395,0.2937832,-0.017778052,-0.13851392,-0.05544415,-0.011285976,0.033041745,-0.059338994,-0.09918254,-0.20086347,-0.0690356,-0.009309004,0.25001633,0.7975174,173,Sequential LSTM
-0.11082138,-0.036204454,-0.8549038,-0.045072235,-0.23526964,0.23865706,-0.010040462,0.046994045,0.81201196,0.82720715,-0.083349034,-0.051846936,1.0657037,-0.055440336,-0.24474318,-0.025884373,0.029778033,-1.273749,-0.009871355,-0.6435439,0.1850302,0.015435085,0.07840751,0.10183912,0.1753247,-0.72166055,-0.06253768,0.10991617,1.3122096,0.46642396,174,Sequential LSTM
-0.08579271,0.031185372,-0.38107064,-0.0005799154,-0.14980914,0.43666118,0.02911575,-0.22804983,0.6687412,-0.31870687,0.019988751,0.0014867239,0.7360761,0.5009554,-0.3821864,0.03148665,-0.33058944,1.2774645,-0.07501663,0.26954406,-0.09023645,-0.109319374,-0.12891647,-0.2969482,-0.18410636,-0.41535687,-0.12600856,-0.04220078,-0.23737969,0.57956856,175,Sequential LSTM
-0.04321964,-0.0035657915,-0.21659093,-0.0072389864,-0.0765943,0.2709468,0.00071502454,-0.06607252,0.24933742,0.02536884,0.038990576,3.8247093e-5,0.37355292,0.1603467,-0.17964305,0.004287739,0.02429352,-0.3435351,-0.0051371986,0.0106968125,-0.016845755,-0.0018445093,0.0057910956,-0.04151849,-0.016597344,-0.17884095,-0.04030603,0.013369953,0.29929224,0.7605227,176,Sequential LSTM
-0.03470247,0.0020706095,-0.1752339,-0.0066586714,-0.06509076,0.2929022,0.004354876,-0.05296414,0.26862288,0.06964655,-0.01978788,-0.017948147,0.28314298,0.28913814,-0.25876117,-0.016960058,-0.02383314,0.17633471,-0.038050316,-0.12671103,-0.04638845,-0.03174482,-0.03418651,-0.10638769,-0.048941422,-0.31559864,-0.069841355,-0.011128013,0.35203028,0.76267534,177,Sequential LSTM
0.0070890393,-0.0908064,-0.21184012,-0.10159143,-0.010126156,0.7326546,-0.079251945,0.39611712,0.57578695,0.78574467,0.57233715,0.5430025,-0.4275264,1.0639479,-0.5538671,-0.08465218,0.018596094,0.31127134,-0.14424676,-0.36087596,0.27050433,0.02015332,-0.38704276,-0.277005,0.13778356,-0.23582107,-0.13455136,0.02482029,-1.5759839,0.21537985,178,Sequential LSTM
-0.16786537,0.0016912979,-1.1403439,-0.060324013,-0.3288565,0.8973486,0.001731954,-0.12364385,1.0362506,-0.004076376,0.31013122,-0.09007528,1.6300607,0.27528507,-0.24522944,-0.05395095,-0.6402733,0.014513495,-0.059709083,0.096346855,0.095535845,0.15487026,0.11985632,-0.32456297,-0.14719759,-0.1457224,-0.20649019,-0.13672157,-0.25767905,0.49909952,179,Sequential LSTM
-0.05728719,0.00151181,-0.2672775,-0.003204752,-0.08427046,0.20178498,0.013170419,-0.06804276,0.29379627,0.26322165,0.077867,-0.009870754,0.30664074,0.21487956,-0.22567411,-0.015315483,0.06341313,-0.12539299,-0.019971373,-0.22871792,-0.0033367341,0.016812567,-0.00097152457,-0.08369862,-0.03793082,-0.34614924,-0.069794156,0.019617533,0.35813743,0.8160533,180,Sequential LSTM
-0.04033053,-0.007882941,-0.19412455,-0.008915978,-0.062000584,0.14357737,0.002427884,-0.008277658,0.20259815,0.049464334,0.011248674,0.004526075,0.26885924,0.2883339,-0.25619105,-0.008628256,-0.019814653,0.009030329,-0.04326846,-0.081032164,-0.02433636,0.020952543,-0.031501736,-0.074872926,-0.041022886,-0.26879138,-0.070306696,0.007743148,0.35793838,0.87459874,181,Sequential LSTM
-0.03620251,-0.017143248,-0.22486252,-0.012868255,-0.065294325,0.28579402,0.0028940772,0.0013143397,0.20850417,0.06244727,0.004082189,0.031995423,0.33636907,0.1461392,-0.1813078,-0.0067336927,0.050302327,-0.16895257,-0.020561324,-0.044323996,-0.01957236,0.024341129,-0.031829376,-0.0530047,-0.032451697,-0.22906284,-0.06949429,0.011888671,0.24596801,0.80162555,182,Sequential LSTM
-0.0039568734,-0.04295649,-0.1640641,-0.049280368,-0.00071806565,-0.12812169,-0.029549012,0.1835178,0.08396664,0.5125408,0.30370608,-0.04549936,-0.24182871,0.82514775,-0.6987805,-0.071974844,-0.464063,-0.66456336,-0.12205385,-0.59478366,0.28595594,-0.17964117,-0.078641236,-0.2630692,-0.013160252,0.039828725,-0.14519888,-0.06148608,2.3394794,0.4892474,183,Sequential LSTM
-0.017410304,-0.012633794,-0.06731832,-0.008183486,-0.025003416,0.16781674,0.0059274794,0.0025334815,0.2693477,0.1037678,-0.047043942,-0.04291064,0.055973567,0.16310048,-0.19367576,-0.009310722,-0.06463779,0.3338838,-0.04234473,-0.14196841,-0.069102205,0.00753061,0.018745253,-0.0804917,-0.03577703,-0.29390427,-0.073154114,-0.0017084247,0.2828017,0.81515044,184,Sequential LSTM
-0.015779285,-0.0073566157,-0.077841006,0.001577269,-0.043712705,0.16886432,0.020199394,-0.0430543,0.44128603,0.43179017,-0.065929554,-0.09999769,0.015631033,0.08081061,-0.17220564,-0.014184552,-0.05105039,0.16939475,0.027112,-0.3946225,-0.016809935,-0.0006201324,0.047050685,-0.06324581,-0.07728743,-0.39622068,-0.09146967,-0.0047949003,0.5252788,0.7071877,185,Sequential LSTM
-0.03065472,-0.020794246,-0.26900572,-0.017245438,-0.07684202,0.40838686,0.0089673465,-0.010598597,0.5424948,0.3508587,0.36559382,-0.003815106,0.02138643,0.5484782,-0.35350016,-0.025261603,-0.08887748,1.50281,-0.0011894518,-0.311193,-0.03351203,-0.06420307,-0.06687172,-0.29504275,-0.026917834,-0.41781414,-0.1553896,0.0027712625,-0.94036347,0.45734477,186,Sequential LSTM
-0.0066258144,-0.020900419,-0.14150909,-0.03448928,-0.042050675,0.33849296,0.0063973186,-0.013573586,0.96917534,0.43263844,0.4642761,-0.15962377,-0.24240518,0.5413149,-0.43147975,-0.018747391,-0.020534117,0.83688116,0.048063558,-0.34523207,-0.07612523,-0.03180625,0.07779262,-0.30738682,-0.1028261,-0.74522835,-0.103028245,0.058941122,-0.36764538,0.43724406,187,Sequential LSTM
-0.008378414,-0.061484016,0.025907652,-0.005867527,0.028701164,0.16119905,-0.006538003,0.12715748,0.12184835,0.6684512,0.12015332,0.11993158,-0.2922253,0.48314857,-0.31316742,-0.03696917,-0.008902315,0.40678135,-0.075587586,-0.63207144,0.013598507,-0.007548228,-0.18445171,-0.15368432,-0.1511311,-0.33260956,-0.08860304,-0.025569983,0.557202,0.55070895,188,Sequential LSTM
-0.03446182,0.004424821,-0.12656079,-0.000852196,-0.03499089,-0.10124177,0.009890943,0.019243153,0.19422165,0.36670423,-0.13094069,-0.038253985,0.1625564,0.008426423,-0.059742264,0.0028357648,-0.32433164,1.1879294,-0.08366602,-0.44980767,-0.07277352,0.0319451,-0.0652695,-0.09388783,-0.07894372,-0.21716963,-0.048102085,-0.06672668,0.5840185,0.4555263,189,Sequential LSTM
-0.10626625,-0.016900495,-0.35091236,-0.009403352,-0.10523359,-0.21296002,-0.0064022355,0.07309353,0.104230575,0.14922312,-0.045840997,-0.045861628,0.6763366,0.088023104,-0.0018588722,0.025573641,-0.2862987,1.1751494,-0.0982776,-0.24537481,-0.015011556,-0.054657325,-0.047515985,-0.09968048,0.05292566,-0.05868008,-0.014402442,-0.07669796,0.0066450266,0.54703605,190,Sequential LSTM
-0.054500394,-0.0043935645,-0.21106537,-0.0011474084,-0.07539567,0.1545707,0.006200496,-0.0026927148,0.10024528,0.19538677,-0.03750554,0.078763045,0.36393237,0.22363228,-0.21742836,-0.00027849665,-0.013327194,0.01074998,-0.028617747,-0.160262,-0.06041564,0.023754787,-0.102443196,-0.049408246,-0.058721326,-0.1667748,-0.057404168,-0.014984488,0.37339061,0.78614,191,Sequential LSTM
-0.029900119,-0.054427803,-0.05792657,-0.05046306,0.014313252,0.15192135,-0.012430634,0.18360059,0.6242917,0.60298294,0.32614106,0.60076076,-0.4546299,1.0058235,-0.5898443,-0.066311054,-0.04337212,1.8978058,-0.20163377,-0.551137,0.04005516,-0.042642795,-0.6427504,-0.26998994,-0.0013300716,-0.7175647,-0.06784024,0.075457,-0.9771757,0.30821705,192,Sequential LSTM
-0.14218378,-0.07621338,-0.50952137,-0.02332438,-0.1252457,0.23437384,-0.01002607,0.19721885,0.043378286,0.39035144,-0.07093011,0.23086268,0.63643515,0.82826114,-0.8098228,-0.07503008,-0.087522104,0.86121285,-0.14587785,-0.57079184,0.05857259,-0.1549912,-0.35514894,-0.21790762,-0.176908,-0.34303212,-0.17915986,-0.053186953,0.9123184,0.733839,193,Sequential LSTM
-0.06763552,-0.04929251,-0.4899694,-0.05834592,-0.081817046,0.41813904,-0.02486068,0.15376945,0.4939316,1.2094808,0.8133136,0.34124148,-0.19553567,0.5457492,-0.36715013,-0.026712254,0.09390274,-0.34095517,-0.05098426,-0.69223773,0.26257166,0.05107606,-0.1606895,-0.18384887,0.34853923,-0.10255283,-0.030974846,0.031565662,-1.2900681,0.4503501,194,Sequential LSTM
-0.085674755,-0.027467022,-0.34719843,-0.005060419,-0.1021543,-0.027059177,0.00016725883,0.03185482,-0.038453385,0.021959836,-0.018525926,0.19477786,0.5754705,0.3118318,-0.29913542,-0.024116991,-0.31661406,0.41453618,-0.10118661,-0.15486453,-0.03924751,0.047539514,-0.24618848,-0.11578528,-0.12812386,0.14189926,-0.020314839,-0.084379196,0.6656944,0.77581877,195,Sequential LSTM
-0.03168836,-0.037878044,-0.18730865,-0.025168613,-0.051318984,0.021002848,-0.011529423,0.10033109,0.2073015,0.15262017,-0.15136689,0.21838555,0.21887851,0.48803824,-0.45016998,-0.03446569,-0.30797866,-0.12752917,-0.11185546,-0.22288723,-0.046228364,0.06632917,-0.26524407,-0.040708717,-0.1070806,-0.11042844,-0.031851843,-0.035807155,1.163712,0.75189525,196,Sequential LSTM
-0.0052481014,-0.010574868,-0.09181012,-0.013014578,-0.004448866,0.17039081,0.008138599,0.001488789,0.46649283,0.77765006,0.26962054,-0.025530059,-0.30716565,0.41356277,-0.30289933,-0.027402995,-0.11723043,0.4570508,-0.012475751,-0.6347584,-0.047516637,0.015716117,-0.037795268,-0.2047685,-0.13259158,-0.42259923,-0.051066488,-0.0068569737,0.31609032,0.55955213,197,Sequential LSTM
-0.024529422,-0.006105317,-0.10981199,-0.012522581,-0.030973453,-0.061648875,0.012765085,0.001476565,0.25341144,0.27031335,-0.113383494,-0.08726407,0.14148682,0.18601997,-0.17973475,-0.01461178,-0.30580026,1.4071306,-0.054516625,-0.36180547,-0.09065649,-0.018203584,-0.03283481,-0.13232064,-0.14272583,-0.27523503,-0.049299035,-0.044815734,0.40217724,0.4740181,198,Sequential LSTM
-0.0077632647,-0.027055975,-0.062837645,-0.008489471,-0.021838387,0.078804605,0.0015910908,-0.009068161,0.5296364,0.46101227,0.12662503,0.04161972,-0.15698303,0.353527,-0.318904,0.0041909083,-0.12843175,0.65015084,-0.02224747,-0.40522963,-0.1123322,-0.02912525,-0.13975698,-0.2013116,-0.062410448,-0.5440586,-0.043862816,-0.03775984,0.50635415,0.5859546,199,Sequential LSTM
-0.034117434,-0.015566597,-0.14453399,-0.0042307493,-0.055164058,0.13381128,0.007394019,-0.001504995,0.19592427,0.10117601,-0.08326287,0.08968682,0.2425272,0.12218431,-0.18170398,-0.004725708,-0.14654578,0.5888258,-0.056086913,-0.16858974,-0.05887227,-0.024371654,-0.15726164,-0.0968025,0.00134034,-0.23782426,-0.06905265,-0.05096623,0.31776458,0.7905494,200,Sequential LSTM
-0.042464916,-0.0134324385,-0.16763818,-0.002562459,-0.054937102,0.083886504,0.0032371832,0.025209986,0.09106868,0.27787378,-0.03946301,0.015022082,0.22322834,0.39580157,-0.27582762,-0.021419182,0.0066788406,0.34186515,-0.037641726,-0.31069615,-0.03331055,-0.030415695,-0.09299213,-0.092443705,-0.046004083,-0.27637678,-0.050662234,-0.018215407,0.38683325,0.75579804,201,Sequential LSTM
-0.119657606,-0.03137175,-0.572408,-0.022486536,-0.18605708,0.4468273,-0.010481235,0.0594487,0.100708686,0.1022058,0.04892466,0.50367516,0.9007556,0.23057346,-0.4117338,-0.047896188,-0.07078435,-0.78654057,-0.13054775,-0.19214506,0.26054513,-0.036381032,-0.46407312,-0.1395019,-0.060374677,-0.16953054,-0.18561898,-0.045451067,1.5825604,0.44681635,202,Sequential LSTM
-0.07843209,-0.018708454,-0.3098808,0.0018601348,-0.08368137,0.16707845,0.00410753,0.0071356697,0.06400655,0.14029907,-0.016354252,0.011936969,0.44762,0.50581425,-0.39768872,-0.031322196,0.008711176,0.22378129,-0.072861694,-0.23407948,-0.008729573,-0.07572279,-0.07842528,-0.12450897,-0.059729125,-0.2652295,-0.10847416,-0.011027085,0.55782855,0.8346759,203,Sequential LSTM
-0.04804327,-0.014101735,-0.24067153,-0.0060499324,-0.085792094,0.11320243,-0.00073236285,-0.0072524636,0.22565335,0.06781086,-0.05366541,0.03873701,0.4075627,0.4490975,-0.2616273,-0.014505541,-0.0981922,0.26238903,-0.04478818,-0.086184405,-0.016559817,-0.027658734,-0.077782296,-0.060981967,-0.07186805,-0.23410839,-0.051097743,-0.013320672,0.15617499,0.79435617,204,Sequential LSTM
0.012652914,-0.026400644,0.014813405,-0.013674627,0.025426613,0.19782309,-0.0065138,0.02078141,0.51973456,0.7150336,0.32150492,0.12573448,-0.5190605,0.65777206,-0.36314812,-0.029961057,-0.07380547,1.1866332,-0.033282913,-0.63611394,0.09296221,-0.10984665,-0.19308071,-0.25297365,-0.12588055,-0.56048614,-0.072868235,-0.0070137503,-0.3904697,0.52370805,205,Sequential LSTM
-0.06393786,-0.022231154,-0.41557306,0.0012121218,-0.12504086,-0.07755602,-0.00037815722,-0.005967015,0.36283413,0.51269084,-0.16252697,-0.046022043,0.60177916,0.34204093,-0.2703981,-0.023108259,-0.117496155,0.8950407,-0.05187861,-0.5835935,0.07490183,-0.049749456,-0.05520017,-0.06756093,-0.121418945,-0.55848294,-0.046218622,-0.05282561,0.5213919,0.60527277,206,Sequential LSTM
-0.042416047,-0.021347221,-0.39442238,-0.038153328,-0.10869363,0.33493382,-0.007365272,-0.00056775846,0.81173176,0.47549164,0.48534468,-0.031244855,0.114245094,0.5253277,-0.3303038,-0.023508754,0.021303998,1.2474736,0.04562061,-0.38596672,0.046124183,-0.03241722,-0.024096088,-0.2877925,-0.069817044,-0.7184977,-0.06479008,0.057588194,-0.98761725,0.40383238,207,Sequential LSTM
-0.03132341,-0.015580572,-0.1525465,-0.00998006,-0.05636228,0.1885309,0.0023251595,0.014546087,0.24459873,0.20272756,-0.048135657,-0.05775095,0.20665582,0.14277737,-0.17972799,-0.028622797,-0.0624255,0.3004308,-0.014656472,-0.26705208,-0.034539707,-0.015491444,0.0011438527,-0.07647735,-0.09503739,-0.31721383,-0.05099554,-0.025706084,0.44970655,0.78618276,208,Sequential LSTM
-0.053625688,-0.02753688,-0.30027917,0.00739839,-0.03912576,0.3640355,-0.018678956,0.15253364,-0.4652662,0.71710634,0.22302115,-0.14448074,0.11395073,0.48340684,-0.39863572,-0.053674612,-0.1631732,0.84667706,-0.03008768,-0.7163483,0.12900923,-0.13478719,0.06170995,-0.30475453,-0.1571206,0.4178359,-0.15289763,-0.14303641,0.23852593,0.5482986,209,Sequential LSTM
-0.049078934,-0.024132831,-0.22692385,0.004178832,-0.07314818,0.11610849,0.000980782,-0.005836576,0.12851273,0.34777543,-0.07605858,0.030070852,0.31938344,0.18894397,-0.27421612,-0.038090933,0.051850114,0.42643157,-0.04388948,-0.41482973,-0.04492855,-0.0069315666,-0.084195375,-0.07732921,-0.06824664,-0.44257894,-0.0502209,-0.031165523,0.64293534,0.77463037,210,Sequential LSTM
-0.039515316,-0.030412665,-0.15486297,-0.012918586,-0.052744377,0.16703285,-0.0025070026,0.046464436,0.1515693,0.11843029,0.0052275932,0.061737277,0.19270995,0.24688448,-0.28761446,-0.008207829,0.04637352,-0.1530289,-0.017839124,-0.11481741,-0.0008983505,0.013339456,-0.06901013,-0.054863673,-0.07050277,-0.22617057,-0.057598565,0.008740272,0.46900406,0.8259992,211,Sequential LSTM
-0.04451478,-0.046312377,-0.2988186,-0.048537802,-0.113837436,0.9323481,-0.003533487,0.11883151,0.6704166,0.34041578,-0.14726049,-0.23408899,0.36529386,0.3372135,-0.55376583,-0.066129304,0.0136774825,1.2009606,0.047838703,-0.5102724,-0.076153204,-0.1640561,0.06045507,-0.33926857,-0.28975514,-0.92093635,-0.24433975,-0.046400942,0.48465732,0.5758731,212,Sequential LSTM
-0.102915525,-0.045612235,-0.51067334,-0.020396722,-0.17264867,0.24994376,-0.016746907,0.061786827,0.30787352,0.43102518,0.014373963,0.43193802,0.7212813,0.076525256,-0.3740387,-0.050259903,0.07431476,-0.4379554,-0.096311525,-0.4603298,0.14082627,0.03251555,-0.38659337,-0.07372897,-0.07522799,-0.53292376,-0.11149374,-0.0050832215,1.405575,0.52496034,213,Sequential LSTM
-0.013865681,-0.13181537,-0.116438836,-0.07380341,-0.030841934,0.42935717,-0.07352224,0.5135864,0.09908164,0.07508002,-0.47563332,0.82857937,0.25044712,0.99143946,-0.90622556,-0.11741353,-0.20327085,-1.1265011,-0.16932327,0.06396116,0.12475589,0.23741648,-0.6843817,0.2842295,-0.074388586,-0.029873924,-0.17137338,0.0326681,1.0454822,0.42258823,214,Sequential LSTM
-0.015878962,0.0006880861,-0.0890668,0.0006534082,-0.022313802,0.113169275,0.018311128,-0.044270977,0.3786517,0.6365358,0.015095837,-0.11096288,-0.100313514,0.14983961,-0.24050002,0.00016800471,0.22717735,-0.28467202,0.03080422,-0.44670963,0.008157818,0.009342349,0.098568566,-0.03877768,-0.023876052,-0.50169224,-0.024542833,0.049209833,0.58583575,0.6213686,215,Sequential LSTM
-0.099404745,-0.05293716,-0.48798758,-0.039194155,-0.17342308,0.26868922,-0.015439523,0.14232714,0.21565618,0.018678637,-0.020830693,0.15653041,0.8930623,0.11472404,-0.27404112,-0.009136891,-0.14368996,0.21593557,-0.0984051,-0.13070472,0.032302234,-0.052859962,-0.1857784,-0.16297853,-0.120333664,-0.33249587,-0.15148337,-0.06591666,0.93742156,0.6217139,216,Sequential LSTM
-0.037962273,-0.039040837,-0.1831959,-0.02433356,-0.01859292,0.5963151,-0.013562394,0.23510605,-0.17585443,0.8376969,-0.011695549,-0.16056593,-0.017175911,0.19339564,-0.36261737,-0.03431496,-0.2639361,0.2821345,-0.014811687,-0.76629466,-0.067515,-0.036170553,0.08480117,-0.2585223,-0.080457434,0.1816816,-0.19097023,-0.13030782,0.84917164,0.6275953,217,Sequential LSTM
-0.0691942,-0.02965299,-0.4576896,-0.044033434,-0.123939514,0.847395,0.015794113,0.0108225,0.9932603,0.862975,0.11710056,0.25760397,0.24182808,0.034968857,-0.366719,-0.002833112,-0.060594864,-0.6937681,-0.011713725,-0.5402094,0.0798589,0.12589194,-0.14060283,-0.10003763,0.06665581,-0.44641694,-0.19995344,0.050764255,-0.02479128,0.6072307,218,Sequential LSTM
-0.056527276,-0.03964889,-0.24888916,-0.027222408,-0.08703891,0.04223384,-0.012949035,0.12842032,0.11283878,-0.11986417,-0.09620666,0.13941902,0.48378104,0.49379954,-0.32769236,-0.014080674,-0.20587817,0.31720015,-0.088224985,0.07099974,0.013159939,-0.028108746,-0.18063633,-0.07055047,-0.11650522,-0.11184395,-0.09423939,-0.04294059,0.44833538,0.7188597,219,Sequential LSTM
-0.042996872,-0.040496316,-0.37564367,-0.080384605,-0.13674079,0.5862193,-0.00039118802,0.14220986,1.2607846,0.77483517,-0.059817795,0.0310812,0.20997834,0.8840236,-0.75097764,-0.039504427,-0.52796906,0.5290552,-0.06770235,-0.6248444,0.02258775,0.008341381,-0.12204388,-0.22258592,-0.14217284,-0.726121,-0.21763654,0.009774185,0.21113887,0.5079999,220,Sequential LSTM
-0.028369997,-0.013960867,-0.13836493,-0.008477347,-0.052453298,0.10613049,0.004456727,0.03257192,0.19690278,0.19203775,-0.103526264,-0.021626906,0.21221434,0.29298216,-0.2557797,-0.014144166,-0.065505646,0.5495983,-0.03712278,-0.2514205,-0.072431296,-0.021992723,-0.05570018,-0.0825631,-0.112376235,-0.32266104,-0.076100454,-0.019054707,0.40485674,0.76188093,221,Sequential LSTM
-0.018914253,0.0033784674,-0.34427992,-0.044156868,-0.1281209,0.3119809,0.01244193,-0.08304548,1.2764322,0.38114643,0.33217493,-0.13854566,0.10849981,0.6003678,-0.3811541,-0.0038190864,-0.06052197,1.0168802,0.012987155,-0.23890659,-0.068862356,0.03451697,0.07829414,-0.2510123,-0.033524986,-0.89455706,-0.032598842,0.11772753,-0.95889264,0.39408463,222,Sequential LSTM
-0.1331862,0.004955371,-0.77755255,-0.029824292,-0.23916176,0.30784652,0.009185642,-0.102179594,0.67113334,-0.008599863,0.15243687,-0.061700426,1.3409896,0.110490516,-0.08235037,0.0054235337,-0.24119276,1.3119177,0.010482179,-0.018231098,-0.04072838,-0.007101411,-0.03499423,-0.25433654,-0.13836853,-0.46071818,-0.079015724,-0.05486031,-0.5814501,0.4206911,223,Sequential LSTM
-0.07279621,-0.07370704,-0.18166494,-0.033594187,-0.020865962,0.048896182,-0.04881391,0.34975913,-0.4940521,-0.17762776,-0.117762476,0.43853173,0.3324261,1.0634453,-0.7088191,-0.011020071,-0.27134907,0.24510692,-0.14301904,0.3145069,-0.022147018,-0.0051028416,-0.4239163,-0.03667915,-0.058661543,0.61810666,-0.109310955,-0.09539185,0.06270481,0.6328178,224,Sequential LSTM
-0.043443877,-0.01985182,-0.12855701,0.0120394835,-0.02072923,0.05192709,0.02398987,-0.02388311,0.112434916,0.74861974,0.11549177,0.07813608,-0.10493342,0.48626712,-0.3681416,-0.03432482,0.06049261,0.15443657,-0.037067465,-0.57496214,0.024083782,-0.019343888,-0.09876792,-0.11310747,-0.11787133,-0.26336125,-0.061211843,0.018792775,0.42056385,0.7222826,225,Sequential LSTM
-0.058934893,-0.03214601,-0.2030727,-0.013147111,-0.06356001,0.048690043,-0.006648198,0.07803847,0.050591804,-0.031017018,-0.0844024,0.08733208,0.37018886,0.34305185,-0.32562047,-0.013715596,-0.07574461,0.021846974,-0.060815,-0.0029680987,-0.054634355,0.009438112,-0.13499567,-0.04949962,-0.07114139,-0.14874,-0.06569129,-0.017443836,0.66261387,0.84214616,226,Sequential LSTM
-0.16320571,-0.02385789,-0.72017086,0.008510888,-0.20158587,-0.15506439,-0.010682076,0.046239533,-0.14422905,0.728394,0.1320895,0.20224309,1.0434726,0.40535545,-0.39422294,-0.048002232,-0.23724714,-0.46033204,-0.055979136,-0.6203117,0.09137292,0.115578875,-0.24715692,-0.06917903,-0.14777161,0.10173428,-0.025378717,-0.08058193,1.4997206,0.43024737,227,Sequential LSTM
-0.09858364,-0.03716759,-0.3189457,-0.02569058,-0.07735973,-0.29238716,-0.024310157,0.110770375,0.12315118,0.55384654,0.4485225,-0.10462327,0.16376442,0.5189393,-0.37541896,-0.015415609,0.08529769,0.2138119,-0.043033175,-0.5459371,0.080832526,-0.112384066,0.023460047,-0.22282235,-0.035557438,-0.45790988,0.021495748,-0.004273634,0.78430355,0.6636243,228,Sequential LSTM
-0.03551293,-0.017667957,-0.14135085,-0.0024171243,-0.027719932,0.10415508,0.0019016829,0.024387665,0.045525234,0.46479392,0.06934705,-0.092207454,0.0041424274,0.34784114,-0.39805058,-0.018433357,0.11670643,-0.64177465,-0.0124343755,-0.4224545,0.026116969,-0.026650732,0.06849886,-0.06803841,0.02615168,-0.23939343,-0.059702657,0.0040785735,1.1786642,0.721498,229,Sequential LSTM
-0.13074748,-0.03174142,-0.63805217,-0.0036652137,-0.12227854,-0.06174932,-0.01875753,0.13472858,-0.41516635,0.6374691,0.32085323,-0.12856528,0.5538081,0.25575456,-0.24912249,-0.013891015,-0.33377025,-0.29756713,-0.069120765,-0.68994427,0.3425628,-0.19834481,0.062411543,-0.24290133,-0.015787652,0.52967453,-0.108135186,-0.15956976,1.4423537,0.6492617,230,Sequential LSTM
-0.065671444,-0.019188331,-0.3252456,0.005554082,-0.0969844,0.14203353,0.00020925449,0.025683269,-0.06382043,0.23398493,-0.052117515,0.13073027,0.5328868,0.23799229,-0.23323067,-0.017003858,0.023769334,0.13573273,-0.056678865,-0.2502576,-0.009271018,-0.0013371637,-0.14313915,-0.054078642,-0.015431492,-0.084956124,-0.062014885,-0.039147858,0.32248667,0.7985119,231,Sequential LSTM
-0.06562952,-0.07487086,-0.5087628,-0.078385174,-0.11541966,0.6244423,-0.02652074,0.16557427,1.1226376,1.0638871,0.48264906,0.71556306,-0.05890193,0.62083083,-0.7023859,-0.04008764,-0.2717093,-0.34415257,-0.17020033,-0.63592446,0.12578988,0.14586115,-0.5745512,-0.28499433,0.11207796,-0.5734614,-0.1480479,0.004141117,-0.1289878,0.6195392,232,Sequential LSTM
-0.07081324,-0.043961763,-0.5509611,-0.02573103,-0.1395781,0.20416184,-0.019116733,0.16544034,-0.0059632096,0.838333,-0.08787701,-0.05814171,0.5897745,0.7872634,-0.8306674,-0.063265435,-0.054004267,-0.34092608,-0.08458912,-0.8731501,0.09362616,-0.109882526,-0.07141711,-0.1531459,-0.03758842,-0.3157821,-0.17892462,-0.0458546,1.9215095,0.5612326,233,Sequential LSTM
-0.16724093,-0.039982457,-0.86282223,-0.0002028012,-0.2056952,0.50288224,-0.034417816,0.17762356,-0.5520379,0.64314187,0.23205154,-0.021193642,1.1415151,0.63134146,-0.5283941,-0.073129945,-0.031206828,-0.6690609,-0.0015535704,-0.5437011,0.18894611,-0.08903274,-0.001058956,-0.14601602,-0.047200736,0.7457855,-0.15823099,-0.12676159,0.5165287,0.51912427,234,Sequential LSTM
-0.018081836,-0.17489372,-0.38260353,-0.15648407,0.010027031,0.08188107,-0.14937304,0.9553056,0.0975151,1.1046904,0.11678947,0.12139432,-0.21166836,1.0025568,-0.8218148,-0.12329036,0.6801375,-1.3240261,-0.102738865,-0.84307855,0.6609864,-0.13330068,-0.031048747,0.2764499,0.26758862,-0.5564637,-0.1191227,0.20449318,0.12107991,0.44709378,235,Sequential LSTM
-0.043571934,-0.025641762,-0.443211,-0.02491988,-0.09052393,0.59464455,-0.004716674,0.065811194,0.12707703,0.74862987,0.42906287,0.11549053,0.13328171,0.7321252,-0.6360511,-0.09512306,-0.24055034,1.1464779,-0.07612039,-0.62884086,-0.12297375,0.009043597,-0.21399242,-0.455556,-0.052006386,-0.07355352,-0.17922017,-0.015759252,-0.32531682,0.6460049,236,Sequential LSTM
-0.11599855,0.041168734,-0.68016833,-0.030647531,-0.25395933,0.6060347,0.052831307,-0.22057427,0.9807354,-0.4123569,-0.37133604,-0.057923242,1.535702,-0.19540091,0.026166737,0.016260508,-0.5692962,1.4057509,0.053093314,0.32488364,-0.14223509,0.020435432,-0.054141875,-0.119502746,-0.27209148,-0.35984698,-0.13536504,-0.09503069,-0.3179548,0.34076732,237,Sequential LSTM
-0.044537757,-0.028778981,-0.4638248,-0.005912515,-0.13239641,0.20959859,-0.012564396,0.051996462,0.12571044,0.8460709,-0.13630594,0.16082166,0.51387453,0.4735973,-0.60937655,-0.113403335,-0.34889266,-0.8837607,-0.04464412,-0.81024444,0.06516198,0.01068906,-0.26205575,-0.036007535,-0.17504571,-0.19461708,-0.13004607,-0.0076088915,2.5305214,0.45198146,238,Sequential LSTM
-0.034561824,-0.009462646,-0.17990118,-0.003811203,-0.06404693,0.17995018,0.0068500894,-0.020259747,0.21976018,0.095086895,-0.055447668,0.06873049,0.2862876,0.14626864,-0.20523615,-0.010838179,0.015758215,0.14147831,-0.022882914,-0.11332055,-0.06601948,0.016455773,-0.10703616,-0.056928948,-0.07381867,-0.3120636,-0.052654557,0.0049531437,0.351279,0.85543185,239,Sequential LSTM
-0.09423255,-0.037634335,-0.54468703,-0.016955148,-0.13852954,0.26474372,-0.0305864,0.13052392,-0.050257057,0.4263601,0.11055339,0.3079275,0.62955946,0.5112369,-0.5656155,-0.053442586,-0.21695046,-0.8321875,-0.101417415,-0.39449593,0.16988507,0.017053435,-0.3376863,-0.15480553,-0.14716321,0.060718723,-0.16948263,-0.05969047,1.8097647,0.50749266,240,Sequential LSTM
-0.15733725,-0.046378385,-0.77977896,-0.026834017,-0.21032077,0.31098384,-0.047071476,0.2275452,-0.43529713,-0.47544804,-0.23138694,0.3504085,1.6562096,-0.012716208,-0.115197696,-0.0061918856,-0.5546655,-0.58304775,-0.10207221,0.5200498,0.095310666,0.04486259,-0.33140808,0.0031284841,-0.16111466,0.9422304,-0.14631766,-0.2480783,1.1100428,0.40989107,241,Sequential LSTM
-0.059151117,-0.007728852,-0.37202302,-0.016095147,-0.10034004,0.06732815,-0.0013336465,0.058518723,0.2641805,0.59078807,0.04571983,-0.32076874,0.34493443,0.60209596,-0.46768546,-0.017314168,-0.14676721,1.3283056,-0.041797742,-0.66288733,-0.06552057,-0.11325419,0.19239952,-0.30287486,-0.18693924,-0.60080487,-0.100384876,-0.075679734,0.58365005,0.58142996,242,Sequential LSTM
-0.04873542,0.00233362,-0.24602918,-0.0050648176,-0.08466512,0.11057957,0.009084987,-0.023604471,0.21718177,0.124272026,-0.050988607,0.013267237,0.36182275,0.23769426,-0.25302625,-0.00096936943,-0.21077469,0.30941135,-0.04948798,-0.18102394,-0.00913947,0.014291453,-0.06441681,-0.10608198,-0.09707646,-0.22481015,-0.08078379,-0.06941213,0.5885194,0.81763214,243,Sequential LSTM
-0.007391523,0.028569873,-0.34519947,-0.046214905,-0.13740396,0.6670512,0.03836447,-0.20858365,1.3126528,0.30196154,0.041702762,-0.103560165,0.30043843,0.5201787,-0.47345662,-0.02874095,-0.27681342,1.4849617,-0.022036703,-0.22942291,-0.1734921,0.042567838,0.021454133,-0.28307936,-0.17349079,-0.8909365,-0.1332033,0.009995975,-0.7006067,0.46373352,244,Sequential LSTM
-0.060341906,-0.029791584,-0.21588235,-0.023386322,-0.07034256,0.02985201,-0.0132118175,0.14715958,0.08873719,-0.22601779,-0.21739766,0.006827066,0.4887654,0.5275852,-0.413393,-0.01743654,-0.5578243,0.8618542,-0.07461566,0.12039501,-0.091593206,0.003782033,-0.15855718,-0.12926535,-0.20887093,0.053186405,-0.112784006,-0.09961535,0.75965965,0.6325237,245,Sequential LSTM
-0.055163343,-0.013719364,-0.23364301,-0.012076247,-0.07481312,0.14021847,-0.0044836313,0.07239477,0.18994574,0.31150222,-0.05610598,0.021104563,0.3243169,0.19412032,-0.20384379,-0.019984359,-0.0011931962,0.114657015,-0.026486782,-0.32539207,-0.017420132,0.021269038,-0.05728827,-0.055574752,-0.07893504,-0.29481933,-0.08287874,-0.027476696,0.4859393,0.7658295,246,Sequential LSTM
-0.016346956,-0.010719376,-0.08069904,-2.195972e-5,0.004267587,0.20662072,-0.0012098621,0.06220248,0.07074312,0.7671744,0.20161696,0.084641635,-0.2729779,0.29057127,-0.20613033,-0.008291531,-0.1464,0.44389573,-0.029197445,-0.60406125,0.097698264,-0.03698402,-0.07445544,-0.13682432,-0.02391945,-0.039761405,-0.08814139,-0.064275764,-0.1279525,0.73893774,247,Sequential LSTM
-0.010565672,-0.05989887,-0.27105817,-0.10426382,-0.06580995,0.6752312,-0.0334655,0.18229245,1.5122682,0.9013669,0.42377767,0.26517084,-0.3107032,0.25436383,-0.39360294,0.017045481,-0.59607846,-1.2868946,0.052569255,-0.34464988,0.27643904,0.041527525,-0.12075196,-0.13982905,0.12063356,-0.1616707,-0.14948533,0.005407977,-0.16628715,0.48692125,248,Sequential LSTM
-0.020254498,-0.001768848,-0.118865475,-0.0034389803,-0.019577552,0.15013431,0.0055769505,-0.014451876,0.5633147,0.67281914,0.31499884,0.07295999,-0.2556941,0.29694524,-0.23792508,-0.0039579617,-0.05946958,0.7471636,-0.03761612,-0.5778869,0.006027411,0.0076802517,-0.09567439,-0.20339881,-0.023524046,-0.69768274,-0.049563557,-0.010883712,-0.09971027,0.69372404,249,Sequential LSTM
