Asset_1_Weight,Asset_2_Weight,Day,Model
1.2576174,-0.25761738,1,Sequential RNN
1.2556827,-0.25568277,2,Sequential RNN
1.2497491,-0.24974905,3,Sequential RNN
1.254368,-0.25436798,4,Sequential RNN
1.258679,-0.25867897,5,Sequential RNN
1.257089,-0.25708896,6,Sequential RNN
1.2539233,-0.2539233,7,Sequential RNN
1.2573254,-0.25732538,8,Sequential RNN
1.2386179,-0.23861784,9,Sequential RNN
1.2136626,-0.21366265,10,Sequential RNN
1.2547646,-0.25476462,11,Sequential RNN
1.2574065,-0.2574065,12,Sequential RNN
1.2582363,-0.2582363,13,Sequential RNN
1.2621789,-0.26217887,14,Sequential RNN
1.1250911,-0.12509105,15,Sequential RNN
1.2046567,-0.20465668,16,Sequential RNN
1.2591032,-0.25910318,17,Sequential RNN
1.2580541,-0.25805414,18,Sequential RNN
1.2293023,-0.22930233,19,Sequential RNN
1.2473079,-0.24730787,20,Sequential RNN
1.2161583,-0.21615832,21,Sequential RNN
1.253126,-0.253126,22,Sequential RNN
1.2555387,-0.25553864,23,Sequential RNN
1.2505668,-0.25056678,24,Sequential RNN
1.2487582,-0.24875824,25,Sequential RNN
1.2544456,-0.25444558,26,Sequential RNN
1.2380073,-0.23800734,27,Sequential RNN
1.162506,-0.16250592,28,Sequential RNN
1.245158,-0.24515794,29,Sequential RNN
1.2388284,-0.23882847,30,Sequential RNN
1.2528176,-0.25281766,31,Sequential RNN
1.207917,-0.20791698,32,Sequential RNN
1.2579422,-0.25794217,33,Sequential RNN
1.2477487,-0.24774867,34,Sequential RNN
1.2587943,-0.25879437,35,Sequential RNN
1.2061998,-0.20619972,36,Sequential RNN
1.2518809,-0.25188085,37,Sequential RNN
1.2551725,-0.2551725,38,Sequential RNN
1.2600442,-0.26004425,39,Sequential RNN
1.252904,-0.2529041,40,Sequential RNN
1.2603074,-0.2603075,41,Sequential RNN
1.249811,-0.24981104,42,Sequential RNN
1.2601148,-0.26011482,43,Sequential RNN
1.2578946,-0.25789464,44,Sequential RNN
1.250732,-0.2507319,45,Sequential RNN
1.252644,-0.25264394,46,Sequential RNN
1.2552556,-0.2552556,47,Sequential RNN
1.2572978,-0.25729772,48,Sequential RNN
1.2293184,-0.22931834,49,Sequential RNN
1.2159005,-0.21590054,50,Sequential RNN
1.2113725,-0.21137252,51,Sequential RNN
1.2583487,-0.25834876,52,Sequential RNN
1.2584969,-0.25849685,53,Sequential RNN
1.2442012,-0.2442012,54,Sequential RNN
1.222938,-0.22293796,55,Sequential RNN
1.241034,-0.24103397,56,Sequential RNN
1.220306,-0.22030605,57,Sequential RNN
1.1865977,-0.18659766,58,Sequential RNN
1.2542,-0.2542,59,Sequential RNN
1.2307322,-0.23073216,60,Sequential RNN
1.2478362,-0.24783622,61,Sequential RNN
1.2526808,-0.25268075,62,Sequential RNN
1.2409321,-0.2409321,63,Sequential RNN
1.2200412,-0.22004117,64,Sequential RNN
1.2510309,-0.25103095,65,Sequential RNN
1.2510928,-0.2510928,66,Sequential RNN
1.2346778,-0.23467785,67,Sequential RNN
1.208916,-0.208916,68,Sequential RNN
1.2493612,-0.24936111,69,Sequential RNN
1.2551519,-0.2551518,70,Sequential RNN
1.2272649,-0.22726484,71,Sequential RNN
1.2563605,-0.25636047,72,Sequential RNN
1.2140676,-0.21406755,73,Sequential RNN
1.2554948,-0.25549486,74,Sequential RNN
1.2523583,-0.25235826,75,Sequential RNN
1.2475264,-0.24752645,76,Sequential RNN
1.163401,-0.16340096,77,Sequential RNN
1.2583687,-0.25836876,78,Sequential RNN
1.2583655,-0.25836545,79,Sequential RNN
1.2581211,-0.2581212,80,Sequential RNN
1.252965,-0.25296494,81,Sequential RNN
1.2554555,-0.25545552,82,Sequential RNN
1.2534229,-0.2534229,83,Sequential RNN
1.2543521,-0.25435212,84,Sequential RNN
1.2520097,-0.25200975,85,Sequential RNN
1.2589933,-0.2589932,86,Sequential RNN
1.2518581,-0.2518581,87,Sequential RNN
1.2264782,-0.22647826,88,Sequential RNN
1.2597071,-0.2597071,89,Sequential RNN
1.2208383,-0.22083828,90,Sequential RNN
1.2198964,-0.21989648,91,Sequential RNN
1.2592068,-0.2592068,92,Sequential RNN
1.259315,-0.259315,93,Sequential RNN
1.1337326,-0.1337326,94,Sequential RNN
1.2576065,-0.25760645,95,Sequential RNN
1.2597874,-0.2597874,96,Sequential RNN
1.2596754,-0.25967532,97,Sequential RNN
1.1802065,-0.18020657,98,Sequential RNN
1.2445987,-0.24459878,99,Sequential RNN
1.2533568,-0.2533568,100,Sequential RNN
1.2569292,-0.25692913,101,Sequential RNN
1.261467,-0.26146695,102,Sequential RNN
1.2589236,-0.25892365,103,Sequential RNN
1.1868482,-0.18684812,104,Sequential RNN
1.246989,-0.24698906,105,Sequential RNN
1.2567246,-0.25672457,106,Sequential RNN
1.2571726,-0.25717255,107,Sequential RNN
1.257223,-0.25722295,108,Sequential RNN
1.2425097,-0.24250972,109,Sequential RNN
1.2604624,-0.26046246,110,Sequential RNN
1.2569333,-0.2569333,111,Sequential RNN
1.242964,-0.242964,112,Sequential RNN
1.2427839,-0.24278393,113,Sequential RNN
1.2611871,-0.2611871,114,Sequential RNN
1.2583811,-0.2583812,115,Sequential RNN
1.1331091,-0.13310906,116,Sequential RNN
1.1426232,-0.14262319,117,Sequential RNN
1.2527686,-0.25276858,118,Sequential RNN
1.2489904,-0.24899043,119,Sequential RNN
1.2562865,-0.25628644,120,Sequential RNN
1.2639803,-0.26398024,121,Sequential RNN
1.2628688,-0.26286873,122,Sequential RNN
0.93197256,0.068027444,123,Sequential RNN
1.2572999,-0.2572999,124,Sequential RNN
1.2605416,-0.26054156,125,Sequential RNN
0.9172122,0.0827878,126,Sequential RNN
1.262052,-0.2620521,127,Sequential RNN
1.0050228,-0.0050228047,128,Sequential RNN
1.2517427,-0.25174278,129,Sequential RNN
1.1084541,-0.108454056,130,Sequential RNN
1.2354125,-0.23541245,131,Sequential RNN
1.2541066,-0.25410658,132,Sequential RNN
0.3357493,0.6642507,133,Sequential RNN
0.5842675,0.4157325,134,Sequential RNN
0.98371595,0.016284054,135,Sequential RNN
1.2639796,-0.26397952,136,Sequential RNN
1.2535024,-0.2535024,137,Sequential RNN
1.2638823,-0.26388222,138,Sequential RNN
1.2559401,-0.2559401,139,Sequential RNN
1.1068134,-0.10681345,140,Sequential RNN
1.2627317,-0.26273164,141,Sequential RNN
0.5476037,0.45239627,142,Sequential RNN
1.142848,-0.142848,143,Sequential RNN
1.0215843,-0.02158431,144,Sequential RNN
1.2476778,-0.24767782,145,Sequential RNN
1.2578148,-0.25781474,146,Sequential RNN
1.2341889,-0.23418894,147,Sequential RNN
1.2632385,-0.2632385,148,Sequential RNN
1.258911,-0.25891095,149,Sequential RNN
1.2427461,-0.24274607,150,Sequential RNN
1.2496814,-0.24968135,151,Sequential RNN
1.2623982,-0.26239818,152,Sequential RNN
1.052394,-0.05239404,153,Sequential RNN
1.2585034,-0.2585035,154,Sequential RNN
1.2539774,-0.25397742,155,Sequential RNN
0.961391,0.03860901,156,Sequential RNN
1.0151321,-0.015132087,157,Sequential RNN
0.8763137,0.123686306,158,Sequential RNN
1.2568328,-0.25683284,159,Sequential RNN
1.2604109,-0.26041093,160,Sequential RNN
1.256747,-0.25674704,161,Sequential RNN
1.2345661,-0.23456603,162,Sequential RNN
1.2609247,-0.26092473,163,Sequential RNN
1.2585462,-0.25854623,164,Sequential RNN
0.94597614,0.05402385,165,Sequential RNN
1.2593197,-0.2593197,166,Sequential RNN
1.259443,-0.25944304,167,Sequential RNN
1.2603039,-0.26030385,168,Sequential RNN
1.1087081,-0.10870808,169,Sequential RNN
1.2545488,-0.2545488,170,Sequential RNN
0.87151647,0.12848353,171,Sequential RNN
1.2544773,-0.25447723,172,Sequential RNN
1.2096531,-0.20965317,173,Sequential RNN
1.0211143,-0.021114366,174,Sequential RNN
1.2554003,-0.25540036,175,Sequential RNN
0.55150694,0.44849306,176,Sequential RNN
1.0236213,-0.023621302,177,Sequential RNN
1.256426,-0.256426,178,Sequential RNN
1.259486,-0.259486,179,Sequential RNN
1.2044736,-0.20447366,180,Sequential RNN
0.94212234,0.057877656,181,Sequential RNN
0.84943396,0.15056604,182,Sequential RNN
1.2549994,-0.25499937,183,Sequential RNN
1.1081603,-0.10816026,184,Sequential RNN
1.0930864,-0.09308636,185,Sequential RNN
1.2506328,-0.25063273,186,Sequential RNN
1.2595056,-0.2595056,187,Sequential RNN
1.2619117,-0.26191172,188,Sequential RNN
0.8908754,0.109124616,189,Sequential RNN
1.2633194,-0.2633194,190,Sequential RNN
1.2332267,-0.2332267,191,Sequential RNN
1.237767,-0.23776701,192,Sequential RNN
1.2598839,-0.25988388,193,Sequential RNN
1.2508984,-0.25089833,194,Sequential RNN
1.2355306,-0.2355306,195,Sequential RNN
1.2142177,-0.21421768,196,Sequential RNN
1.2603554,-0.2603554,197,Sequential RNN
1.2128023,-0.21280232,198,Sequential RNN
1.2574685,-0.25746846,199,Sequential RNN
1.1096755,-0.10967557,200,Sequential RNN
1.257071,-0.25707105,201,Sequential RNN
1.0743759,-0.07437588,202,Sequential RNN
1.2494348,-0.24943477,203,Sequential RNN
1.1009296,-0.10092962,204,Sequential RNN
1.2598065,-0.25980654,205,Sequential RNN
1.1947855,-0.19478548,206,Sequential RNN
1.2463739,-0.2463739,207,Sequential RNN
1.2522008,-0.25220084,208,Sequential RNN
1.2567507,-0.25675064,209,Sequential RNN
1.2543365,-0.2543365,210,Sequential RNN
1.0866319,-0.08663184,211,Sequential RNN
1.2610035,-0.26100352,212,Sequential RNN
1.1700675,-0.1700675,213,Sequential RNN
1.2225162,-0.22251615,214,Sequential RNN
1.2088689,-0.20886892,215,Sequential RNN
1.1184652,-0.118465215,216,Sequential RNN
1.2595536,-0.2595535,217,Sequential RNN
1.2534313,-0.25343126,218,Sequential RNN
1.139142,-0.1391421,219,Sequential RNN
1.2580608,-0.2580608,220,Sequential RNN
1.1987394,-0.19873942,221,Sequential RNN
1.258441,-0.25844097,222,Sequential RNN
1.2621919,-0.26219192,223,Sequential RNN
1.2613388,-0.26133883,224,Sequential RNN
1.25602,-0.25601992,225,Sequential RNN
1.1678394,-0.16783942,226,Sequential RNN
1.2537594,-0.2537594,227,Sequential RNN
1.2616869,-0.26168695,228,Sequential RNN
1.2357941,-0.23579401,229,Sequential RNN
1.2581086,-0.25810862,230,Sequential RNN
1.2585778,-0.25857785,231,Sequential RNN
1.2478707,-0.24787062,232,Sequential RNN
1.2487279,-0.24872793,233,Sequential RNN
1.2603002,-0.26030016,234,Sequential RNN
1.2032092,-0.20320922,235,Sequential RNN
1.2579952,-0.2579952,236,Sequential RNN
1.2632157,-0.26321566,237,Sequential RNN
1.241854,-0.24185391,238,Sequential RNN
1.2429198,-0.2429198,239,Sequential RNN
1.2534659,-0.25346586,240,Sequential RNN
1.2574935,-0.25749356,241,Sequential RNN
1.2574165,-0.25741655,242,Sequential RNN
1.0397353,-0.039735354,243,Sequential RNN
1.2590251,-0.25902507,244,Sequential RNN
0.8676714,0.13232866,245,Sequential RNN
1.254338,-0.25433797,246,Sequential RNN
1.2547921,-0.25479206,247,Sequential RNN
1.1480132,-0.14801328,248,Sequential RNN
1.2579261,-0.25792614,249,Sequential RNN
