Asset_1_Weight,Asset_2_Weight,Asset_3_Weight,Asset_4_Weight,Asset_5_Weight,Asset_6_Weight,Asset_7_Weight,Asset_8_Weight,Asset_9_Weight,Asset_10_Weight,Asset_11_Weight,Asset_12_Weight,Asset_13_Weight,Asset_14_Weight,Asset_15_Weight,Asset_16_Weight,Asset_17_Weight,Asset_18_Weight,Asset_19_Weight,Asset_20_Weight,Asset_21_Weight,Asset_22_Weight,Asset_23_Weight,Asset_24_Weight,Asset_25_Weight,Asset_26_Weight,Asset_27_Weight,Asset_28_Weight,Asset_29_Weight,Day,Model
-0.23419707,-0.71104664,-0.46152887,-0.48900747,0.50748074,-0.81089795,-0.16687013,1.6597923,2.7357755,11.629174,5.9546585,1.873378,-8.317751,1.2465578,0.1846677,-0.09764254,0.61945575,-11.768179,0.9068469,-7.512581,3.2728128,0.6382621,0.8666199,0.8273305,2.518554,0.9570356,0.6334165,0.40919465,-5.871312,1,Sequential RNN
-0.0010329266,-0.1969909,0.42526522,-0.24258271,0.4097264,-0.19473107,-0.052651938,0.6331413,1.2262168,5.472576,2.5637922,0.23280686,-4.281808,0.5707198,-0.11202882,-0.16414721,0.23279044,-4.685971,0.821943,-3.4068623,1.3644391,0.42373267,0.5065413,0.21297233,0.8328867,0.13481407,0.26024282,0.22054134,-2.206342,2,Sequential RNN
0.09683646,-0.21369456,0.76624346,-0.3115495,0.65023255,-0.21532182,-0.09367101,0.7796711,2.236528,8.509486,4.012257,0.10081768,-7.0119376,0.66207975,-0.12640765,-0.18083903,0.40863237,-7.150801,1.3451269,-5.5598044,1.7296596,0.7851411,1.0373659,0.21478368,1.172267,-0.17758758,0.3987015,0.36973444,-3.2339501,3,Sequential RNN
0.114246204,-1.0690608,-0.28997228,-2.2533414,-0.03217563,-2.228291,-0.50595653,0.9762528,19.525112,17.544012,14.328576,6.926111,-17.775599,1.8463057,1.3007052,-0.6901471,5.286835,-45.784584,4.986054,-8.78261,10.985108,3.5988135,0.2608462,5.842424,5.8049917,-8.803451,2.0477622,3.6477458,-15.806715,4,Sequential RNN
0.1616818,-0.31554002,1.1022115,-0.26669973,0.8472616,-0.3253089,-0.12543686,0.72628504,1.8334429,8.64943,4.3389716,0.9684471,-7.6114507,0.96128243,-0.07559934,-0.101503335,0.3748717,-6.613722,1.0856231,-5.685533,1.7389314,0.69016546,0.22946373,-0.19840449,0.86912143,0.03615815,0.29378003,0.31608027,-2.9040117,5,Sequential RNN
0.12141981,-0.108419105,0.54905057,-0.22955488,0.4129564,-0.22078308,-0.010425134,0.12126597,1.8149359,5.5728855,2.4339437,0.7672863,-4.3626556,0.74360675,-0.39143506,-0.104155235,0.19914654,-5.758294,0.5360249,-3.547121,1.406529,0.7496376,0.22321476,0.35040852,0.7895442,0.06582439,0.22530064,0.30159515,-1.651733,6,Sequential RNN
12.562562,-4.7717695,70.503944,-9.729489,20.84958,13.736389,-5.997304,15.944463,32.517143,53.629402,45.08342,29.486286,-154.7626,20.24007,-13.924801,-2.7157955,3.893909,-191.2776,13.496815,-11.604897,23.607359,24.65012,7.3838196,25.462135,26.42205,35.767418,2.8230634,6.130003,-88.40569,7,Sequential RNN
0.04749505,-0.08670311,0.42075783,-0.22512072,0.28736368,-0.19182119,-0.025174754,0.22898218,2.0617228,5.407184,2.4798598,-0.0041865767,-4.088841,0.13502157,0.033593114,-0.037204333,0.5492919,-5.9079843,0.6632238,-3.2130325,1.2341279,0.61864823,1.0182873,0.3827068,0.97923595,-0.4808288,0.3004962,0.40367353,-1.9907745,8,Sequential RNN
-1.8606802,-2.0008712,-8.8494005,-2.1161475,-4.0217104,-2.1899853,-2.1092494,2.6448755,13.51556,8.523176,14.48753,4.319295,-0.47380617,8.468196,-0.11724231,0.5534018,11.270331,-75.65049,4.792484,4.957836,16.385405,2.0816934,9.168687,14.838014,12.853641,3.8908312,3.17901,2.335166,-37.875546,9,Sequential RNN
0.06498075,-0.25611153,1.2387373,-0.25065106,0.6921387,-0.16086677,-0.15552686,1.1070372,3.0634944,10.2956505,4.700807,1.3055803,-8.842672,-1.0923109,0.4802551,0.20610876,0.81592464,-11.086184,0.8953944,-6.290112,2.2076797,1.146489,1.0419155,0.44654375,1.865424,-0.3735945,0.31879488,0.31068236,-2.6956098,10,Sequential RNN
-3.103615,-1.6968521,-10.973762,-1.4156107,-3.329109,-1.8603073,-2.0323946,4.3957224,4.190623,10.521622,17.25374,7.844712,-0.40636948,6.458187,2.2124915,0.68474,8.099576,-75.66431,2.5166895,2.3605337,15.551113,0.9496204,5.5249553,11.196125,13.496935,14.78909,2.4844418,0.608875,-29.657467,11,Sequential RNN
-3.250767,-2.8534927,-7.9128585,-0.7741799,-3.230772,0.2740964,-2.062073,5.2360215,2.2247987,9.413086,20.018278,5.2001686,-5.6464114,24.788143,-6.6835885,0.0007400859,4.9767323,-91.921524,5.3264875,7.7106485,17.639114,2.149095,9.542948,13.166979,12.307062,25.814762,1.5738704,0.23580572,-42.26317,12,Sequential RNN
0.2469896,-0.26977462,1.2838955,-0.15138455,0.6797542,0.040746756,-0.15982348,0.8504895,1.7821039,5.192968,2.356935,0.9146447,-5.3033333,0.92628765,-0.74310935,-0.033011485,-0.18421295,-4.3052573,0.21350835,-3.0814867,1.0751355,0.8602687,-0.1760571,-0.20454422,-0.08126353,-0.24922219,0.10145407,0.22922304,-0.8119242,13,Sequential RNN
0.40943554,-0.6401363,2.0117612,-0.48734242,1.3770982,-0.6876224,-0.11208109,1.8594339,0.98134434,7.958254,3.919771,1.5692319,-8.63142,1.4251772,-0.33746842,0.013690202,-0.48369023,-2.489407,0.45631096,-5.4044585,0.9535935,0.832383,-1.1641314,-0.99175256,-0.20536885,0.07917319,0.25475273,0.09516,-1.5616909,14,Sequential RNN
-1.0862484,-2.0920458,-1.9534973,-2.7775257,0.8416361,-4.6143765,-1.1715324,6.822597,4.390012,1.453905,14.58208,5.8866444,-9.196034,12.954564,-2.5144634,1.3899947,3.0283856,-42.46638,-0.5084237,5.089865,12.553226,-0.8445441,0.22705518,3.4692338,3.1929052,6.9934936,0.506386,1.2760774,-14.432988,15,Sequential RNN
-0.008083158,-0.58364457,0.39283952,-0.5740311,0.9243591,-0.8975672,-0.13354185,1.896827,1.509659,8.020101,4.763295,2.6636841,-7.1691227,1.4325299,0.024552658,0.14576864,-0.23884234,-7.060546,0.19166134,-4.99861,2.0622838,0.86022663,-1.3472936,-0.36274418,0.7428781,0.9386308,0.39572495,0.18929048,-2.7802844,16,Sequential RNN
0.31872222,-0.83020675,2.4999049,-0.42907488,1.7133671,-1.2497997,-0.06574569,2.1407862,1.4088556,12.097325,5.246914,3.1411786,-11.94287,-0.7904118,1.1168367,0.050746955,0.36140156,-5.1803217,0.61711186,-8.934892,1.594147,1.0130078,-1.8716909,-0.8272638,0.64063853,-0.40648356,0.53260726,0.2881353,-1.2529263,17,Sequential RNN
-0.22960153,-0.31716493,-1.0684077,-0.16954376,-0.1692564,-0.55480283,-0.065529555,0.52146155,0.7738538,4.4701257,1.3139272,1.1804622,-0.91124904,-0.24196199,0.738976,0.02261724,0.14139764,-4.4061246,0.31911358,-2.4986317,1.0826725,0.50478363,-0.32740366,0.7450176,0.7315988,0.5627686,0.450058,0.1511631,-1.7503194,18,Sequential RNN
-1.5558459,-4.271232,-3.950751,-0.95342475,-1.5073172,-5.34163,-2.3050883,7.7437863,-1.3938833,8.164064,13.769303,17.479792,-6.949806,-1.4895543,6.6593013,1.4726409,9.609161,-79.79074,1.3663749,1.9160537,17.447338,1.7656901,-2.98668,13.280763,11.864598,15.957237,1.870901,0.91792715,-17.788975,19,Sequential RNN
-3.0417461,-5.0513916,-8.729204,1.2150538,-1.7617251,-7.2109227,-4.4750047,10.122493,-7.1697426,17.956673,20.201134,19.768246,-8.823206,4.2438216,9.490045,0.87245375,14.858608,-101.00381,1.5433089,-2.293921,21.892143,2.5066009,-1.3828458,17.1134,16.725368,25.65787,4.156713,0.57877755,-36.95919,20,Sequential RNN
0.030150883,-0.77900666,-0.35579368,-0.39059958,0.6679306,-0.7893692,-0.56876266,2.0184538,2.388739,10.42898,5.7929683,0.3816565,-7.9377527,0.9922421,1.421185,0.000116420306,1.0763574,-9.625995,1.0315795,-6.474912,2.6877356,0.9141725,1.8756393,0.57043475,2.0188687,0.5136364,0.78967696,0.45430142,-8.132633,21,Sequential RNN
-0.33378246,-1.2565553,-2.3521268,-0.8268981,0.47022092,-1.0932449,-0.8892457,2.5931885,4.7455435,13.9783945,9.558639,0.8982486,-9.504899,2.7083116,1.8847483,-0.0277527,2.0797913,-20.886116,2.0351906,-8.201347,5.7564187,1.210676,3.3539245,1.7526364,3.748634,1.2650406,1.422881,0.79870033,-13.889221,22,Sequential RNN
-0.13269289,-1.3539989,-0.4755965,-1.3081185,1.3208436,-2.2161415,-1.1007736,2.3881447,10.440238,14.346635,11.429042,-4.3838463,-13.602767,0.105652876,2.77795,0.04859752,4.312719,-19.123322,3.2294662,-8.482225,5.3211255,0.7242011,7.9982705,1.0386211,2.8226266,-6.7552776,1.6431475,2.731061,-12.743582,23,Sequential RNN
0.26683384,-0.8852097,1.523358,-0.8765558,1.6867872,-1.031505,-0.61241585,1.9762533,6.1380835,14.36265,8.781275,-2.0024197,-14.116067,0.12636663,1.92215,-0.30767095,2.0184193,-10.173406,2.5004406,-9.461269,2.7490973,1.1161007,4.2716,-0.19222623,1.8473716,-3.4621913,1.0545709,1.5311972,-9.751618,24,Sequential RNN
-0.05877773,-2.4125519,-1.5701632,-2.6740646,0.73344237,-2.6357348,-3.357986,5.9622827,21.55222,14.4168215,19.336067,-6.1649294,-19.449783,-3.1442952,6.9448214,-0.3443454,6.3771114,-49.107937,7.739097,-3.3488595,11.4082155,3.8900452,15.059502,6.9550047,7.505345,-7.5421205,3.243026,4.6420174,-32.95347,25,Sequential RNN
0.34277964,-1.1860136,1.6087494,-1.1034684,1.8660153,-0.47032464,-1.1363759,3.1315544,9.390564,19.369715,12.7267475,-2.4556234,-19.477213,-0.7084389,1.9743967,-0.5275228,2.0979707,-24.828003,4.073809,-11.912897,4.5778885,2.650074,6.894106,1.2745395,3.8666337,-2.1063335,1.459904,1.8638241,-12.257058,26,Sequential RNN
0.17126821,-0.43583447,0.8391661,-0.34021607,0.8321737,-0.061432045,-0.24785829,1.1834427,2.4542613,8.546336,4.168342,-0.52502984,-7.485377,0.36512163,0.0948983,-0.23818716,0.28758577,-7.5945516,1.3728927,-5.391389,1.4369553,0.88113964,1.7442695,0.027545122,1.1119642,-0.20426989,0.36691955,0.43656808,-2.796705,27,Sequential RNN
0.07020059,-0.46038598,0.45721462,-0.28970835,0.5653235,-0.33581725,-0.049311258,0.7649479,1.7297081,6.809465,3.246079,0.18409835,-5.4169583,0.2996445,0.08917754,-0.14714223,-0.14706104,-6.1447988,0.9449897,-4.3530965,1.3103491,0.7181401,0.7930395,0.086859174,0.5701737,0.48460427,0.28972405,0.33795896,-1.4074178,28,Sequential RNN
-0.9507615,-3.8669286,-3.5179753,-2.6569638,-0.52687836,-2.9825015,-0.60132426,5.97981,6.7743087,15.704425,11.607962,9.935283,-10.762813,8.802025,-1.4129738,-1.5512247,-0.8167385,-66.52635,2.521612,-5.429404,11.72179,5.0435176,-0.7507266,9.770702,8.462932,13.54933,1.9622701,1.1048717,-9.587277,29,Sequential RNN
0.30308315,-0.83547014,1.441755,-0.51582414,0.6278913,0.0091311475,0.008454674,1.0984281,4.1031632,7.3721137,3.5415819,1.2160933,-7.446964,1.2742604,-0.138454,-0.2251335,-0.17205045,-7.406155,0.42175874,-4.2777743,1.5063409,1.697867,0.558385,0.35487217,1.0103239,-1.4367551,0.226346,0.97764844,-4.294918,30,Sequential RNN
-5.829596,-8.289176,-0.35118583,-7.377271,-5.4807515,7.0982594,2.4045253,7.6885877,2.5964537,2.7417355,33.939194,11.070709,-17.954329,8.818584,5.4852524,9.407429,-15.747642,-208.55002,13.912195,43.590702,20.398867,35.13529,29.143698,29.72084,25.061018,81.53763,8.608885,3.7952156,-111.575096,31,Sequential RNN
-2.4545588,-1.0850114,-9.107127,-3.0941126,-4.9299307,-2.5043464,0.66044194,0.555233,21.282639,0.54321164,11.09175,10.368613,3.1885402,8.957159,3.186094,0.048895136,-0.27740988,-60.273834,1.4725146,11.307572,13.75931,5.2191815,1.0554494,12.443022,8.455731,2.224552,2.200601,4.031322,-37.325504,32,Sequential RNN
0.044301577,-0.10245601,0.8330566,-0.29012182,0.39401928,-0.3411848,0.06758304,0.4928699,2.91229,5.2416997,2.8930833,0.7743473,-5.1774626,0.6420954,0.2584769,-0.044365887,-0.0774239,-4.6925755,0.24611719,-2.9208415,1.435234,0.8514057,0.29369274,0.12609655,0.6405549,-1.1462581,0.25874057,0.5417757,-3.15475,33,Sequential RNN
-0.026673837,-0.06801583,0.5615391,-0.38455844,0.43626904,-0.6963366,0.023093507,0.69571394,3.9271095,8.187344,3.8283591,1.7363936,-6.7541313,0.32972318,0.4312913,-0.013796253,-0.49086213,-6.9441843,0.43489593,-4.7737913,1.6787773,1.427929,-0.3358444,0.37379193,1.3329661,-1.0063016,0.56475335,0.6527762,-4.1282296,34,Sequential RNN
-0.028230436,-0.25762635,0.5795413,-0.2193913,0.5186731,-0.97321934,-0.082916796,0.730767,2.2785208,6.367516,2.9535644,1.3986608,-5.2089305,-0.0697734,0.41460615,-0.007044501,0.16111857,-4.1092596,0.10111263,-3.9078488,1.2245291,0.6800806,-0.35907245,0.22763163,0.6632824,-0.8625485,0.5082075,0.58244747,-2.3043976,35,Sequential RNN
-2.5562027,-1.5747524,-10.757699,-2.739814,-3.585147,-10.058623,-1.2834976,2.7578814,19.108816,8.581031,10.45513,12.773329,2.440755,-2.0077512,5.434101,1.1463892,3.5476272,-50.212685,0.07868351,1.9335041,13.023797,3.7712133,-3.0537136,12.689322,9.054052,-2.457033,5.004522,4.8843946,-25.397627,36,Sequential RNN
0.08585663,-0.2367038,-0.13905597,-0.3730551,0.5513086,-1.5925025,-0.21623094,0.7003653,2.9895096,8.242507,4.3225408,1.7500987,-6.229473,0.18093404,0.78498656,-0.007835469,0.09481428,-7.110243,0.42791456,-5.443095,2.383812,0.749402,-0.5180811,0.38394597,0.9300572,-0.7302761,0.84607184,0.5162932,-2.3438659,37,Sequential RNN
-2.3316147,-0.088678114,-16.741335,-3.5012949,-4.916336,-11.00263,-1.7887092,-0.6702923,20.245716,9.867892,18.543772,1.8346318,6.0399785,-5.0664697,5.8278236,4.468804,0.91811997,-90.62636,3.7662656,5.224353,16.097088,3.97357,8.9289055,11.861484,10.622253,5.643801,6.689576,3.7254875,-6.5458035,38,Sequential RNN
0.13184623,-0.11561048,0.26873946,-0.27310085,0.56925833,-0.9483712,-0.08484139,0.31270593,2.7356088,9.305376,4.5325823,2.5828028,-7.0715914,-0.69646823,0.6386832,0.32576922,-0.27511382,-7.955954,0.38675898,-5.8853106,1.7484859,0.95638645,-1.0127873,-0.1300179,1.1134353,-0.058444314,0.75157034,0.3182618,-1.1706595,39,Sequential RNN
-2.9341874,-0.5140656,-20.393772,-5.6031785,-6.0675488,-15.998015,-3.456244,0.7771267,33.169594,17.710464,30.815619,-2.7477486,-1.1008795,-3.299995,8.47998,6.5161653,-3.9173462,-134.12651,9.536545,9.1563,20.939604,10.806633,18.971737,18.501862,17.067486,12.064197,11.96245,3.8700202,-29.186283,40,Sequential RNN
-4.205391,1.326693,-20.035847,-5.628424,-7.5975375,-12.754015,-3.972807,0.9891956,18.832094,26.009163,33.068195,24.26124,-5.77051,8.42664,7.7449903,6.3711967,-9.147027,-211.22453,9.56544,17.954792,29.468641,22.182049,7.5112877,37.299778,29.581457,57.631115,15.249486,0.14828943,-72.28566,41,Sequential RNN
0.054289933,-0.14430639,0.49324057,-0.46901655,0.8627347,-1.228684,-0.11167797,0.99376714,4.1942115,14.256423,7.7700605,3.6464977,-11.7581215,0.054385345,0.619741,0.19967917,-0.2017552,-15.268417,0.7503575,-9.21267,3.3345757,1.609087,-0.836558,0.28195867,2.3913019,0.54939526,1.165428,0.2534933,-3.249421,42,Sequential RNN
0.019999152,-0.18333285,0.23793349,-0.18800971,0.41481197,-0.59765255,-0.13128424,0.5913343,2.2203927,7.1272445,3.615278,1.5444072,-5.5470777,-0.09279503,0.41559762,-0.015251075,-0.052875187,-6.763567,0.49817592,-4.431542,1.7153563,0.72566193,-0.27671307,0.15581699,1.1234729,-0.088768855,0.5357542,0.17990895,-1.7522773,43,Sequential RNN
0.046785142,-0.30563295,0.470903,-0.2325699,0.5818235,-0.6589349,-0.19396774,0.76819307,2.3417313,8.232221,4.008019,1.5078318,-6.602314,0.10160987,0.34890616,0.0409238,-0.17534931,-7.028315,0.5478226,-5.2550097,1.7637937,0.76695675,-0.071270615,0.09766756,1.2064745,0.1877643,0.67954123,0.16696696,-2.342571,44,Sequential RNN
-3.205991,-2.2952254,-12.749286,-1.4967332,-4.6067367,-6.5031986,-2.5192294,-0.42186207,25.057976,17.477375,28.60167,11.489234,-9.863485,13.337934,-2.1549492,1.8567529,9.651231,-99.76246,6.809518,1.1946106,20.996092,3.3539693,5.9001665,14.2568035,17.210588,1.1334175,6.4848948,5.3137865,-43.54686,45,Sequential RNN
0.54188776,-0.8531716,3.198956,-0.88814455,1.4569794,-1.0027934,-0.8260192,2.0286705,9.892893,13.1391945,10.18338,5.143589,-17.760902,1.9535152,-0.8267361,0.21041186,-0.15347748,-22.886972,0.38748142,-6.6579046,4.871297,1.4775069,-0.3902142,0.89025396,4.247885,-2.3528464,1.2131178,1.4161729,-6.65401,46,Sequential RNN
0.7331787,-0.910258,3.6135824,-0.8594299,1.7851654,-0.8043727,-0.80029774,2.4022012,9.273723,16.290865,10.279478,2.850525,-19.564934,1.4792176,-0.39119032,0.17810848,-0.50543064,-21.450377,0.82766366,-9.1885605,3.9972286,1.706805,1.662838,0.6114477,4.0920177,-1.5664897,1.1536523,1.2867357,-7.1830955,47,Sequential RNN
0.2141518,-0.37172654,0.7814839,-0.36033526,0.53365076,-0.2254097,-0.311585,1.010319,3.5560725,7.517286,4.260327,1.2748212,-7.163542,0.71790355,-0.049654756,0.052771933,-0.34728867,-9.234538,0.40637362,-3.9362347,1.7703583,0.83934224,0.6690732,0.37858692,1.7790084,-0.060106114,0.45337552,0.45785794,-3.6123424,48,Sequential RNN
0.25753456,-0.31696868,0.9252355,-0.28376877,0.61831266,-0.21791752,-0.26187846,0.9639558,2.5939395,7.1008983,3.6932905,0.7208077,-6.7585464,0.5257258,0.09250816,-0.029193832,-0.12123562,-7.014133,0.40128133,-4.0411906,1.4664912,0.5936046,0.7912021,0.14256018,1.399454,-0.06737886,0.33346698,0.3219622,-2.8300192,49,Sequential RNN
-0.37823167,-2.4989376,-7.114036,1.8332134,-7.261887,-10.716014,3.762155,-2.4145567,4.205712,20.95014,19.83135,-94.20453,-8.397895,50.85618,-4.814357,8.405003,-10.411711,-97.01846,26.125956,0.40208116,14.850877,0.86459064,98.521866,19.138512,7.700216,51.88589,4.431525,-0.58626455,-86.94837,50,Sequential RNN
-1.9609222,-2.064016,-17.052649,-1.6591729,-8.590709,-3.7345357,-0.33617312,-2.006202,33.62941,15.898383,23.178307,-6.5924864,-0.77634364,15.998787,3.4004223,1.7297481,6.060282,-111.74187,9.564903,4.669111,22.015684,3.2333524,24.817808,20.196888,19.291407,4.7631826,4.2911944,5.3329825,-60.556778,51,Sequential RNN
-0.84853363,-0.6012497,-7.625657,-1.0848359,-2.8652337,-1.7464246,-0.65119296,0.45375812,13.23661,10.079764,11.757686,2.2165298,-2.595767,2.436993,3.038676,0.4978363,3.139634,-39.097775,2.800465,-2.2386985,10.034356,1.7128394,5.643386,6.4291906,8.028935,-0.40967488,2.0055614,2.1342547,-24.881435,52,Sequential RNN
0.19972986,-0.6328982,-0.21147068,-0.58353406,0.57987094,-1.095805,-0.29090816,1.5715392,6.081259,16.162878,9.017076,0.9428247,-12.921673,1.5226085,1.4907414,-0.1301852,0.2681954,-19.040369,1.7783216,-10.106169,4.2395654,1.9565293,2.9183187,1.4290996,3.6563911,0.52584153,1.1334842,0.6257191,-10.086982,53,Sequential RNN
-0.9332206,-2.250542,-13.452377,-3.0462027,-5.6506963,-3.27413,-1.4850957,0.5396097,24.27175,12.464173,19.305744,3.6259682,-1.4944452,9.97774,4.4539256,1.112416,5.9721613,-74.90433,6.08039,2.600477,18.547617,4.704073,12.23788,14.767055,14.868761,1.3271865,3.5786695,4.0143576,-56.95891,54,Sequential RNN
0.27520707,-0.313156,0.24077491,-0.6043816,0.78322995,-0.7929528,-0.40330145,1.1961228,5.3094077,15.475512,8.423668,1.3851322,-12.632912,1.4046632,1.3027704,-0.23626834,0.46346557,-16.201988,1.650954,-9.849589,3.850134,1.6739024,2.0974307,1.1566522,2.9819624,0.461341,0.9608252,0.5648655,-9.62347,55,Sequential RNN
0.26377684,-0.29162568,1.5181421,-0.24797818,0.8773117,-0.2971201,-0.19241853,1.0203756,2.4051442,8.890406,4.4359245,0.54260176,-8.670744,-0.37677345,0.8122082,-0.11357382,0.022762135,-7.823121,0.7471504,-5.680432,1.4312807,0.8784574,1.0510185,-0.02287889,1.5195717,0.17599274,0.45989364,0.28090808,-2.6162605,56,Sequential RNN
-0.037843816,-0.12112752,1.2713603,-0.23788051,0.78894866,-0.46817645,-0.03851057,0.7705992,2.7936962,7.786877,3.7960286,1.1038746,-7.322702,-0.30651668,0.6731388,0.08619704,-0.15842244,-6.3560543,0.56911445,-4.855181,1.2425627,0.6292591,0.11235104,-0.24305217,1.0445038,-0.70784956,0.49095353,0.40944853,-1.7155966,57,Sequential RNN
0.20764917,-0.3687449,2.321032,-0.3157024,1.4809651,-0.86118335,-0.003728975,1.4599828,4.463607,13.569567,6.854277,2.2881854,-13.765601,-1.434153,1.3333564,0.09456548,0.05467464,-13.52112,1.3588487,-9.322455,2.6369002,0.84027815,-0.22265282,-0.40574765,2.035376,-0.94967353,0.80559313,0.6535497,-0.28764355,58,Sequential RNN
-1.1948329,-1.1238586,-3.3145564,-0.6987778,-1.5302534,-2.7230625,0.05817765,1.1931382,16.237299,13.41574,14.266189,11.303808,-12.912131,-5.013706,5.1186476,1.6859168,4.104102,-79.61978,3.886939,-2.9632838,14.794256,0.06394193,-0.9867241,7.5823073,11.679495,0.89285856,2.5020683,2.7555141,1.5405667,59,Sequential RNN
-1.331287,-2.0251417,-5.7515497,-1.2625387,-1.8012208,-2.5920467,-0.98895574,3.01832,10.764235,9.424592,11.217283,10.84511,-4.5623717,-0.21231262,1.5296632,1.2292836,4.6839943,-64.11792,1.8456982,-1.3680446,12.619042,0.33023226,-2.9800563,6.301293,8.729575,0.91659266,2.5838463,2.0534382,1.9012452,60,Sequential RNN
-1.2530831,-2.5644906,-4.38089,-1.7703848,-0.6357747,-1.8711752,-1.5182577,5.4041715,7.8557777,15.316855,15.115789,8.245028,-11.490383,12.853455,-5.4788117,0.6517397,5.9312887,-82.553986,2.3508186,-4.0482564,14.798595,-0.7747118,1.0345428,8.004432,10.838048,7.296686,2.4427097,1.994046,-0.7937815,61,Sequential RNN
-0.869045,-2.730572,-4.558386,-2.1276164,-0.8791787,-1.5007093,-1.3925905,4.9721622,6.4924808,11.573683,14.424603,13.08909,-9.407225,10.72067,-3.3613608,0.2535656,4.098173,-67.03274,1.4524835,-1.6697901,13.948813,-0.026905656,-3.561493,7.2490788,10.230208,8.666392,1.7990164,1.6098334,-10.462647,62,Sequential RNN
-0.99097097,-3.4799738,-3.059992,-2.7725446,-0.26325747,-1.3354532,-2.1187997,6.0007973,11.852609,14.638615,18.673065,15.122487,-15.901793,12.537766,-3.2831044,0.77973896,4.8529096,-79.94142,1.6057987,-1.3652041,16.73292,0.8828908,-1.8659666,9.346743,12.319836,7.8365564,1.9115572,2.4616401,-20.177452,63,Sequential RNN
-0.45123023,-2.1989408,-4.9433866,-2.9866107,-0.89407325,-2.7047572,-1.1110702,3.591167,9.041857,9.668832,10.038291,11.509325,-5.1718693,5.5454297,-0.36141703,1.7043344,4.682087,-50.942932,-0.68546844,-1.3887718,11.697821,0.19123809,-2.6284852,6.695127,9.953812,2.4173672,1.9832662,2.344878,-13.5958185,64,Sequential RNN
-0.20280173,-0.12214507,-1.6164463,-0.25060436,-0.49738234,-0.28340337,-0.023940245,0.108307235,1.6084821,2.5544057,0.8474363,0.995074,0.762397,0.28435022,0.24506825,0.14720348,-0.0745569,-4.500467,0.08910175,-1.0190486,1.2552258,0.37325874,-0.14813119,0.7291304,0.9961706,0.12978593,0.3718028,0.21238218,-1.9706554,65,Sequential RNN
0.0806612,-0.62292135,-0.9540086,-0.4851184,0.18686831,-1.0286603,-0.11353929,1.0284964,4.84528,12.363684,6.016109,1.9012096,-7.689541,-0.8199947,0.96084195,0.59581643,0.45646688,-13.835932,0.4543689,-8.238185,3.0076895,1.1588672,0.6898914,0.2046541,1.9832319,-0.6352991,1.1293588,0.61747235,-2.2577682,66,Sequential RNN
-1.5884292,-1.8535093,-13.022042,-3.0608926,-4.705565,-2.8537104,-1.0962958,1.5605739,17.470217,8.120754,11.032293,10.260654,6.140854,2.6581728,2.8584518,2.2617018,5.8208094,-67.69492,-0.21859227,2.421534,15.302576,1.1499996,2.2881556,10.905935,12.327142,1.2054161,2.891408,2.8375304,-22.420218,67,Sequential RNN
-1.7273066,-0.87557006,-13.720205,-3.4995608,-5.484536,-1.6416832,-0.8296972,-0.7418023,25.986568,9.044241,16.000256,14.447879,3.0454767,0.06808414,4.830048,3.1493146,6.44059,-78.16172,-0.3398089,4.5665007,17.318289,2.5365832,1.9665904,11.361702,14.807839,-2.5844452,2.8886554,4.217552,-32.06983,68,Sequential RNN
-0.4731226,-0.6616386,-6.189676,-1.7882347,-1.5638226,-0.9698227,-0.7927834,0.36650795,14.036828,16.655348,14.254062,4.9900255,-8.355413,0.25421906,1.7297882,2.1984909,2.7915714,-47.408234,1.1462963,-6.884631,10.258556,1.5820938,4.4177294,3.8411248,8.632058,0.59272677,1.2918028,2.5043497,-15.456198,69,Sequential RNN
0.0138015505,-0.52434635,-2.6177495,-1.1147119,-0.2248304,-0.5678585,-0.5606121,0.88344383,8.15383,14.323538,10.250156,2.3508155,-9.424829,0.6730981,0.8997644,1.019906,1.45384,-28.398306,1.0952945,-7.655004,6.28479,1.2048515,3.3025067,1.6527966,5.0494833,0.6076032,0.8037956,1.307865,-9.242933,70,Sequential RNN
-0.92395246,-3.8944566,-5.6670094,-5.6063533,-6.7551484,-2.4411988,-3.3844705,-7.5740533,53.1972,32.67325,59.090324,35.79234,-43.283215,33.781773,-9.059938,5.6186657,36.87278,-283.4397,6.538141,13.513579,43.583897,20.631308,13.846782,44.42115,37.745926,12.402547,16.360888,18.854637,-111.89568,71,Sequential RNN
-1.2348053,-1.3713737,-7.938067,-1.510277,-2.2659104,-0.52322024,-1.3080707,1.5940619,14.22535,15.061133,17.365189,5.370392,-7.5947514,10.190342,-1.7275981,0.38630134,6.2837524,-61.404396,1.5682098,-4.385614,13.268803,1.5683382,4.975306,6.8134847,9.212826,0.5747644,2.1832955,3.0691762,-21.446642,72,Sequential RNN
-2.1985834,0.1176679,-11.868112,-1.1859473,-5.1232486,-0.8486181,-0.88479066,-2.7538395,24.775473,11.724034,18.247694,13.234455,-2.0673275,12.682346,-4.0751796,0.116084374,10.904246,-79.96822,1.04097,1.1812863,16.965466,4.6382074,1.8055587,12.788556,12.702532,-6.2802143,2.9963431,5.523152,-33.189987,73,Sequential RNN
0.16767576,-0.37532488,0.6609915,-0.118911855,0.44943494,-0.29300982,-0.082977735,0.7547536,2.2830029,7.258488,3.4099686,0.75428593,-6.0539136,0.91245776,-0.40647477,0.029373197,0.021736385,-6.2636824,0.46150494,-4.6178474,1.6597781,0.6411271,0.46600026,0.10322146,1.077535,-0.23295137,0.33450824,0.24865055,-2.2494006,74,Sequential RNN
-0.49522144,-1.6645423,-1.261348,-0.77006537,-0.24688205,-1.9161788,-0.7037332,2.0220313,14.086436,22.210745,15.42205,7.5018206,-18.52197,3.7826717,-1.5658967,-0.039043732,4.5565534,-45.002907,1.7123334,-12.149598,10.675067,3.33603,1.4653195,5.28045,8.204609,-2.4848769,1.7199434,3.0991957,-17.252995,75,Sequential RNN
-1.3085178,-0.9780164,-8.538293,-1.3046842,-3.6553094,-1.7289945,-0.8230579,0.34206286,17.031076,9.705692,14.479975,8.386489,-3.1407955,4.826939,-0.24176121,0.023214377,6.095403,-58.55457,1.3786799,0.24077252,13.652715,3.0891125,2.7194304,9.066481,10.134323,-1.856529,1.7834972,3.4523365,-23.27767,76,Sequential RNN
-0.37474534,-0.76951844,-3.3557305,-1.0536276,-0.91007316,-1.2098407,-0.83609724,1.8494806,9.352298,11.888697,11.741941,1.5971318,-9.054394,2.592177,0.4373846,0.017541254,2.6012435,-38.422756,1.2966994,-4.3228765,7.9647336,2.2005522,5.4547124,4.433357,7.6226096,1.2751309,1.3847189,1.7305065,-14.131254,77,Sequential RNN
0.26581556,-0.32860997,1.1614649,-0.25892892,0.81848454,-0.23116165,-0.20464696,1.098074,2.1596067,8.591151,4.1240754,-0.10513559,-7.898199,0.64773786,0.06434246,-0.10327643,0.15476742,-7.2823505,0.70142186,-5.512837,1.5332236,0.78564715,1.5632386,0.01622192,1.380077,0.08490454,0.34756178,0.3094295,-2.8821008,78,Sequential RNN
0.16330658,-2.3554204,-1.7633119,-3.928525,-1.9930397,0.08479458,-2.3611548,3.9122465,28.857859,18.094236,29.945839,-0.12805496,-27.579935,7.65398,0.52498513,0.2821659,14.235939,-116.637314,5.5967712,2.6273577,20.450169,4.372207,22.171831,15.408785,20.035368,-1.5806379,3.1664288,7.231072,-45.48795,79,Sequential RNN
0.6597475,-0.78225046,3.0817616,-0.7094877,1.5169882,-0.14235646,-0.2892146,1.6820029,6.6047807,15.566741,9.221762,2.1545787,-17.288757,0.100670926,0.008337284,-0.29855514,2.6826725,-19.476868,1.1206053,-10.071262,3.7221215,1.6532625,2.0094073,0.5631171,3.2015872,-2.9572732,0.76262355,1.5751832,-4.871925,80,Sequential RNN
0.99765515,-0.9463693,4.6593966,-1.0011761,2.0795813,-0.4252396,-0.5090989,2.3557065,9.027613,17.233215,10.481722,2.5128627,-21.501572,-0.30315727,0.32659322,-0.37430835,1.8872173,-22.856411,1.3610659,-11.036922,4.3273706,1.7426134,2.1057568,0.7110093,3.6878872,-3.770244,0.9250684,1.8409777,-4.538812,81,Sequential RNN
0.33664176,0.1072202,0.941638,-0.43575084,0.7423511,-0.04747098,-0.16222967,0.05637428,2.974667,9.013873,5.5679154,1.1700262,-8.3992405,0.095940076,0.83887315,-0.10985367,1.8437587,-9.535579,0.9410669,-5.656563,1.9523596,0.85130084,0.7336455,-0.11106127,1.856238,-1.546141,0.44361785,0.88908064,-4.3526983,82,Sequential RNN
1.3702867,0.012570265,2.8050723,-0.96071434,1.7695192,0.1702871,-0.6207678,0.94463736,5.775202,18.456726,10.868794,4.0800815,-18.80772,0.61880726,1.0544237,0.38341215,2.5554206,-20.132174,1.4046392,-11.770296,3.7197945,1.822213,0.17182681,-0.38031626,3.3928742,-1.6497514,0.7393015,1.3178636,-8.112016,83,Sequential RNN
1.0360733,-0.1151337,1.4055231,-1.0330462,1.1776812,0.09715114,-0.6763547,1.2229997,6.2959237,16.441618,9.665287,5.257154,-15.559987,0.7117128,1.1332264,0.14640377,1.2452493,-21.625254,0.810669,-9.643295,4.145841,2.2185118,-0.6213397,0.6941569,3.5399737,-0.548331,0.7814085,0.9128046,-8.11663,84,Sequential RNN
0.7352984,-1.1154325,-1.6700592,-2.2531626,-0.18838476,0.0809005,-1.2850461,2.7605977,12.087504,17.584616,14.785098,12.091599,-16.108927,2.678655,0.6772882,0.65743524,2.3481596,-50.2107,0.95335466,-6.65339,10.239359,2.9951534,-1.9571947,5.124008,7.7022715,2.9566162,1.2297444,1.4461263,-16.691488,85,Sequential RNN
0.45416078,-0.24718262,0.7192428,-0.48085916,0.7668762,-0.27343485,-0.30217662,0.9229317,3.2835724,11.227013,5.4282346,2.321371,-9.317262,0.39394984,0.9040229,-0.08761446,0.17307232,-10.285965,0.5831198,-6.8898573,2.093143,1.3560653,0.06683657,0.23700903,1.8873756,-0.20739865,0.63064265,0.35579973,-4.7126884,86,Sequential RNN
-1.2878869,-1.9350029,-8.539631,-2.1433604,-2.7372134,-1.924945,-1.3599738,3.2870283,7.0406494,8.594012,12.947203,12.593502,-1.1961472,5.2208233,3.1656861,0.68473667,-0.62191635,-50.721626,1.2192051,2.4119854,12.679545,1.959575,-1.2248931,8.464147,9.271607,13.064316,1.8128201,0.2934784,-30.017721,87,Sequential RNN
-0.051129878,-0.22953317,-1.0193871,-1.0173498,0.4610022,-0.82794493,-0.33630252,1.380626,8.936469,21.091036,12.419313,9.815215,-16.499462,-0.500786,2.9549587,-0.46135467,-1.6595894,-27.355976,1.6801697,-12.242066,6.3239436,3.6237824,-3.2508776,2.797189,5.068364,3.1722574,1.8579868,0.77259135,-15.903145,88,Sequential RNN
0.20722336,-0.15635802,0.43716282,-0.2088696,0.54930377,-0.3381252,-0.40753084,0.58171326,2.484751,7.607594,3.4742591,2.2118049,-5.939012,0.23422556,0.12383527,0.024114355,-0.47071144,-6.598916,0.28882876,-4.6282935,1.4621248,0.9882501,-0.79194266,0.17567204,1.0040754,0.21643917,0.48680365,0.22973883,-2.2481608,89,Sequential RNN
0.5589249,0.1261408,0.6389786,-0.22894001,1.0813811,-1.5652868,-0.47133568,0.19189593,7.1416397,16.523521,8.893304,5.921164,-14.381093,0.95376605,0.424917,-0.23503911,-0.727926,-17.269958,0.4864681,-10.992983,4.122677,1.8634202,-2.7367568,0.7795686,1.9206214,-0.8060404,1.3571937,0.6349354,-3.2051578,90,Sequential RNN
0.2915915,-0.4670743,0.92422223,-0.114994824,0.9479384,-1.2733641,-0.21199799,0.7541221,5.326482,14.587653,7.2185254,4.8186226,-12.3341055,0.95181316,0.23908868,-0.35953963,-0.25612634,-14.4796095,0.8243392,-9.804268,3.6510491,1.5945144,-2.2283177,0.7935475,0.56182003,-0.7009243,0.9028403,0.64119875,-1.7990453,91,Sequential RNN
0.030015955,-0.19739975,0.41007403,-0.12774163,0.23531955,-0.20216955,-0.0057514873,0.258604,2.4564881,4.8904996,2.0072613,1.3806907,-3.622718,0.44667068,-0.22173579,-0.03955424,-0.45547423,-4.7696524,0.29759395,-2.9136207,1.1984525,0.4041545,-0.58523804,0.28414822,0.46255738,-0.40650332,0.36431083,0.22432278,-0.8036051,92,Sequential RNN
-0.2079075,-0.07061796,-1.1489797,-0.12758459,-0.53561217,-0.16464235,0.0030402376,-0.13012382,2.6193318,2.4430707,0.5053163,0.08854061,0.49451634,0.38444754,-0.033638917,0.035650242,-0.20983134,-4.2730384,0.37490973,-1.0836104,1.112081,0.27423534,0.5567337,0.9169034,0.6203607,-0.6295079,0.4068775,0.25991517,-1.4808354,93,Sequential RNN
0.095557794,-0.3397209,0.75829846,-0.22827916,0.45672482,0.026283318,-0.23790924,0.752909,3.2787373,6.8397427,3.6699014,0.8458091,-6.195683,1.509497,-0.6595374,-0.017780809,-0.50679433,-9.979076,0.71780837,-3.833197,2.1377563,0.5887537,0.8112085,0.6073727,1.3086519,0.5350239,0.3906542,0.3207807,-2.6534936,94,Sequential RNN
0.26214918,-0.30628794,1.6269884,-0.11409276,0.9521747,-0.18667212,-0.12996976,0.9397823,2.056832,9.118314,3.7948039,0.4900646,-8.452948,0.7317323,-0.22549483,-0.12418475,-0.17950967,-7.314228,0.7202068,-6.1691413,1.5637369,0.6418367,0.87019086,0.023730455,1.0336648,0.33815816,0.32923546,0.19150878,-1.4825815,95,Sequential RNN
0.37459418,-0.35058057,2.2625573,-0.2560658,1.1346765,0.10704982,-0.15108176,1.4052448,3.290922,9.313086,3.3290374,0.26000595,-9.446828,0.90718895,-0.4038379,-0.20131764,0.032576744,-5.8536696,0.79146206,-6.278293,1.2392616,0.7452457,0.8326916,-0.15293477,0.9499266,-1.5909402,0.2001895,0.51222163,-2.002389,96,Sequential RNN
0.16113068,-0.2042817,0.9263563,-0.30382907,0.5113723,0.26329333,-0.10626148,0.7356489,2.615031,5.4530945,1.9812572,1.029787,-4.713581,0.3011338,-0.28594524,-0.121019006,0.22717015,-4.6996493,0.30770144,-3.2558608,0.8309916,0.8885981,-0.09528228,0.12442637,0.68577653,-1.43156,0.20547795,0.39996713,-1.4309447,97,Sequential RNN
0.6671553,-1.0153238,3.023201,-1.1502903,1.836393,0.22628218,-0.6072648,3.4416742,7.8428392,16.128983,6.2696657,0.1250772,-15.898468,1.2011176,-0.7105963,-0.48291618,2.3272848,-15.628314,1.4642121,-11.169519,2.9260836,2.5922506,2.6783333,0.83207345,2.3916395,-5.689541,0.65333956,1.4291792,-4.704551,98,Sequential RNN
-0.2836036,-3.2563696,1.3565993,-4.2710867,0.3144207,0.48820177,-2.7026637,10.262946,23.212912,10.720482,8.696253,7.6142845,-16.044456,2.7142472,-1.4743124,-1.5221132,7.839314,-70.173164,4.6578054,0.24875072,11.233162,6.8322144,1.0314156,10.796666,8.2743025,-11.611535,1.5285918,4.287237,-9.770498,99,Sequential RNN
0.032687552,-0.2781053,0.34434536,-0.1892951,0.38404122,-0.2353472,-0.18209057,1.077444,1.8455003,5.322282,2.2461703,1.5020899,-4.114072,0.37551895,-0.5776963,-0.021118622,0.303182,-6.78544,-0.0065602795,-3.4975371,1.463434,0.63115233,-0.7320154,-0.0021882248,0.87013686,-0.63371426,0.18585122,0.37424755,1.2970972,100,Sequential RNN
0.084511474,-0.187218,0.33714372,-0.22494172,0.48918158,-0.06184226,-0.20710503,1.0362009,0.8869233,5.3742976,2.0435753,1.2240252,-3.8706307,1.085774,-0.7661329,-0.07782914,-0.0004126668,-5.8946686,-0.024000634,-3.4555511,1.1275902,0.6565332,-0.6039449,-0.10669033,0.6142707,0.2738815,0.12241192,0.10164508,1.0230029,101,Sequential RNN
0.15167989,-0.17698367,0.39733723,-0.23146497,0.59346205,-0.013393497,-0.22593918,1.1761651,1.1440432,7.3058343,2.7764745,1.3895656,-5.336276,1.3036178,-0.70171183,-0.13941807,0.015557483,-6.702915,0.11749559,-4.928279,1.2989666,0.8932156,-0.5918632,-0.21266639,0.7057146,0.34363192,0.16007964,0.0739807,0.41408852,102,Sequential RNN
-4.8752985,-2.0679371,-17.442991,0.66708744,-5.3470097,-3.5557542,-0.5887203,2.5221696,-1.7698537,12.269887,19.816477,36.34444,7.096136,5.1825113,-0.58960986,1.2592037,2.4147542,-97.53337,-1.4396398,0.26510543,19.449667,7.4031467,-21.691954,10.945591,12.46791,28.13664,2.1202269,1.4665911,-11.925406,103,Sequential RNN
-2.086099,-1.2013526,-9.675521,-0.14870921,-3.3476682,-1.2662053,-0.70726925,0.72284603,13.620593,13.282785,21.563992,21.402477,-7.407785,9.2661705,-2.9316437,1.296481,2.8093467,-74.138855,-0.54299784,-1.0300293,15.0096035,6.410237,-9.183075,5.780938,10.538648,9.549131,1.7278991,3.4316773,-21.745619,104,Sequential RNN
-0.9953637,-1.9220668,-6.3616266,-1.5352914,-1.8795336,-1.2288777,-1.437744,2.6466577,18.57398,12.830174,18.979923,7.5430264,-11.138401,7.845169,-1.4048865,0.8218522,3.4286134,-62.757557,1.6144638,-1.9280077,13.298433,4.0713925,2.280753,5.4134097,9.384421,1.8667045,1.8581694,3.903032,-22.77082,105,Sequential RNN
0.065497376,-0.29312468,0.8612089,-0.19722694,0.79998255,0.9410144,-0.16362144,1.0579515,1.3506902,8.31788,3.6861012,0.92296916,-6.82627,0.18184575,-0.4814691,-0.14741562,0.2609021,-7.936961,0.5831317,-5.1483064,1.1679984,1.0194192,0.5089996,-0.32183468,1.4942589,0.93996066,-0.04977351,0.1420878,-1.7358956,106,Sequential RNN
0.34165272,-0.6054665,2.230805,-0.22770615,1.3461365,0.8432391,-0.29842332,1.6886722,2.2944603,11.511263,6.575567,2.2255833,-12.217428,0.6732178,-1.6693531,0.16471578,-0.3696303,-13.312107,0.98588645,-6.9702168,1.9182829,1.1588091,0.043733113,-0.719717,2.3898213,2.1366878,0.05278515,0.101713404,-1.2929822,107,Sequential RNN
0.5293484,-0.63528657,3.1180608,-0.2319083,1.6188965,0.75362974,-0.16198066,1.5268117,2.8262954,14.306065,7.563487,4.537182,-15.229559,-1.1018678,-0.98404574,0.05705114,0.9646103,-14.9435425,0.91472656,-9.41548,1.9956743,1.6606294,-1.648659,-0.8141229,2.6666942,0.5071803,0.3142637,0.4677849,-0.16193865,108,Sequential RNN
6.9957433,-6.0445094,54.339508,-5.2334585,18.670715,-1.4160403,-6.2066083,13.60636,-3.7076256,58.76615,56.02643,20.517485,-135.09259,-34.04054,8.086072,11.19154,23.008606,-229.55132,15.024939,-13.822358,15.921307,19.031923,16.667793,19.320965,49.29329,46.29409,16.543697,6.3664837,-39.558044,109,Sequential RNN
-3.1904764,1.9489458,-14.818649,0.8176635,-6.6569834,-1.4395893,-2.0403388,-5.261215,16.117378,9.950818,21.019371,28.32656,3.6661775,-15.889279,4.2447057,1.9707636,24.702797,-119.271126,-0.7873954,5.4377813,19.097214,2.2065988,-8.624319,15.203299,23.334488,-0.8926764,4.849836,6.196684,-9.219035,110,Sequential RNN
0.06749752,-0.039391164,0.4340154,0.096798286,0.67430764,-0.30826697,-0.19922633,0.5870381,0.4815377,8.3213415,3.9312584,0.37769252,-6.22187,-0.505705,-0.0028418708,0.007759609,0.77395535,-6.8946238,0.6282972,-5.630186,1.1670228,0.48989657,0.56874204,-0.45150274,1.2976613,0.7239353,0.39648572,0.18437454,0.0439958,111,Sequential RNN
-0.18906206,0.17883267,-1.531341,0.034026515,-0.7025524,0.3617726,0.19560024,-0.72049516,3.5815313,2.5201752,-0.40082023,0.27660087,1.7152753,0.57658637,-0.6511518,-0.06210776,-0.008614709,-2.2400353,-0.002369529,-1.7364544,0.46515512,0.24500224,-0.08129229,0.44628555,0.2114724,-2.695208,0.05307614,0.51942986,0.64068186,112,Sequential RNN
-0.28384233,0.084534705,-1.7319201,0.09655331,-0.9387742,-0.41595635,0.12051094,-0.44092685,1.578207,1.0170494,-0.83956367,0.17295003,3.4273388,0.06344413,0.08655573,-0.04284399,-0.19001433,-0.76175797,-0.06760258,-0.84175193,0.574501,0.1436041,-0.106781825,0.68859667,0.10392623,-1.0563575,0.1925556,0.11883255,0.24893357,113,Sequential RNN
-0.22930054,-0.23583387,0.21139947,-0.07885931,0.46113876,-0.67266876,-0.07434859,0.78415954,0.7674524,5.555853,2.9361124,1.8301698,-3.993593,-0.15604259,0.340173,-0.07803357,0.45053184,-4.5395617,0.36199635,-3.610055,1.2212101,0.55136895,-1.0921047,0.07563618,0.6865181,0.45828915,0.52277184,0.15421309,-1.6085918,114,Sequential RNN
-0.25538725,-0.02282965,-1.5531778,0.03786898,-0.8333126,-0.4182075,0.13389035,-0.23096769,1.5512252,0.94847655,-0.8840005,0.15533647,3.1673372,0.3431776,-0.029313259,-0.09081471,-0.20915906,-0.527662,-0.059068747,-0.81660616,0.57404625,0.08943805,-0.1866998,0.663828,0.102698505,-1.1202877,0.17587405,0.13415606,0.1601412,115,Sequential RNN
0.26425043,-0.42491823,4.0993505,-0.6016854,2.1169193,-0.880327,0.06228943,1.9680674,3.938969,10.412369,6.1318607,-0.76416516,-13.806209,-1.5967249,0.6000418,0.096634954,0.81411296,-7.4274325,1.381612,-7.542255,1.4660698,0.66650534,1.6650493,-1.1509452,1.1710442,-2.464073,0.38735926,0.98724,-0.57100934,116,Sequential RNN
-0.2916338,-0.013472068,-1.2535201,0.13387708,-0.25028723,0.89608586,0.0048236516,0.114239156,-1.747204,0.293467,0.10280868,-0.8323664,2.3403907,1.1623858,-0.88494045,0.09322517,-0.56185794,1.332548,-0.1276433,-0.867947,0.027820496,-0.42317012,0.4488121,-0.8797095,-0.57399964,1.6829929,-0.7363373,-0.3299453,2.1405575,117,Sequential RNN
-0.2881379,0.11856813,-1.8775718,0.020855857,-0.9278572,0.09218778,0.25730488,-0.71368057,3.4844348,0.6681385,-1.3095194,0.012717107,3.7509305,-0.42881882,-0.06794651,-0.108322024,-0.23721534,-0.5231345,-0.2327016,-0.7187573,0.08724769,0.19262794,-0.029979879,0.60471064,0.14089769,-3.001325,-0.038550925,0.54035425,1.5325428,118,Sequential RNN
-0.43810165,0.06266074,-2.6203887,0.04022914,-1.1260933,0.13925734,0.14047945,-0.09487465,-1.2907171,-1.0911652,-1.3985347,0.06738394,6.2051663,0.2525927,0.22165099,0.01592922,-1.0333642,-1.7840832,-0.19076566,0.84020793,0.84660006,0.20342463,0.11928429,0.7959224,0.22580174,3.1115804,-0.5654316,-0.3195172,-0.3351339,119,Sequential RNN
-0.29864532,0.050992988,-2.1612253,0.012822735,-1.003674,-0.08661743,0.19418915,-0.29773617,0.13346206,0.627558,-0.9766738,-0.4430304,4.868883,-0.27076775,0.43097535,-0.022597997,-0.30129978,-0.6393626,-0.059770662,-0.8735376,0.39418104,0.12534168,0.51265335,0.52063,0.008089853,0.45862517,-0.18440217,-0.059201375,0.34013766,120,Sequential RNN
0.18927456,-0.20983122,0.8449576,-0.3438704,0.4693131,0.23632091,-0.071031734,0.6157111,2.227646,3.231576,2.4815385,1.9406079,-4.2551384,0.69514304,0.51144964,-0.037468474,-0.31580502,-1.2657114,-0.05245855,-1.1351426,0.99675286,0.67885923,-0.722512,-0.022390472,1.1400883,0.21539165,0.08702588,0.36832997,-7.498626,121,Sequential RNN
-0.02796183,0.026227722,-1.3998821,-0.12341467,-0.23351866,1.7391725,0.061283574,0.1296991,0.16913138,1.3822585,0.56280714,-0.07785038,1.4336365,0.9428823,-0.62311333,0.12870099,0.11721151,-0.559833,-0.1798909,-1.088977,0.49560192,-0.19524163,-0.036160704,-0.78983814,0.3716926,-0.03719136,-0.6303743,-0.124925025,-0.43213293,122,Sequential RNN
0.18087044,-0.19274531,2.0540006,-0.28682336,0.74955684,-0.12180738,-0.28503445,1.2682548,-1.5585289,1.4557503,-0.28017977,1.6721168,-3.076222,0.88962793,1.1022527,-0.3463388,-4.476414,4.613383,-0.22011144,-1.0255375,1.1642175,0.46930078,-1.9541643,0.11020904,-0.41458964,6.566842,-0.40331882,-0.7225491,-5.932018,123,Sequential RNN
-0.23878229,-0.18082246,-1.6579278,-0.2707744,-0.6886234,-0.24861027,0.08906501,0.3648835,1.2517822,0.6343217,-1.0759339,-0.1410815,3.5387435,-0.626307,0.15292697,0.01030381,-0.11602755,-1.9299283,-0.15984865,-0.31520128,0.5829718,0.11916504,0.32479855,0.8097218,1.2478833,-0.1561507,-0.066860594,0.21490373,-0.4685908,124,Sequential RNN
-0.26097685,-0.23000708,-1.3234055,-0.13654663,-0.275463,-0.45864984,0.03601924,0.43143705,0.7729944,1.6115907,-0.32268748,-0.424336,1.9092836,0.73091006,-0.35359463,-0.008397309,0.1789616,-1.3679773,0.11094488,-0.77827954,0.7892257,0.005042097,0.48557204,0.525178,0.6487423,-0.40813047,-0.05173021,0.25802568,-1.0937457,125,Sequential RNN
-0.046185505,-0.3658734,0.27722174,-0.15985854,0.2428079,0.7459539,-0.16920191,0.88031596,-0.13267453,0.0862849,0.15477404,-0.47875473,-0.4741558,1.6993066,-0.7841643,-0.09403043,-0.58758193,-0.24626943,-0.1619647,-0.13452448,1.4851077,-0.49017927,0.52082694,-0.35332033,-0.024008576,0.6803172,-0.6304176,-0.21471888,-0.2250325,126,Sequential RNN
-0.26712266,-0.3670069,-0.82343006,-0.1675077,-0.11548101,-0.08283045,-0.04561671,0.7233843,1.6579615,1.7764066,-0.17842138,-0.4888591,0.8809082,1.3045537,-0.3746446,-0.07837179,-1.2706896,-0.75284964,0.124709465,-0.93356454,0.71485674,-0.26181877,0.5643246,0.20056868,-0.004270185,0.025606921,-0.14202781,-0.0766103,-0.5421577,127,Sequential RNN
-0.2773959,-0.49766248,-0.34392446,-0.09320671,0.039144646,0.59095085,-0.18251608,1.0441968,-0.097199924,0.281597,0.48992798,-0.24910188,0.15570483,0.89230597,-0.7331302,-0.049347684,-0.19804026,-0.08844762,-0.5360879,0.0069370545,1.4698412,-0.46838042,0.489271,-0.42927712,0.09842308,0.28065023,-0.49163786,-0.023524141,-0.08007018,128,Sequential RNN
-0.13794088,-0.440647,-0.7251816,-0.17529933,-0.032322917,0.15720223,-0.20530239,0.9113831,0.22027254,0.4867651,0.06046653,-0.33930779,0.84874046,1.142561,-0.69335175,-0.08659514,-0.38683802,0.049457684,-0.28811,-0.12820992,0.6935915,-0.46476793,0.386823,-0.123783864,0.36522412,0.065089166,-0.40228057,0.044257443,0.19810534,129,Sequential RNN
-0.69132566,-0.5553778,0.6853486,-0.049654625,0.39272004,0.02645073,-0.20971774,0.9252533,3.34228,3.6767254,1.149458,-1.9323066,-2.6866908,1.4030526,-1.0490075,-0.1398295,-1.1411228,-1.4431351,0.7814625,-2.4646432,1.3477968,0.9681099,2.2340312,-0.4178149,-1.4254944,-1.9368435,-0.18402508,0.5246165,-0.1303159,130,Sequential RNN
-0.44415757,-0.08848302,-1.2311709,0.07884813,-0.40963775,-0.686331,0.04731381,0.15385222,1.011185,0.6216824,-1.2303021,-1.5071032,2.6792152,1.2303677,-0.67920256,-0.0470476,-0.43826625,-0.2883278,0.29531917,-0.44013536,0.30554944,0.11602776,1.3758575,0.8151888,-0.2656825,-0.50236285,0.16323428,0.12985627,0.23471265,131,Sequential RNN
-0.5125241,-0.18666068,-0.41855335,0.13683505,0.043873046,0.81617683,-0.008048611,0.50920624,-0.5701517,1.282609,0.042793155,-1.3525693,0.6704052,1.6483526,-0.8777149,-0.23625161,0.09909118,-0.16025467,0.23065026,-1.3242404,0.8481351,-0.12479292,1.1470739,-0.26462704,-0.9996769,0.8215822,-0.51512176,-0.049387075,0.3037913,132,Sequential RNN
-0.37977278,-0.25023848,-0.33451924,-0.12399612,0.08433724,0.4506745,-0.044956207,0.8705223,0.28379393,0.7737244,-0.08187804,-1.0414048,0.53699434,1.7839501,-0.6744457,-0.29815963,-0.7208314,0.3402481,-0.16720437,-0.8055151,0.8797788,0.074226454,0.8723235,-0.27392077,-0.8743996,0.6238407,-0.58810836,-0.22853366,0.31346986,133,Sequential RNN
-0.33038673,-0.12464715,-0.92142105,0.124048546,-0.47680256,-0.8123804,0.002053452,0.09803292,1.7255919,0.5618424,-1.6436273,-1.0563291,2.6488955,1.5624453,-0.6611646,-0.11968347,-0.36556938,-0.19378139,-0.12485646,-0.7043019,0.4051714,0.24420965,0.8825901,0.8495478,-0.21594332,-0.9531614,0.22828157,0.2566779,0.11466769,134,Sequential RNN
-0.41606498,-0.25462276,-0.36762235,-0.13422593,0.10496576,0.6484528,-0.09410921,0.94428766,-0.3858093,0.92126304,0.51482457,-0.81557685,0.4001114,1.8191798,-0.90897536,-0.17459062,-0.14167577,-0.0067392346,-0.19044568,-0.6453691,0.8361265,0.10977137,0.6751748,-0.60823894,-0.71418273,0.66051453,-0.6497559,-0.12864508,0.0019775638,135,Sequential RNN
0.015882084,-0.023835016,-1.3529049,0.06027139,-0.5887554,-0.0907393,-0.029271733,0.33505964,0.25090602,2.1750271,-0.8660522,-0.028447835,2.2922893,0.28470784,-0.28371236,-0.06755901,-0.74573576,-0.7037494,-0.24810655,-1.8038098,0.7346857,0.52941114,0.07553447,0.28392208,0.08508633,1.165927,-0.6424697,0.051218458,0.13522035,136,Sequential RNN
0.027366674,-0.33092162,1.8021984,-0.44092995,0.93120486,0.6836175,-0.16296896,1.2871087,0.6884214,5.199951,1.1135099,1.2956207,-5.106332,0.38080588,-0.5863114,-0.10965825,-1.1979562,-2.7422,-0.22714515,-3.0345974,1.1568515,0.406062,-0.6612395,-0.18057187,0.7361675,1.8932137,-0.3866812,0.17204458,-1.6066312,137,Sequential RNN
0.124451905,-0.18355237,1.329678,-0.30672857,0.7533646,-0.23062372,-0.19797619,0.82160395,0.94666415,3.9895358,1.9206145,0.75510156,-4.5614395,-1.0907986,0.30578104,-0.045610983,-0.28788787,-4.0461717,0.23519991,-2.2742593,0.8260321,0.59269917,-0.081457414,-0.009687793,0.86384517,0.5272676,0.2989948,0.20023668,-0.17487688,138,Sequential RNN
-0.04921545,0.024640419,0.39812493,-0.33162093,0.2748399,0.06273437,-0.030550063,0.34012276,4.177658,3.827088,1.1696208,0.9505223,-3.0371146,-1.076913,0.38929415,0.0020400165,-0.47206858,-2.751982,0.16612057,-2.1958218,0.78187543,1.0491209,-0.22173366,0.2720302,0.7576815,-2.3327427,0.23017721,0.5466482,-1.920577,139,Sequential RNN
-0.09141309,-0.042327788,-0.18831454,-0.48204294,0.121482775,-0.41889092,-0.18958731,0.7826178,2.1299999,2.7532587,1.2730677,2.2233047,-1.820204,-0.17276175,0.9466971,-0.10952474,-1.1039706,-1.4277471,0.02942974,-1.2624992,1.2913913,1.1504066,-1.559206,0.6078877,0.8303168,0.5088321,0.36682826,0.1987361,-5.3457675,140,Sequential RNN
0.030079663,-0.026403196,0.016389504,-0.49422517,0.2739203,0.002415968,-0.18592437,0.9402232,0.48876545,4.5585,2.0227952,2.0279882,-2.9992464,0.21753535,0.4848578,-0.4002835,0.21447176,-5.4661326,0.23160447,-2.4434311,0.8462771,1.1151413,-1.2328606,0.6248613,0.99174947,1.1046774,0.6519073,0.32633263,-2.9219866,141,Sequential RNN
-0.105752595,-0.221386,-0.3714601,-0.0252786,0.17526121,1.1676073,-0.12516893,0.825801,-0.4291282,0.86728054,1.6389403,-1.0198251,-0.8484815,2.4548614,-1.2624885,-0.12249283,-0.66460437,-0.22534186,0.15927234,-0.5459506,0.07107753,0.33041686,0.8770654,-1.287532,-1.0891477,1.2595526,-0.41202617,0.024957513,-0.096028924,142,Sequential RNN
0.10610562,-0.55302894,0.13854744,-0.72537524,0.7161057,0.40514168,-0.3212734,2.4255824,-2.2323654,6.286746,2.820732,-0.12153033,-4.0307093,1.477673,0.40459394,-0.6694187,0.6185935,-3.9679694,0.21356323,-4.1535764,0.5778344,-0.13483581,0.46264064,-0.26197696,1.019539,3.0225465,0.33985117,-0.0081566665,-2.8555803,143,Sequential RNN
-0.27309427,-0.022935968,-0.034610283,-0.053309545,0.097347535,1.5240587,0.30368966,0.094853215,2.027607,4.3794065,0.6628799,1.1751947,-1.7357749,3.9452362,-1.9486235,-0.43008858,-1.4046663,-1.7022036,-0.71413153,-3.2000535,0.670077,-0.18622082,-0.9602914,-0.4681805,-0.10221141,-0.020416511,-0.4097821,0.13251187,-0.34626758,144,Sequential RNN
-0.27896652,-0.016481876,-1.3721973,0.07064492,-0.49897346,1.3283749,0.1605067,-0.2387286,2.257473,3.1337051,0.77000374,0.24831058,0.78963435,1.2729087,-0.57576275,-0.3261813,-0.14024736,-0.8529698,0.06452284,-2.5631492,0.49597636,0.24212217,-0.22301827,-0.4483315,-0.2969882,-1.5392127,-0.15772992,0.17227833,-0.47752312,145,Sequential RNN
-0.10495674,-0.19268876,-0.6020303,-0.32223624,0.014047358,0.21920876,-0.14150153,0.628419,1.7505674,3.6802046,1.566951,1.1201758,-1.4706191,1.0488375,-0.45218414,-0.37487,1.1246537,-5.1283956,-0.07916466,-1.9350743,1.0794157,0.70904917,-0.23073173,0.5642804,1.052414,-0.7196623,0.194628,0.5795435,-2.5782804,146,Sequential RNN
-0.3298835,-0.11585842,-2.2537875,0.029707856,-0.6664325,1.5494428,-0.10433733,0.19140682,-1.9908123,1.8331176,1.3271116,0.85187894,2.5763888,1.1043524,-0.4041468,-0.08213741,0.9495622,-3.5953252,0.13901627,-0.6537324,0.80477977,0.49234647,-0.4216589,-0.17762758,0.20332323,3.1610584,-0.23817301,-0.27350998,-2.9060702,147,Sequential RNN
-0.43791088,0.015877936,-2.6425648,-0.07381681,-1.0432398,0.057679676,-0.015374605,-0.104558006,1.6784269,0.97325504,-0.47606963,0.9949508,4.139487,0.24223018,0.10441664,-0.13236314,0.66544265,-2.7640097,0.07208909,0.04521222,0.9437734,0.7178456,-0.4288489,1.2034461,0.8113076,-0.7150008,0.14082137,0.47237456,-3.4448793,148,Sequential RNN
-0.25156352,-0.31763065,-0.20821363,-0.16935316,0.2703536,-0.14287652,-0.16677555,1.1477437,1.6966214,6.3713784,2.8803613,2.1711144,-4.175638,1.631437,-1.135014,-0.3600056,2.1399405,-8.124789,0.17481773,-2.9696877,1.3405325,0.9949997,-0.61713624,1.0217751,1.9793007,-0.6634524,0.1975262,0.8810727,-4.5968385,149,Sequential RNN
-0.41138256,-0.012210887,-2.334143,-0.14084531,-0.739583,-0.30051368,-0.0061203013,0.061680395,0.4169956,0.8408076,-0.09956245,0.7751593,3.4591568,0.43929675,0.22770062,-0.024846805,0.76143014,-1.3313255,0.113223284,-0.19898865,1.1585622,0.2599811,-0.3602314,0.9568412,0.39709464,0.07500448,0.15911514,0.21048272,-3.3527784,150,Sequential RNN
-0.08774133,-0.3077007,-0.29488313,-0.23007143,0.39693025,0.17166235,-0.14434749,0.9733924,0.07850351,4.96002,2.7091582,1.9626454,-3.2742848,1.5406035,-1.5412908,-0.039189305,1.3935711,-5.684899,0.27082327,-2.668441,1.2285525,0.3422986,-1.0621208,0.04989062,1.1790483,0.59023875,0.06869484,0.37935397,-1.9604182,151,Sequential RNN
-0.21309543,-0.008412734,-1.7282634,-0.19634168,-0.67029536,-0.120830245,0.00058970286,-0.020943774,1.582438,1.0985842,0.13907857,0.8043804,2.1247137,0.4473276,-0.05756604,-0.024319146,0.33942235,-1.3261597,0.056129824,-0.2898718,0.92990154,0.18219736,-0.4009121,0.7064723,0.42786232,-0.5539409,0.12658477,0.2981591,-2.6528895,152,Sequential RNN
0.12318692,-0.42791754,-0.10282829,-0.40569904,0.32275462,0.39186668,-0.28369614,1.1607202,1.2082841,3.944013,2.2863164,2.6464565,-3.2144673,1.3823005,-0.41608828,-0.1072271,0.22957832,-1.9673486,-0.028853623,-1.6786376,1.5232413,0.41673306,-1.5531669,0.22249141,1.2174869,0.84022546,-0.14078712,0.26741943,-6.856357,153,Sequential RNN
0.16865325,-0.43113714,0.39502996,-0.3089661,0.5766888,-0.16205841,-0.23332803,1.130223,1.0140522,5.647983,2.8441262,1.8608938,-4.8180413,1.7610573,-0.94662505,-0.20398651,0.8007071,-4.6580744,0.16425726,-3.4017668,1.6201891,0.24870887,-1.0231049,0.049699962,0.91039544,0.052314248,0.042772826,0.36154142,-2.462205,154,Sequential RNN
0.05107146,4.2010055,-9.935043,0.132043,-1.9175395,1.0819906,-0.10292078,-2.1016486,-19.666916,6.8839216,-0.7945499,18.789753,9.698956,25.82783,1.292671,-2.0637789,-9.122564,2.492493,-2.175896,3.9621732,7.4924912,5.7346926,-11.761464,11.491031,7.9729447,42.10229,-2.2969694,-3.3102891,-82.95778,155,Sequential RNN
-0.31765857,0.15011734,-1.9063762,-0.12587577,-0.58964694,0.5262107,0.098551296,-0.21236902,2.6928806,2.805671,-0.21248141,0.5279648,1.9146867,2.5005198,-1.1114129,-0.1283483,0.43642858,-1.3777136,-0.22637795,-1.6913102,1.5144864,-0.026534421,-0.16540441,0.67980295,0.66192126,-2.017967,-0.29171196,0.49737883,-3.6054318,156,Sequential RNN
0.30773348,-0.027594792,2.223295,-0.2457285,1.4019176,-0.65788144,-0.33705878,1.375466,1.9462494,9.08606,4.027099,-0.64260584,-9.349078,1.349422,-1.5701326,-0.0035348514,2.666175,-3.6492271,0.18667355,-6.551998,1.4641789,-0.20450877,1.2234105,-0.7409007,0.96604836,-3.0094373,0.012019551,1.0954491,-1.3415105,157,Sequential RNN
-0.08100804,0.08050801,-0.67534673,-0.16484834,-0.022296103,-0.008848819,0.03198699,0.10371884,3.5902698,4.449222,0.6389879,-0.8491438,-1.2438666,2.5321987,-1.4722369,-0.012323656,-0.18884002,-1.3515368,-0.0056913253,-2.885398,1.3319685,-0.17680582,1.0046502,0.1086708,0.1666373,-2.437811,-0.22971788,0.73234236,-1.9654417,158,Sequential RNN
-0.11031515,-0.080762506,-0.80474424,-0.22772221,-0.0461509,-0.71685606,-0.24668446,0.6773615,2.2475154,3.5468466,1.2051995,-0.3051042,-1.2312788,0.8188585,-0.40909916,0.10667864,0.51952165,-3.4261115,0.10004678,-1.4748431,1.1161294,0.17124781,0.85499316,0.6861924,0.80127645,-1.0170946,0.2829651,0.5999842,-2.6380503,159,Sequential RNN
-0.17086276,0.093611896,-1.5495223,-0.072562724,-0.79569185,-0.76444244,-0.034474917,-0.3562861,2.7139735,1.1713057,-0.8733502,0.03730644,2.8788285,0.88297224,-0.3700745,0.12083668,-0.21664347,-1.5508162,-0.08974214,-0.37590915,0.84423095,0.18250154,0.3267408,1.142636,0.4707652,-1.3380256,-0.0152450465,0.69075376,-1.9828138,160,Sequential RNN
0.0356002,-1.0536687,4.530326,-1.1419104,1.871509,-2.7529726,-0.7748637,3.3303196,7.4956083,10.17426,4.6282907,-2.8292372,-13.778854,4.252266,-3.2506273,-0.27294537,4.2922883,-16.61467,1.3217125,-6.2643743,4.561078,-1.3732845,4.0184007,2.6641257,3.513894,-6.771779,0.8874999,2.362016,-2.0600076,161,Sequential RNN
0.5439244,-0.35522184,2.0335467,-0.7514416,0.83401996,-1.1098133,-0.5321306,1.8056693,3.8451586,5.4884624,2.6017265,1.8761246,-7.216251,1.7614144,-1.0883955,0.089027196,-0.98942304,-7.73244,-0.31826198,-2.0365534,1.6777976,0.3203507,-0.75462824,0.752213,1.7452122,-0.40897915,0.393425,0.5332685,-2.0078018,162,Sequential RNN
0.50802225,-0.33939126,2.3380945,-0.44864815,1.1338477,-1.2617165,-0.46058664,1.9393384,1.7094828,7.487173,2.4504251,1.7931952,-8.012071,1.9976203,-0.8027144,-0.08185305,-1.4873396,-4.8559647,-0.42765006,-4.3626394,1.1499332,0.4432951,-1.2027972,0.16985184,1.3391786,1.0429479,0.201645,0.10237183,-1.0630523,163,Sequential RNN
0.8668117,-0.36800635,4.035187,-0.885085,2.1078475,-3.2908456,-0.92143315,3.9123526,4.2345953,12.911249,4.190831,3.184705,-15.09877,5.5826974,-2.5882494,-0.3617427,-3.0206473,-16.679777,-0.9929072,-7.5600595,3.76792,0.84618896,-1.8054584,1.7757175,2.7097757,2.5328267,0.36032584,0.30364564,1.2503045,164,Sequential RNN
0.043653376,-0.04874118,-0.82860833,-0.24248995,-0.4075149,-0.20551457,0.024293268,-0.04845387,5.4870925,3.6567554,-0.16670078,0.63853616,-0.42830938,2.0296686,-1.1557688,-0.0730301,-1.1362164,-3.3588114,-0.11464442,-1.8023086,1.1864355,0.44543338,-0.20833142,0.9048413,0.46434247,-2.7337108,0.031066045,0.7310066,-1.68397,165,Sequential RNN
0.036388054,-0.28936073,0.23869888,-0.3574075,0.5040029,-0.6235922,-0.3302671,1.4920038,1.6272799,6.4297786,2.860435,1.8778628,-4.922481,1.635052,-0.5678724,-0.051646423,-0.67798525,-7.46658,-0.13375698,-3.2035906,1.5552907,0.70994204,-0.80635,0.31972423,1.3982219,1.3846308,0.14433344,0.18756156,-1.9703166,166,Sequential RNN
-0.24749519,-0.023734262,-1.715662,-0.05017417,-0.96794784,-0.31026867,0.035520792,-0.23287913,1.6651018,0.6052259,-0.7959217,0.17754948,3.5325925,0.02149625,0.119196564,-0.07553957,-0.13382392,-1.9551685,0.066440076,-0.11887875,0.6658226,0.2129279,0.09884843,0.96764314,0.29720622,-0.59447104,0.24788164,0.16725713,-0.6587456,167,Sequential RNN
-0.23944113,-0.042775128,-1.6298347,-0.019321911,-0.85024124,-0.37773332,0.0047707963,-0.08090157,1.247169,1.1387905,-0.4534436,0.32920483,2.8280246,-0.31415245,0.44198284,-0.048035692,-0.030321108,-1.702026,0.15418474,-0.47045135,0.7312287,0.29750377,-0.00730187,0.89079005,0.3792158,-0.29306617,0.31230915,0.09687566,-1.2930032,168,Sequential RNN
-2.2698352,-0.94463015,-20.07908,1.1762649,-6.9479465,-6.416762,-1.2486645,3.4314282,-15.565781,-5.8141117,-15.6697235,19.991867,37.0305,10.335139,-1.7862953,-1.6451969,3.7946606,-36.748436,-2.241191,10.392123,8.38538,3.6101217,-13.795065,21.993063,7.654405,24.2433,2.8888562,-2.780273,-19.974113,169,Sequential RNN
-0.10867933,-1.2999666,-1.0392967,-0.9082455,0.27813563,-0.715662,-0.73294795,3.0534258,2.4292195,11.487667,4.941869,4.107106,-6.4173827,0.12421868,1.5447226,-0.38961673,0.5058951,-18.266653,0.4039069,-6.6358337,4.2256203,1.3110322,-0.7831054,1.7533507,2.459859,2.511405,0.34710857,0.2722381,-3.4593904,170,Sequential RNN
0.02980822,0.012680067,-0.85170066,-0.097129695,-0.2695514,-0.19140534,0.064336345,-0.24441098,3.8270245,2.761835,-0.18907467,-0.24762744,0.18331462,2.2299488,-0.8339292,-0.25854504,-1.2861806,0.28257248,0.2418552,-2.0831275,0.78007114,0.42692643,0.14549804,0.19420823,-0.3396638,-2.4580636,-0.018239321,0.4682469,-1.2796769,171,Sequential RNN
-0.01880814,-0.45866677,-0.5306571,-0.28857782,0.0067028147,0.11901984,-0.26002902,1.070553,1.3474653,4.196459,1.2339098,1.6420088,-1.7345787,0.4886779,0.104059964,-0.09087604,0.04983077,-4.9152093,0.13477366,-2.0443935,1.2668619,0.6718659,-0.5892142,0.6102872,0.7655215,0.41350994,0.05263268,0.2192714,-2.4624004,172,Sequential RNN
-0.036807735,-0.5311314,-0.41488788,-0.28654003,0.07834095,0.14465378,-0.2923897,1.2372292,0.71191007,4.0762277,1.653112,2.2790658,-2.101694,0.7566182,-0.0073559256,-0.059649635,-0.15183276,-5.5272937,0.08406483,-1.8461294,1.4852576,0.7177152,-1.1303073,0.5168853,0.97941816,1.2873105,0.111437656,-0.0070544323,-2.7261727,173,Sequential RNN
-1.5992855,-1.0900221,-15.549039,-1.9678557,-6.659103,1.5303106,-3.1338027,7.2052007,7.3491874,-7.065744,-4.3228726,25.680595,21.859524,3.130316,-2.7523131,-0.12995805,8.094189,-101.02628,-2.5302098,22.454948,16.294357,7.085715,-8.513388,25.435547,13.755257,19.648937,-0.5968662,3.790144,-25.377485,174,Sequential RNN
0.21043065,-0.42374596,1.7109133,-0.22068791,1.0590632,-0.571973,-0.35597485,0.95838284,2.5076578,11.423426,4.347547,6.5021224,-9.918193,0.5468009,-0.016642474,0.10658143,-0.9037381,-9.79645,-0.32659185,-7.427692,2.404837,1.2498324,-4.2857947,0.19696558,2.0745933,0.89241654,0.6720899,-0.08980309,-1.5263727,175,Sequential RNN
0.09971197,-0.046166893,-0.59098077,-0.07052523,-0.16546495,0.30416456,0.00011616041,-0.29775378,3.1414237,2.2179434,0.093508385,-0.4070525,-0.10312798,2.3580914,-1.4518331,0.010717409,-0.33851472,-0.36496124,0.099719696,-1.6900985,0.42365095,-0.13321373,0.27875304,-0.17492469,-0.21412286,-2.3963227,-0.13776292,0.5455919,0.009434251,176,Sequential RNN
0.1709655,-0.08123788,0.16316994,-0.19545846,0.038282324,0.17984974,-0.032885388,0.03214893,4.1966114,4.7880893,1.4737049,2.0403082,-3.1055467,0.12000038,0.115355656,0.079690434,-0.68826026,-2.0717957,0.2392064,-2.729448,1.2288495,0.78824735,-1.0897571,0.28518525,0.525551,-1.8050183,0.2405056,0.45343256,-4.3597465,177,Sequential RNN
-0.33758292,0.038347557,-2.5197358,0.019315695,-0.9906425,0.31592417,-0.053918656,-0.53178495,0.77501154,1.4150897,-0.022339525,0.35905963,3.9859416,1.3972331,-0.5001249,0.040708873,-0.14921208,-3.1125116,-0.008452023,-0.5402314,0.91711146,-0.05539965,-0.035585847,0.591574,0.6934174,0.7203368,0.08563735,0.026390387,-1.5235777,178,Sequential RNN
0.22580573,-0.54957104,1.857538,-0.1864135,1.1171192,-0.5916833,-0.34254956,1.3363886,3.061843,9.887753,4.22839,2.2171102,-9.614635,-0.97276425,0.2461668,-0.07946998,0.6097319,-9.853635,0.42767772,-6.686568,1.7533108,1.1807891,-0.44594857,-0.015003208,1.1127238,-1.2323574,0.514096,0.5958067,1.1983489,179,Sequential RNN
-0.022488274,-0.32745484,0.46285298,-0.19869277,0.49331903,-0.00014589928,-0.20791197,0.814186,1.7221894,5.8389864,2.137453,0.857698,-4.3538184,-0.42294636,0.20029615,-0.11567649,-0.19160442,-5.427331,0.4517642,-3.311448,0.8528666,0.663938,0.09603942,0.09737801,0.8108359,0.10440962,0.24628736,0.20154944,-0.47253078,180,Sequential RNN
-0.056374017,-0.63024724,0.7401045,-0.33411917,0.8267808,-0.2629303,-0.23677683,1.2840047,2.7670817,8.809421,3.4936726,0.94333225,-7.132747,-0.6318953,0.37082097,-0.24685743,-0.17275444,-8.730903,0.8404467,-5.4677935,1.5061591,0.86283296,0.44596282,0.2267423,1.2740625,-0.10703331,0.4371605,0.32178977,-0.13994363,181,Sequential RNN
0.015787257,-0.2016501,0.028242005,-0.33914593,0.11933556,0.13470721,0.0089803375,0.24937178,3.9261541,4.3669634,1.5672643,0.8306883,-2.9657056,-0.20818274,0.3477078,-0.10004964,-0.12660782,-2.3829687,0.4227244,-2.3401825,1.0717105,0.5074034,0.033102553,0.19520164,0.36482757,-2.0379388,0.19714649,0.5774224,-3.2623088,182,Sequential RNN
-1.65652,-1.3627144,-6.2904177,-0.94562656,-0.67054415,-3.0876303,-0.4078566,1.8043135,8.2711735,14.020209,9.364457,-1.6236762,-4.326542,-2.3567758,1.1368384,0.4822617,2.0373054,-37.114964,3.1460195,-7.5295596,6.4241943,1.6033987,5.747401,2.273946,2.1529787,-0.4202811,2.196859,1.7232741,6.4084773,183,Sequential RNN
-0.18827525,0.1290926,-1.5391912,-0.12560575,-0.5301138,-0.44125476,-0.00031682948,-0.09963814,2.7668257,2.3652842,0.4718958,0.29222098,0.8811027,-0.0022780432,0.34079182,-0.05505604,-0.17631568,-2.5260882,0.3848238,-1.2214657,1.2464283,0.409177,0.015976697,0.6392744,0.30267805,-1.2869979,0.48420012,0.30925614,-1.8464308,184,Sequential RNN
0.031085653,-0.5294303,0.29509816,-0.23441918,0.7768839,-0.74457073,-0.0989928,1.1949944,1.665623,8.153572,3.2039533,-1.95846,-5.8028526,1.2491864,-0.5870575,-0.20576479,-0.074996345,-5.5768824,1.5454937,-5.887912,1.5031703,0.33671978,1.96611,-0.57624644,-0.3649326,-0.278469,0.27693236,0.3331165,1.3890473,185,Sequential RNN
-0.036193702,-0.15809202,-0.6945414,-0.1595193,0.006749767,-0.13509806,-0.033812273,0.40875173,2.2526708,4.992074,1.7240273,0.15832032,-2.1477606,0.8264785,-0.04788958,-0.029649455,-0.6456718,-2.420068,0.879264,-2.9271395,0.996588,0.6382138,0.14627255,-0.018872283,-0.06372061,0.053520024,0.21040623,0.27517325,-3.0504816,186,Sequential RNN
-0.08685133,-0.019925106,-1.7241995,0.0194487,-0.4769336,0.74826735,-0.018987428,0.19327462,-0.32559466,2.5556254,0.19383694,-1.0712267,1.859132,1.6243367,-0.8346973,-0.044081155,-0.37420872,-1.2295738,0.36840525,-1.7746502,0.61234385,-0.2241978,0.98276293,-0.003056461,0.06423121,1.9923275,-0.3380228,-0.19772004,-1.4700662,187,Sequential RNN
-0.24836557,-0.07723154,-1.4464284,0.025414275,-0.6312795,-0.4055955,-0.009281906,0.15050359,0.9889279,2.1278222,-0.4558482,-0.84676707,2.3989882,0.05068853,0.1470069,-0.01880222,-0.049315166,-0.4415163,0.20988674,-1.7952584,0.866315,-0.09647992,0.7938892,0.32236832,0.3294545,-0.35332054,0.032285973,-0.011561031,-0.55650014,188,Sequential RNN
0.22561295,-0.1860835,1.2489955,-0.23901288,0.47823763,-0.2349455,-0.006917088,0.26675433,4.953384,5.442054,2.1237566,1.4120302,-5.224394,-0.21314329,0.36867222,-0.06629569,-0.80000746,0.017974397,0.34892416,-3.756704,1.1641568,0.45531455,-0.84469396,-0.4279496,0.09473412,-2.9868155,0.24492455,0.58767784,-3.4462419,189,Sequential RNN
-0.11763314,-0.33978242,0.18162747,0.6224992,1.1220173,-1.3368974,-0.20031288,1.5673778,-3.4127066,11.960236,4.8189054,0.84898704,-7.7036185,1.7486781,-0.4596381,-0.21941452,-0.87292427,-7.5094123,0.9646637,-9.188096,1.9773316,0.6201819,-0.16816688,-0.6172529,0.78218,5.811666,0.20698285,-0.7712983,0.68382037,190,Sequential RNN
-0.33561152,-0.05050166,-1.7719183,0.1317914,-0.63459754,-0.6940677,-0.068083555,0.18557546,0.95217514,2.0195158,0.25794908,0.51534283,1.794453,0.2173235,0.27269223,0.053955995,-0.4446244,-2.299201,0.26185322,-0.96205395,1.0524737,0.49817857,-0.14171211,0.7844001,0.4381937,0.69722456,0.26624584,0.00470405,-2.0016763,191,Sequential RNN
0.07430753,-0.14635968,0.20595634,0.08185561,0.43712983,-0.30755916,-0.22541267,0.91113305,1.1549563,6.475594,2.6180499,1.1327919,-4.4335303,0.5572989,-0.6646352,-0.028468734,-0.20173813,-5.798952,0.40060467,-3.996284,1.0908937,0.80549884,-0.37545702,-0.04454338,0.7974013,0.69924504,0.17761222,0.10960675,-0.5069953,192,Sequential RNN
0.18061845,-0.12548295,0.5872936,0.16226809,0.75471026,-0.36154065,-0.18733619,0.97312444,0.76975983,8.812914,3.6333675,1.2372895,-6.7411795,1.4684702,-0.9707001,-0.1279775,0.079675816,-5.095127,0.44889024,-6.034029,1.284187,0.8392064,-0.4112134,-0.39262024,0.84669214,0.8139405,0.19470146,0.031376306,-1.6712792,193,Sequential RNN
-0.2751994,0.1648125,-8.76933,0.7341356,-2.6478515,-4.070368,-1.6003906,2.513115,5.328376,16.335943,6.664029,5.8576183,-0.4019374,10.154398,-5.1126127,-0.0907273,4.1955614,-46.686848,1.635116,-7.2211175,10.119303,3.409719,-0.28676945,8.946439,8.149176,6.7633815,1.5537257,0.7716182,-15.133315,194,Sequential RNN
0.11847374,-0.09558896,0.20008062,-0.051981777,0.21442872,0.12808056,-0.17617546,0.6622774,1.9414403,5.185384,1.967289,1.5781608,-3.621475,0.01958389,0.08596139,-0.052952558,-0.59444666,-4.046884,0.2587614,-2.8228815,1.0021436,0.92798305,-0.60365343,0.25059184,0.8963897,0.4248107,0.19832332,0.11586886,-3.1099937,195,Sequential RNN
0.5382974,-0.4664962,1.1403334,0.090604685,1.2447727,-0.7177945,-0.4827486,2.1690416,1.8500876,15.748642,7.208714,4.696866,-13.605071,1.3251896,-0.03880676,-0.27614203,-0.8401194,-13.754414,0.8119119,-10.404137,3.241965,1.7614806,-2.0265248,0.2988369,2.6314046,3.2434435,0.6846364,-0.25926927,-4.8147054,196,Sequential RNN
-0.40008703,0.15327428,-1.8363879,0.0017560441,-0.8367181,-0.38884804,0.108546965,-0.32510716,1.1363508,1.7628224,-0.6917215,0.10398339,3.5189652,-0.37756044,0.43687338,-0.01029111,-0.7318523,-0.81980586,-0.07179559,-1.1535594,0.5203259,0.41078463,0.04789804,0.62843126,0.17428866,-0.04649261,-0.011711072,0.02184382,-0.32420656,197,Sequential RNN
0.255228,-0.3385742,0.4201905,-0.12232784,0.3954251,-0.06386528,-0.49391016,1.341673,1.2237087,6.064506,2.5780194,1.9260881,-4.849807,0.3183361,0.29010978,-0.2094378,0.35816327,-6.0101066,0.23864298,-3.442924,1.2754619,1.1908517,-0.5557478,0.5306471,1.2529306,0.5383235,0.49693,0.18115167,-3.789687,198,Sequential RNN
-0.2727184,0.08448833,-1.9057239,-0.0068119247,-0.9257933,-0.25427404,-0.019846663,-0.2003879,0.8476877,0.8043748,-1.1206485,0.048720572,4.283082,0.10097949,0.20935342,-0.02978163,-0.36769155,-0.7804875,-0.093011186,-0.50238276,0.33779162,0.3328775,0.04548668,0.72745526,0.24662304,-0.16011678,0.10602757,-0.023845144,-0.5114268,199,Sequential RNN
0.85607415,-1.2585675,3.1369996,-0.37604508,1.8821286,-0.67453706,-1.4069463,4.604605,-1.4532821,12.538785,5.797148,2.7839165,-14.126885,1.9668007,0.044336986,-0.7275804,1.2418053,-15.553085,0.54021424,-8.378263,3.2900786,1.6996548,-0.12644961,1.2454923,3.0237916,4.4143796,0.9169319,-0.15613979,-4.7453613,200,Sequential RNN
0.3645753,-2.1759238,0.7074576,-0.55449784,1.534549,-1.8293746,-2.8290405,8.487377,-10.525589,12.345447,6.9293046,6.682662,-11.57755,3.4426346,0.029482769,-1.3807764,4.359084,-41.505222,-0.14473063,-6.8707433,8.074227,2.137977,-0.9126627,6.0518804,5.5658445,15.818012,1.318184,-1.0755166,-1.4670715,201,Sequential RNN
-0.23278713,0.021451112,-2.4356143,-0.01710593,-0.91990596,0.5520756,0.09653754,-0.5430354,2.2494059,1.7425808,-0.8127781,0.8992493,3.8238342,1.1087407,-1.2173051,0.09638896,-0.2533817,-2.3569381,-0.15413786,-1.130135,0.22378261,0.11423437,-0.8035773,0.2724763,-0.045035023,-1.5808324,-0.13929124,0.16968308,2.27142,202,Sequential RNN
0.6993042,-0.45102692,2.6677964,-0.23470989,1.2317561,-0.7844792,-0.3953769,1.165946,2.4304442,8.812252,3.9545805,2.832501,-10.148921,-1.1743575,0.10073573,0.15955463,0.84650224,-7.215009,0.6710616,-5.97787,1.4181852,0.8455412,-1.5243137,-0.33597678,0.92460257,-1.581867,0.5414894,0.42929432,1.0923611,203,Sequential RNN
-1.190849,-1.0730146,-4.226573,-1.0539712,-2.0902088,-6.58643,0.06277365,1.5666089,7.4490805,5.9437327,6.8664093,12.36782,-1.5522614,-6.6372743,1.3065133,1.2318343,8.027931,-56.775635,2.799246,-0.28722292,10.016511,1.7054763,-6.020613,8.728732,3.5312626,-3.0166786,3.1133142,1.2646548,15.52883,204,Sequential RNN
0.026221136,-0.022200221,-1.0025685,-0.1402461,-0.3618757,0.25170207,0.02112432,-0.092272654,4.13913,5.578251,1.457719,0.17521882,-1.678444,-0.9824857,0.22608192,0.23041014,0.026886897,-3.7490344,0.9598531,-3.1978261,0.6973894,0.72008103,0.43266955,0.08426013,0.40013722,-2.411182,0.36332187,0.48564178,-1.6379639,205,Sequential RNN
0.6008995,-0.31984922,1.6656214,-0.3793548,1.1305591,-2.0961318,-0.58219993,1.6701211,3.2594843,12.508467,6.79472,0.8019473,-12.335627,-0.9062972,0.69625324,0.21363056,0.6974629,-12.631438,1.398484,-8.47214,2.27003,1.2882789,0.9959418,0.06991219,1.4733546,-0.36930782,1.4636283,0.6831147,-0.5895648,206,Sequential RNN
-0.4542794,0.09044074,-3.037066,-0.009520943,-1.2461833,0.32718694,0.25759774,-0.43871436,1.652492,2.0195136,-0.47655547,0.39580405,4.5766306,0.91066986,-0.8823523,0.031443853,-0.083917186,-3.7555456,0.11050135,-1.1571954,0.54964787,0.2692029,-0.29060495,0.5981557,0.33865285,-0.5404634,0.090389244,0.13330147,1.0207677,207,Sequential RNN
0.40167165,-0.18228018,1.0026118,-0.109814554,0.79471785,-0.79490787,-0.3176218,0.9721109,1.0970289,7.6497197,2.897121,0.58496255,-6.4772477,0.94993395,-0.63520503,0.010234477,0.14066078,-4.9906607,0.5509915,-5.3392706,1.1357197,0.6376132,-0.07311435,-0.19719085,0.33362323,0.059562493,0.38054442,0.21824153,0.30024412,208,Sequential RNN
-0.14294457,-0.1170067,-1.2845927,-0.038366813,-0.12476495,-0.70686364,-0.16298856,0.58393335,-0.023426913,4.7602983,1.2902226,0.79457784,-0.8261028,0.8926203,-0.46938097,-0.02682864,0.5669677,-4.7412696,0.40260395,-2.9517312,1.1710707,0.5409012,-0.37967122,0.69619507,0.6039885,0.76952666,0.37898672,0.07351981,-0.529473,209,Sequential RNN
0.65070266,-0.6202709,2.515384,-0.38154635,1.8878795,-0.9351604,-0.48507077,2.9528558,-1.8134701,13.111791,4.8578525,1.2350814,-12.151137,2.678029,-1.6697875,-0.07581857,1.358795,-12.978058,0.3299534,-10.221878,2.8122866,0.5654693,-0.1575792,-0.051052846,0.5797825,3.200519,0.15595351,-0.055782504,3.704277,210,Sequential RNN
0.18814377,-0.25852144,0.6413553,-0.2455469,0.6959958,-0.3607786,-0.13356867,1.3004487,0.40391967,7.650421,2.5456374,0.956232,-5.4681063,1.3967631,-0.64468914,-0.08547904,0.69275683,-5.579457,0.19779702,-5.513403,1.3968205,0.52558285,-0.37076157,0.0846485,0.34923682,0.5183944,0.20805259,0.12547241,-0.21736765,211,Sequential RNN
0.7747309,-0.6324983,3.8339345,-0.58697075,2.3301463,-1.208123,-0.11340525,2.9023874,1.6874611,17.362314,6.387429,3.5736454,-17.104153,2.912542,-0.79653275,-0.44168243,1.4334066,-10.511905,0.22304395,-13.342687,2.777377,1.3637854,-1.7802407,0.14232887,0.97406346,0.4858866,0.5607951,0.42083293,-2.627914,212,Sequential RNN
0.16062608,-0.20761946,0.8478948,-0.28843376,0.69136965,-0.275135,-0.06622506,1.1598725,1.2699666,7.4758906,2.8573265,1.0339841,-5.8997707,1.0393474,-0.594734,-0.07716741,0.63855296,-6.203817,0.23591255,-5.085764,1.2001114,0.6743917,-0.27669898,0.036904205,0.5220002,-0.078547426,0.27134287,0.28090462,-0.34248635,213,Sequential RNN
0.086323574,-0.101950325,0.21855296,-0.14282666,0.25407884,1.4390659,0.1631043,0.06477804,3.07366,7.9046454,1.5281571,3.170838,-4.1947665,-0.9471827,0.10732995,-0.24401577,-0.215487,-5.278533,0.008081837,-5.6370068,1.468249,1.022551,-1.9485141,0.21994048,0.23768061,-0.9682718,-0.18255861,0.2696703,-0.37559417,214,Sequential RNN
-0.23964745,-0.058820475,-0.86752963,-0.0767854,-0.25445622,-0.43705633,0.047396068,-0.1221285,2.2859013,2.9697225,0.47203442,0.8365363,-0.053064905,-0.29575136,0.17838491,-0.09123268,0.22008525,-3.3254578,0.14720123,-1.8080488,0.767843,0.59699047,-0.4463057,0.69398713,0.2939616,-1.265129,0.35122567,0.38558003,0.09456448,215,Sequential RNN
-0.053160947,-0.47606656,1.2758071,0.04561608,1.2305237,-1.0878112,-0.09338708,1.065681,-0.12416847,10.971805,4.4298644,1.451532,-8.63255,-0.19535328,0.032815117,-0.15703288,0.7113064,-8.38834,0.9192286,-8.191009,1.4770678,0.66086704,-0.7552858,-0.39696914,0.72595096,1.0480675,0.49199447,0.1611739,2.8518333,216,Sequential RNN
-0.33405736,-0.12615451,-1.5787066,-0.098272204,-0.5738862,-0.5290071,0.069846295,-0.10634678,1.7813625,2.4564357,0.25864226,1.0011404,1.4421747,-0.6111417,0.47638628,-0.11710234,0.44431922,-3.4092596,0.08204572,-1.4799694,0.8625915,0.49028426,-0.51111555,0.8820912,0.39986172,-1.0416577,0.40978304,0.31051737,0.14919466,217,Sequential RNN
-0.26568654,-1.9372876,3.058318,-0.39472952,2.8991697,-2.5713363,-0.38566417,3.8261821,-2.3414152,22.23598,11.682557,9.776361,-20.384716,-1.1001301,0.85782343,-0.74792296,2.860767,-28.842283,0.9969756,-16.520784,5.514322,1.5030249,-6.002155,0.64477956,2.8629987,5.66008,1.1456637,-0.025207244,6.9943156,218,Sequential RNN
-0.06304858,-0.6287021,0.70910996,-0.21361639,0.8781611,-0.7633394,-0.14451449,1.2779506,0.9521094,9.182647,4.092133,3.293924,-7.1476226,-0.30650967,0.34744915,-0.20830923,0.6920622,-8.666897,0.44840845,-6.3653693,1.8503286,0.70098007,-1.9607241,0.015524484,1.0066382,0.50537926,0.3489575,0.2242928,0.94259685,219,Sequential RNN
-0.33911437,-0.0057709357,-1.7526526,-0.069851525,-0.6274442,-0.37447578,0.041989416,-0.2679599,1.7490453,2.465834,0.5021614,0.7259673,1.4950341,-0.3475873,0.44069737,-0.08759984,0.32217672,-4.164402,0.41680253,-1.2605067,0.93478703,0.5116097,-0.14282052,0.8091349,0.39757004,-0.43498936,0.2573722,0.3180818,-0.5130884,220,Sequential RNN
-0.118571974,-0.17005719,0.09940043,-0.101234764,0.49086097,-0.64730704,-0.1675825,0.5931373,1.2144636,6.785295,3.482214,0.93609565,-4.894241,1.2377838,-0.4801382,-0.051843345,0.39341417,-8.093365,0.6991195,-4.234209,1.6119035,0.6819813,0.14032272,0.16886242,0.75001526,0.9540884,0.23038341,0.35217357,-0.8629651,221,Sequential RNN
0.09085006,-0.11403197,-0.21123561,-0.12401493,0.24723683,-0.6031042,-0.16824633,0.55382067,1.2226497,5.6978583,2.1448145,1.0188198,-3.4518495,0.8131597,0.09318484,-0.21051067,0.0023498172,-5.5442424,0.32557383,-3.562287,1.1962855,0.70336926,-0.23132485,0.43449038,0.7207975,0.6770545,0.32090196,0.29972818,-1.3420979,222,Sequential RNN
0.37955943,-0.74190426,0.14824279,-0.10382779,1.6113656,-2.551137,-0.98974794,3.3067684,-3.5216339,16.99433,9.177417,4.004227,-14.088276,3.229439,0.9148765,-0.50876606,-0.9076994,-19.603619,1.0323908,-11.587134,4.4477816,1.8932309,-0.8733162,1.1110815,2.791665,11.720539,0.9002732,-0.32126495,-6.86486,223,Sequential RNN
0.14125638,-0.26919496,-0.10396111,-0.15224949,0.44077587,-0.6935495,-0.27107653,1.0095403,0.6479286,7.443299,3.5726852,2.481643,-5.5176363,0.84341544,0.5591053,-0.27150047,-0.7708996,-8.286612,0.24992065,-4.5899963,1.8989202,0.97890806,-0.9603984,0.52391464,1.2961075,3.0700345,0.4068473,0.034026776,-2.7112536,224,Sequential RNN
0.034676097,-0.08484241,0.34983042,-0.07111589,0.37264335,-0.3757095,-0.16054647,0.5309628,0.89083564,4.710251,1.7978448,1.0837575,-3.4967139,0.5633852,0.008490656,-0.24106863,-0.46445805,-4.275044,0.10281987,-2.7616289,0.9045469,0.4181511,-0.44514394,0.32130337,0.7079391,0.97224927,0.3064931,0.0994693,-0.79937744,225,Sequential RNN
-2.0797095,0.8882346,-11.515669,-0.8188048,-3.8638017,-4.763711,-1.1691983,-0.47243527,5.477397,12.965949,11.37176,14.62548,1.5797004,5.0798264,0.22326916,-0.5499119,-0.3683921,-69.77881,-0.62437487,-0.5359141,11.952984,1.6998225,-4.71542,12.966219,11.261347,19.423792,4.3737884,1.5146867,-13.1481085,226,Sequential RNN
0.12881671,-0.2378431,0.92152333,-0.11057044,0.8164549,-0.56872946,-0.1466614,0.86996573,1.0598185,8.95223,3.5426724,1.0312159,-7.208684,0.6575924,0.10168091,-0.25377482,-0.314153,-5.5683603,0.29471582,-6.0206585,1.1910142,0.484172,-0.0015474953,0.06244627,0.942498,1.4353133,0.4755607,0.16597237,-1.7026814,227,Sequential RNN
0.10506146,-0.044547234,0.48361123,-0.18336995,0.49606115,-0.32767415,-0.15551172,0.78394365,0.7475308,5.2106376,2.0157797,0.9869654,-4.012509,-0.08235894,0.0026891236,-0.09329337,-0.55891246,-4.6306944,0.049023315,-3.2196062,0.9627267,0.45145893,-0.2682475,0.013137965,0.5104417,1.2213948,0.15755963,0.046652216,0.3320486,228,Sequential RNN
-0.10934499,-0.28866652,-0.3908594,-0.9513771,0.71147585,-3.299542,-0.86286575,3.6010585,5.059394,13.247442,6.004759,3.2105563,-10.406421,1.8509942,-1.3286109,-0.61856234,0.6866797,-29.003605,0.3279813,-8.321584,5.6649384,0.5090528,-0.02372956,3.567832,2.5869534,2.987445,0.7315503,1.5156465,4.3414097,229,Sequential RNN
-0.29118046,-0.16712958,-1.4562771,-0.06603325,-0.14978844,-0.734132,-0.15502647,0.7977714,-0.606298,4.2782583,1.26582,0.50081986,-0.27536306,0.5661161,-0.1645144,-0.09549567,-0.0582691,-5.1604013,0.27703786,-2.5980341,1.2306293,0.352401,0.0017182096,0.69461304,0.44278643,2.1587954,0.26306856,0.012999712,0.1351075,230,Sequential RNN
-0.012368086,-0.24807535,0.21451038,-0.24918094,0.3322705,-0.27103612,-0.17965057,0.9435786,0.9475995,4.6765966,2.06696,1.4399213,-3.3690078,1.1436397,-0.111448206,-0.0053497977,-0.7126873,-1.7752312,0.16776061,-2.523411,1.0665332,0.5451293,-0.6036496,0.06505935,0.2171265,1.8094288,0.15083393,0.061276037,-4.7871284,231,Sequential RNN
0.064098455,-0.3448047,0.8957596,-0.22301511,0.766739,-0.6446293,-0.18375579,1.1950426,1.3024118,7.7373757,3.0761037,1.9666628,-6.309438,0.43210047,-0.36499316,-0.18217981,-0.044163223,-6.8309884,0.30346417,-5.1045117,1.4234824,0.74221396,-0.90124595,0.06300292,0.5740967,0.6784114,0.2891612,0.1874073,0.4361907,232,Sequential RNN
11.696954,2.3393884,81.7616,-1.8539087,19.03059,-2.748343,-0.75094324,3.6021094,11.332237,15.661785,-36.133778,-10.303469,-101.54735,-35.15845,-8.343495,-2.5847106,40.004807,-167.2669,6.2766647,-9.73053,2.1653879,0.7567229,20.700058,37.054924,7.648906,-22.403833,5.4676895,12.874667,121.451225,233,Sequential RNN
-0.05984965,-0.104879625,0.3406273,-0.034709845,0.43432593,-0.9012048,-0.27133045,0.7347539,1.8666643,7.102102,2.762548,1.309332,-5.025972,1.1384046,-0.30830222,-0.31550708,0.1032173,-6.720498,0.3525486,-4.660276,1.6415826,0.40302512,-0.41685057,0.57020605,0.6536902,0.17671414,0.57689404,0.30512762,-0.6523829,234,Sequential RNN
0.24810642,0.017778855,1.43025,-0.24874048,0.7709246,-1.0083559,-0.14020243,0.67386794,3.1553235,8.605228,3.211746,1.1251478,-7.483299,0.4554846,-0.510079,-0.29735267,0.90358853,-6.9653845,0.45355827,-6.123998,1.7094105,0.633218,-0.30105868,0.40046173,0.6368977,-2.0060391,0.5840819,0.7162868,0.35314852,235,Sequential RNN
0.95479214,-0.020504255,4.3545084,-0.7537862,2.4323554,-3.0173368,-0.42820236,2.0146954,6.613531,22.313513,10.602045,4.342632,-22.538504,-2.1966655,1.8971713,-1.0630348,2.4438515,-18.727854,1.6502783,-17.01761,5.1729617,1.7196779,-1.5436302,1.0547988,2.0610175,-2.9459193,1.6717743,1.5246996,-1.5712562,236,Sequential RNN
0.23400797,-0.067994624,0.85368294,-0.3239669,0.7266379,-0.76216996,-0.11056997,0.7703562,1.5402607,8.0039625,3.5834758,1.5105551,-6.6046405,-0.5566185,0.23120381,-0.19306721,0.28108713,-6.7476144,0.511956,-5.5007396,1.569101,0.6757057,-0.5727484,0.094789766,0.895621,0.10010742,0.4404839,0.41435087,0.002783886,237,Sequential RNN
0.31742883,-0.2675947,1.6880082,-0.27750313,1.8828493,-1.865278,-0.29353702,2.4235153,-0.81681746,15.004144,7.4141974,1.946716,-13.672274,-0.7380338,0.19686575,-0.23890813,-0.3709656,-11.256393,0.7320999,-11.289641,2.7528958,1.1886867,-0.47545785,-0.64019316,1.8482761,4.112787,0.6079409,-0.23541945,1.3216058,238,Sequential RNN
0.3073448,-0.30477667,0.7885739,-0.37374592,1.5571655,-2.1522856,-0.51090676,2.366887,0.6892634,13.476084,7.5303025,2.4355333,-12.256864,-0.733209,0.27690047,-0.08697508,-0.42828214,-13.75038,0.58673024,-9.36021,3.0786846,1.0616279,-0.7292245,-0.3652676,2.1591032,3.2736633,0.70850176,-0.090444036,1.8462063,239,Sequential RNN
0.17491302,-0.8258648,-0.1873533,-1.079674,2.0081174,-3.725013,-0.76306546,3.8112411,2.6730983,19.761505,13.238548,4.8870683,-18.094217,-1.3899674,0.8170151,0.055349734,0.31121638,-29.143053,0.95083266,-12.996307,6.2981777,1.519717,-0.81517905,0.40726852,4.860776,5.3823204,1.4964736,-0.035942663,1.4019961,240,Sequential RNN
0.062208742,-0.16438796,0.44983122,-0.21846639,0.4548331,-0.14483884,-0.04635868,0.43502045,2.47205,5.0250936,2.4215643,1.9785179,-4.3151264,0.46300527,-0.25704885,-0.107621215,-0.7180609,-1.5331901,0.34391934,-3.0203454,1.0746576,0.6282272,-1.2507378,-0.25148064,0.6179349,-0.06381691,0.16319367,0.42125273,-3.9198296,241,Sequential RNN
0.054842968,-0.08259812,0.3645931,-0.19615117,0.2544329,-0.42267725,0.02103867,0.12478366,3.313276,4.3041472,1.6915351,1.1929204,-3.4135933,0.17513138,0.18305746,-0.07500176,-0.21484563,0.42981997,0.27526456,-2.8053372,0.89960504,0.5147202,-0.63446414,-0.03618133,0.44545227,-1.8739009,0.30051148,0.5075749,-4.297957,242,Sequential RNN
0.125089,-0.81809884,0.9465228,-0.43343207,1.2465885,-2.7525563,-0.15393959,1.4654343,8.488742,18.589493,6.485187,4.2596326,-14.396209,2.692566,-2.4692585,-0.7936265,4.122532,-18.112417,1.0678182,-14.373397,4.846946,1.0671178,-1.7196248,2.0426934,2.4444444,-7.30151,1.0973247,2.2007995,1.1351403,243,Sequential RNN
0.12218754,-0.42246237,0.4192644,-0.23025534,0.45175645,-0.17912652,-0.12436745,0.50974095,1.9398001,6.5080085,2.4257348,2.5568023,-4.541149,-0.26792812,-0.45530054,-0.19644816,1.0425688,-6.7262406,0.13061863,-4.333759,1.257674,0.778697,-1.439071,0.2522913,0.816801,-1.0789049,0.4126296,0.40174317,0.96869457,244,Sequential RNN
0.20406528,-0.49590117,0.4707032,-0.22866386,0.63438046,-0.75956607,-0.09504757,0.5750325,2.3166428,9.03071,3.125579,2.7005973,-6.353686,-0.2600874,-0.43092752,-0.2825192,1.4218742,-8.536401,0.36996862,-6.5114837,1.723645,0.7848555,-1.481537,0.46551344,0.89223504,-1.5630323,0.59405565,0.43825692,2.2507374,245,Sequential RNN
0.27392337,-0.8501645,0.9889139,-0.3156589,1.166974,-1.3853959,-0.2754909,1.4662143,1.7569304,12.596296,4.9161015,2.732997,-9.715108,-0.98989296,-0.2716715,-0.39042842,2.2924137,-14.193573,0.5259599,-9.515392,2.4673169,0.89810944,-1.0527362,0.45717832,1.2494849,-1.1097432,0.8045093,0.45218122,6.019751,246,Sequential RNN
-0.32822597,0.06325145,-1.514514,-0.02097371,-0.7242865,-0.40767837,0.036353577,-0.24232197,2.035157,1.426695,-0.1249971,0.17293534,2.2035375,-0.44168037,0.54070944,-0.042729598,0.17436418,-1.634945,0.08803071,-0.86701125,0.6317497,0.31533116,0.14995745,0.679262,0.29235446,-1.1481936,0.24387541,0.23686129,-0.79286826,247,Sequential RNN
0.19874886,-0.36029702,0.45247042,-0.15600175,0.45490268,-0.57433707,-0.16936012,0.6883635,1.1052184,6.1198735,2.1588426,1.5609436,-4.3762946,-0.47842455,0.20174262,-0.13253987,0.31613052,-5.7368374,0.18558984,-4.119758,1.167377,0.6310005,-0.663267,0.21491645,0.61335325,0.02454674,0.35412422,0.21981497,1.0991578,248,Sequential RNN
-0.32770106,0.10940663,-1.9286289,0.022354582,-0.9788309,-0.3049346,0.04594969,-0.33087957,1.4241959,0.7413725,-0.6704297,-0.055991385,3.741225,-0.14639135,0.3138528,-0.01296745,-0.04492902,-1.7456305,0.040806994,-0.443618,0.6947798,0.18165934,0.2733629,0.7778155,0.31318572,-0.5753798,0.13753237,0.12983085,-0.38101825,249,Sequential RNN
