Day,Actual_Returns,N_Assets,VaR_1_percent,Violation_1_percent,VaR_5_percent,Violation_5_percent,VaR_10_percent,Violation_10_percent
1,0.002599346474818119,30,-0.009238816142138385,false,-0.006433477297744076,false,-0.00493796154032409,false
2,0.0020756466857293292,30,-0.009152249449238972,false,-0.00637182484193112,false,-0.004889590772112385,false
3,-0.0005830050813855125,30,-0.009105457450686309,false,-0.006342403416567906,false,-0.004869429535040559,false
4,-0.00017894863615442982,30,-0.00908696483837773,false,-0.006328526937803439,false,-0.004858013899987493,false
5,0.004301252040132645,30,-0.008993995932320852,false,-0.00626663518274672,false,-0.004812689259134937,false
6,0.0021113642212209865,30,-0.009097350041320933,false,-0.006337987762075499,false,-0.004866981941410422,false
7,0.0009266234440050156,30,-0.009008774085105167,false,-0.006275259058267003,false,-0.004818032312218286,false
8,0.0012142462018210985,30,-0.008966846135130607,false,-0.006244948277000391,false,-0.004793914600603155,false
9,0.0013761183036484893,30,-0.008885577157459868,false,-0.006187734708187259,false,-0.004749524881240373,false
10,0.000732002761018092,30,-0.008827155130976157,false,-0.006146971126531834,false,-0.004718174951181796,false
11,-0.0007148197999833261,30,-0.008809992492664096,false,-0.006135586966708644,false,-0.004709871276859061,false
12,0.0003702160151077559,30,-0.008750011636255654,false,-0.0060926404112134165,false,-0.004676005644149063,false
13,0.0014412795769587563,30,-0.008741059485327619,false,-0.006087183176217925,false,-0.004672411535905059,false
14,-0.001957352590342207,30,-0.008775505451470055,false,-0.006112389938442208,false,-0.004692692912708173,false
15,-0.00020623202593086318,30,-0.008848115288109656,false,-0.006164761252980578,false,-0.004734275146002486,false
16,-0.003433327670970111,30,-0.008801759189931016,false,-0.006131600168603402,false,-0.004708148274657683,false
17,-0.0002633573630235926,30,-0.008960096004911006,false,-0.006243286827214299,false,-0.004794965907526647,false
18,0.003785872963760416,30,-0.008915364662504368,false,-0.006212408933907295,false,-0.0047714732366730805,false
19,-0.00014733893979141047,30,-0.009021103892856215,false,-0.006295976334105484,false,-0.004843220916258234,false
20,0.001097825005556858,30,-0.00907327731354031,false,-0.0063348261759838,false,-0.0048749680075761016,false
21,0.0033510768377507747,30,-0.008938279994288223,false,-0.006225063005445328,false,-0.004778657068343553,false
22,-0.0015407447640307336,30,-0.008880701121371782,false,-0.006185060595753899,false,-0.004748024606159625,false
23,-0.0007259938865507496,30,-0.008832874815860217,false,-0.006150167112866199,false,-0.004720025563157699,false
24,-0.005579649895626179,30,-0.008736707274201241,false,-0.00607414861532836,false,-0.004654748446483824,true
25,0.0055508245763415025,30,-0.009201217987248007,false,-0.006406184403572815,false,-0.004916162342509887,false
26,-0.0005264946453280817,30,-0.009537769211389508,false,-0.006649469451479785,false,-0.005109727536976777,false
27,0.004184454510357584,30,-0.009283683800744914,false,-0.006467397270647837,false,-0.004966045342489161,false
28,0.002197038537804334,30,-0.00938975184619079,false,-0.006546801377536057,false,-0.005031235002396211,false
29,0.005262185644485115,30,-0.009163357585900476,false,-0.006374577119762501,false,-0.004887888572520406,false
30,0.0013761646595297373,30,-0.00954162520201041,false,-0.0066445368244968505,false,-0.005100109730469542,false
31,-0.0015586554811171309,30,-0.009542981357578943,false,-0.006649286737457647,false,-0.005106668842938318,false
32,-0.0003763667350723694,30,-0.009474778676172522,false,-0.006601869043423965,false,-0.005070331548762862,false
33,-0.0036963584855638208,30,-0.009556167589603043,false,-0.006662412062274745,false,-0.005119761698348737,false
34,-0.005019098627425826,30,-0.009614210346781473,false,-0.006704953918977893,false,-0.005154040082366113,false
35,0.0011500581348592215,30,-0.00971308569831624,false,-0.00677136924486401,false,-0.005203151088689974,false
36,0.003976994859797891,30,-0.009574185907636026,false,-0.006673620741516938,false,-0.0051273401843490995,false
37,0.003060115241754023,30,-0.009596050296896617,false,-0.006688069884030367,false,-0.005137836286260072,false
38,-0.0007497530049014545,30,-0.0094646744081983,false,-0.006592313350422646,false,-0.005061068299049718,false
39,0.001964755513880577,30,-0.009337734361648906,false,-0.006502198798205954,false,-0.004990585281597317,false
40,-0.0018188289491207477,30,-0.009240898195878392,false,-0.006434351314769012,false,-0.004938191557446291,false
41,0.002609963204284856,30,-0.00927206773438951,false,-0.006457591630250836,false,-0.004957204833471509,false
42,0.005344596250900479,30,-0.009464361841775877,false,-0.00660146229769271,false,-0.005075261144259041,false
43,-0.0033703246126790634,30,-0.009729436461833088,false,-0.006786232925351759,false,-0.005217222010717527,false
44,-0.0007099006864686545,30,-0.009779951479536638,false,-0.006821404732468358,false,-0.005244214409044329,false
45,-0.00038236442121538825,30,-0.009614272835542097,false,-0.006702247884291817,false,-0.005149858158074901,false
46,0.0014124930927462884,30,-0.009496170707728905,false,-0.006617089265380055,false,-0.005082261601858432,false
47,-0.00029552588346215975,30,-0.009326458706586506,false,-0.00649459532174928,false,-0.004984939429967284,false
48,0.0026459924506683544,30,-0.009052345140823996,false,-0.006299502563402388,false,-0.004831972371654898,false
49,0.004064448701957931,30,-0.009025140180455747,false,-0.006281408049178635,false,-0.004818734602559615,false
50,0.00417201831125102,30,-0.009175872550317599,false,-0.006389962780944295,false,-0.004904804591525078,false
51,0.004498879859724598,30,-0.009503929520403773,false,-0.0066199554391516416,false,-0.005082519527934792,false
52,0.002267526149165807,30,-0.009576985850291084,false,-0.006672525187318262,false,-0.005124167955192108,false
53,6.42764659297375e-5,30,-0.009445593560008776,false,-0.006576157346621062,false,-0.0050464715189686175,false
54,-0.0015307163943300787,30,-0.009380251494750382,false,-0.006528636705915506,false,-0.005008451413747997,false
55,0.0028546798670477836,30,-0.009471573881758857,false,-0.006600149066549664,false,-0.005069403122624563,false
56,0.004454796079840554,30,-0.00933783898645827,false,-0.006503431347266519,false,-0.004992419122902567,false
57,-0.0041541855087676265,30,-0.009584606548515116,false,-0.006687615849610207,false,-0.005143240827687734,false
58,-0.007618137672554351,30,-0.009817006865970557,false,-0.006852654408558996,true,-0.005272369082433692,true
59,-0.0020635390507009643,30,-0.010283711955989146,false,-0.0071830226457636525,false,-0.005530056647887157,false
60,-0.011534611492494363,30,-0.01023283566916602,true,-0.00714583047722584,true,-0.00550015943217224,true
61,-0.016076425916105707,30,-0.011507957218172072,true,-0.008062811141226704,true,-0.006226216515596782,true
62,-0.021664227451050642,30,-0.012834497655841525,true,-0.009023090563134993,true,-0.00699124354526946,true
63,-0.0025660726190192646,30,-0.014766216651368852,false,-0.010392843928631412,false,-0.008061415112824061,false
64,-0.008216334128240603,30,-0.01466365561626584,false,-0.010319190480647097,false,-0.008003172192566686,true
65,-0.0018213148352632278,30,-0.014804047000374966,false,-0.010424226106759287,false,-0.008089359794916757,false
66,0.004305423799556903,30,-0.014657648217428845,false,-0.010318910887113565,false,-0.008005946070845975,false
67,0.002965831756088039,30,-0.014567065220813849,false,-0.010251756070435984,false,-0.007951280730202308,false
68,0.00226981294732827,30,-0.014320161312400348,false,-0.010072822582373537,false,-0.007808582021719725,false
69,0.009706065295937318,30,-0.013981070522074986,false,-0.009830798789005895,false,-0.007618304285255612,false
70,0.003298881538208201,30,-0.014486126596330601,false,-0.010191029189063486,false,-0.007901328654293134,false
71,-0.004589937778000434,30,-0.014054838125918482,false,-0.00987959431700524,false,-0.007653787292026002,false
72,-0.0034607996343677294,30,-0.013852922331081596,false,-0.009729308485007658,false,-0.007531025202172966,false
73,-0.0015087990016433403,30,-0.013428907441816632,false,-0.009419333029096193,false,-0.0072818437462049265,false
74,0.00930114494741227,30,-0.012956640561899066,false,-0.009078929524942705,false,-0.0070117361197404495,false
75,0.004436303829342787,30,-0.013452766281999104,false,-0.009439658066638767,false,-0.007300284926636216,false
76,-0.005321106858340086,30,-0.013233620835363967,false,-0.009286259260066793,false,-0.0071819354106012305,false
77,-0.006757712136191343,30,-0.013427735835074138,false,-0.009426824416222203,false,-0.007293953343306774,false
78,-0.0071511619989500525,30,-0.013632822759213892,false,-0.009569005975210132,false,-0.007402600284899446,false
79,-0.0006047956014581548,30,-0.013725985113039324,false,-0.009645623383883382,false,-0.007470397644532924,false
80,0.002580065772536637,30,-0.013463799835560793,false,-0.009456216715235798,false,-0.007319788982952214,false
81,0.00585090717159298,30,-0.013266760306843787,false,-0.00931337554018833,false,-0.007205840749697135,false
82,-0.0021717945161138143,30,-0.013042365544117224,false,-0.009147148655997429,false,-0.00707062294631642,false
83,0.003818079771179945,30,-0.012659309929306086,false,-0.00886939651632136,false,-0.006849007699582986,false
84,0.006411155244953296,30,-0.012260187425697188,false,-0.008581363174443935,false,-0.006620195578764106,false
85,0.004210888313708879,30,-0.012487264827253253,false,-0.008758456221726161,false,-0.00677064215173883,false
86,-0.0025337457300160394,30,-0.01188969032289586,false,-0.008330305828891799,false,-0.006432811125841506,false
87,-0.0010442549443888355,30,-0.011760163203043458,false,-0.008233787120836623,false,-0.006353889079975214,false
88,0.001477450612380077,30,-0.011390613490868368,false,-0.007966116292492768,false,-0.006140529507621849,false
89,-0.007536576971184004,30,-0.011083031071855065,false,-0.007743711684867043,false,-0.005963532876065474,true
90,-0.001043189589012733,30,-0.011819789891527968,false,-0.008283336545125303,false,-0.00639806635200975,false
91,-0.00201609760476627,30,-0.011462198997849796,false,-0.008025853960727468,false,-0.006193951136860938,false
92,-0.007827534955369623,30,-0.011243976906837977,false,-0.007870825730764319,false,-0.0060726113203881365,true
93,-0.012307677406079964,30,-0.011841754714729345,true,-0.00831106149795936,true,-0.006428862008636921,true
94,0.002144294260696131,30,-0.013085758771008668,false,-0.009209859918738107,false,-0.00714363258248627,false
95,0.006235327532439916,30,-0.012731343382020182,false,-0.008961787700662801,false,-0.0069522515153257495,false
96,0.000509132551945124,30,-0.012631714900269658,false,-0.008887932993243806,false,-0.006892136711632825,false
97,0.0020904121072436517,30,-0.012787581812332655,false,-0.008997794672168272,false,-0.006977473171003177,false
98,-0.004815635183655727,30,-0.0125493898365338,false,-0.008828393256279713,false,-0.006844743748058776,false
99,0.00059742875849541,30,-0.012733250360386706,false,-0.008959755787873286,false,-0.006948119794235931,false
100,0.0004422645137838328,30,-0.012668728861498597,false,-0.00891213621375176,false,-0.006909510573665693,false
101,-0.003939949736333825,30,-0.012741009250415181,false,-0.0089520336998941,false,-0.006932144854164747,false
102,0.0018885149373067747,30,-0.012613654764906293,false,-0.008866823441029207,false,-0.0068694015265785184,false
103,0.005266099737762424,30,-0.01237951132495779,false,-0.008698366013735585,false,-0.006735961069574868,false
104,-0.0003119142548873259,30,-0.012316620944678836,false,-0.008649028539151686,false,-0.0066938485988675194,false
105,-0.003456166532583914,30,-0.012008784869214365,false,-0.008427906039905817,false,-0.006518952786239664,false
106,0.0012515255397552087,30,-0.011902048280653258,false,-0.008351884076073712,false,-0.006459304675198016,false
107,0.003448819683960848,30,-0.011594660124536867,false,-0.008126454489372811,false,-0.006277566898583223,false
108,0.0017521430834282973,30,-0.011416656669852894,false,-0.0080044745071212,false,-0.006185452822183025,false
109,-0.0019671480837139587,30,-0.011227867014650545,false,-0.007865946274775054,false,-0.006073718768380407,false
110,-0.005395026535321485,30,-0.011376284177454649,false,-0.007968400585939821,false,-0.006151670453411457,false
111,-0.0009046691555384162,30,-0.011463693636502646,false,-0.008035865296964016,false,-0.006208502693065225,false
112,0.00017422772932959896,30,-0.011160080896534297,false,-0.00781905729587798,false,-0.006037969977075899,false
113,-0.002532387524305168,30,-0.010909600992609318,false,-0.007643938121952089,false,-0.005903025329457062,false
114,0.0021421237368417835,30,-0.010822531680657489,false,-0.007576864781622394,false,-0.005846611767608523,false
115,0.00465192142182311,30,-0.01064352426390624,false,-0.0074496413216937575,false,-0.005746994143447114,false
116,-0.002884208374466847,30,-0.01060955077604476,false,-0.007423007699922801,false,-0.005724273377129488,false
117,-0.002642390230573917,30,-0.010754349774343547,false,-0.007526602710866204,false,-0.005805902694879841,false
118,-0.0029213731320857296,30,-0.01066935155308853,false,-0.007463646656008449,false,-0.005754697237366378,false
119,-0.0007811241085922978,30,-0.010719736388953774,false,-0.007498107473702174,false,-0.005780669019896122,false
120,0.004013747180402948,30,-0.010565914472560726,false,-0.007384426538661501,false,-0.005688387093481709,false
121,0.0015963677696656689,30,-0.010767389789607477,false,-0.007533262346806199,false,-0.005809160974211408,false
122,-0.00243983532214484,30,-0.010516710490498526,false,-0.007354368805924598,false,-0.005668536155413723,false
123,0.0021923847076520697,30,-0.010398928123228035,false,-0.007271142305722345,false,-0.005603731260079321,false
124,0.004621026989682442,30,-0.010477199397816508,false,-0.007330031202760355,false,-0.005652287483365316,false
125,0.0018643350767819072,30,-0.010403389282111035,false,-0.007274631031745951,false,-0.005606701585743852,false
126,-0.005586881552891191,30,-0.010140524629729798,false,-0.007085750992444084,false,-0.0054572624699111465,true
127,0.0016919288437580815,30,-0.010386601999971184,false,-0.007263452804955477,false,-0.005598513525605082,false
128,-0.0002388783917174357,30,-0.010140771933857618,false,-0.0070875789798672435,false,-0.005459933113750087,false
129,-0.00022791427535539993,30,-0.01000442834063748,false,-0.006990720209266065,false,-0.005384123555982355,false
130,-0.0007569598334206655,30,-0.010027979589748192,false,-0.007006716023384553,false,-0.005396091595663677,false
131,-0.005080974557707613,30,-0.009661276297213143,false,-0.006741426400534728,false,-0.0051848652248645275,false
132,0.002866613037411096,30,-0.009850058057535138,false,-0.006879093482496082,false,-0.005295283260930217,false
133,-2.871574313958621e-5,30,-0.01037930675319211,false,-0.007253045164662915,false,-0.0055864466798471926,false
134,0.002859642452420959,30,-0.010403373558187956,false,-0.00726687399093502,false,-0.005594817677545012,false
135,0.005951011328486812,30,-0.010485572440673115,false,-0.007335813465974653,false,-0.005656688611538897,false
136,0.0002515660857715756,30,-0.010672476846504351,false,-0.0074671732227769416,false,-0.0057584377214743585,false
137,0.0025313299771193474,30,-0.010394212837066746,false,-0.007267790600009903,false,-0.005601106474058535,false
138,0.004675109589530665,30,-0.010265940423180693,false,-0.007175705934965447,false,-0.005528313364016894,false
139,-0.000893893346197618,30,-0.010179689520677455,false,-0.007110281349865084,false,-0.005473991211660891,false
140,0.0007107989167862129,30,-0.010087974834775977,false,-0.00704284717658277,false,-0.005419500889811268,false
141,0.002327928009105627,30,-0.009855414066891973,false,-0.006875162159923848,false,-0.005286400896072283,false
142,-0.0033165777678653735,30,-0.00965934793979741,false,-0.006735016580358055,false,-0.0051760663534726435,false
143,-0.00347704822443058,30,-0.009642856554745624,false,-0.006722709311644009,false,-0.005165989621695864,false
144,-0.0048385841893087535,30,-0.009713869858741427,false,-0.006770029359828318,false,-0.00520067888287864,false
145,-0.002197219107860046,30,-0.009757073450183411,false,-0.006803336154072044,false,-0.005228709731156852,false
146,0.00263647362369641,30,-0.009874988006854678,false,-0.006890675898406773,false,-0.0052997501561702015,false
147,-0.0009477031984198147,30,-0.010505405411142667,false,-0.007348581257032893,false,-0.005665689981596077,false
148,-0.00351024779269714,30,-0.010288523195726812,false,-0.00719374544922129,false,-0.0055439308840894985,false
149,0.0001298889762887304,30,-0.010421012388514388,false,-0.007293367368457126,false,-0.00562603138141287,false
150,0.0019795492760885385,30,-0.010266241746372794,false,-0.00718433971608395,false,-0.00554138914762357,false
151,-0.0034085199287748505,30,-0.010063176122892413,false,-0.007036396276473607,false,-0.0054228311402670796,false
152,0.0007150282411454646,30,-0.010099533394882577,false,-0.007058005713416168,false,-0.0054365785609168165,false
153,0.004758632081706324,30,-0.009963039941824346,false,-0.006961970682719538,false,-0.005362111765473844,false
154,0.0065476253426570525,30,-0.010362790054235606,false,-0.007246109192313836,false,-0.005584618157401204,false
155,0.0026456437476419007,30,-0.010817098487059223,false,-0.0075668747162106085,false,-0.005834192450694631,false
156,0.002267375380297333,30,-0.010856531697667848,false,-0.007588825706354515,false,-0.005846823733797828,false
157,0.0018182759596160967,30,-0.010642622845666408,false,-0.007438894074560377,false,-0.005730998121362862,false
158,-0.0009774615243099312,30,-0.010430138973129104,false,-0.007286420005498489,false,-0.005610515056480912,false
159,0.00022825282474321916,30,-0.01038253048908379,false,-0.0072518543927280734,false,-0.005582902550124927,false
160,0.00033309899968619086,30,-0.010194149443514862,false,-0.007119555127085873,false,-0.0054805002738436285,false
161,-0.0003333026011832035,30,-0.009965869243055278,false,-0.006955731957432284,false,-0.0053510389088039425,false
162,-0.0010168860480877038,30,-0.009871854058824191,false,-0.006889395471456935,false,-0.0052994578344499185,false
163,0.002906661808433655,30,-0.00982635518663168,false,-0.006860000372995283,false,-0.005278647598175787,false
164,-0.0014239492595205208,30,-0.009768459222133865,false,-0.006824844494945738,false,-0.005255614376067231,false
165,-0.0020235147429471744,30,-0.009750474993128096,false,-0.006815480409901686,false,-0.005250845657872262,false
166,0.0032112188222755637,30,-0.009903041946498216,false,-0.006920980440049211,false,-0.005331254485410405,false
167,0.0014033095737022061,30,-0.009860202019292885,false,-0.006887506716031001,false,-0.005302773849653717,false
168,1.69047297816635e-5,30,-0.00960561249690725,false,-0.0067037291029929036,false,-0.005156745803465219,false
169,-0.006762935617997083,30,-0.009240849329460447,false,-0.006442819044165348,true,-0.004951199452557469,true
170,-0.006166384253107087,30,-0.009872288566196818,false,-0.006894216168097411,false,-0.005306616792358977,true
171,0.00445611726964904,30,-0.010171429087651902,false,-0.007103788800762091,false,-0.005468441114935357,false
172,-0.003190574828368656,30,-0.010308673196080864,false,-0.0072013775502669086,false,-0.005544889739333468,false
173,0.004682296088039212,30,-0.010807086141501223,false,-0.007551711692174156,false,-0.005816283619020243,false
174,0.0015438203913681143,30,-0.010688093293521857,false,-0.007463609241471373,false,-0.005744648724802627,false
175,0.0010156574520031672,30,-0.01039859000922144,false,-0.007256852698351916,false,-0.005582004163221,false
176,-1.0249005208698037e-5,30,-0.01019697769591484,false,-0.007113849786617639,false,-0.005470245706593995,false
177,-0.002323657100741782,30,-0.010013081085937585,false,-0.0069836028446782095,false,-0.005368599204166978,false
178,0.004229316884390099,30,-0.009915686441979557,false,-0.006914374977633371,false,-0.0053143869416697265,false
179,0.004142120893413284,30,-0.00997789178027866,false,-0.006961182849392685,false,-0.0053529864809915475,false
180,0.001892562011459444,30,-0.010074867175508566,false,-0.007032220024001293,false,-0.0054101960861655035,false
181,0.0026710012604584097,30,-0.009908755241221812,false,-0.006913012339978886,false,-0.005315992884400371,false
182,-0.0010650548552276105,30,-0.009843344091125866,false,-0.006871314709693257,false,-0.005286936843779066,false
183,-0.0020026761725352297,30,-0.00977472016741598,false,-0.0068218692428508865,false,-0.005247715341327194,false
184,-0.002699726190787869,30,-0.00963187477825475,false,-0.006717714669691859,false,-0.0051641866990122616,false
185,-0.0014719687562456077,30,-0.009696222529758854,false,-0.006761605463975906,false,-0.005197171965098673,false
186,-0.002139089729091169,30,-0.009863152105105159,false,-0.0068881348024322,false,-0.005302164086760911,false
187,-0.004268523627936442,30,-0.009793495727959366,false,-0.006838206467283579,false,-0.005262752697801792,false
188,0.0011538850906657131,30,-0.009881446091017565,false,-0.006901765690216025,false,-0.005313309094187136,false
189,0.00119672273252426,30,-0.009705400638773952,false,-0.0067751697327535386,false,-0.0052130744794157136,false
190,0.001264128600237172,30,-0.009543366517009088,false,-0.006659813758784555,false,-0.005122602453314706,false
191,0.005120570557453713,30,-0.009557369053748458,false,-0.006668363715824622,false,-0.005128245660293122,false
192,0.0016951745523010814,30,-0.009684152436695148,false,-0.0067623387045964035,false,-0.005204730615530358,false
193,0.0024699520641254602,30,-0.009612166433134063,false,-0.006720581759579094,false,-0.00517908866976689,false
194,0.005122305061748646,30,-0.009737788786382564,false,-0.006808572274940297,false,-0.005247017791598543,false
195,-0.004097986564169958,30,-0.009906712360087442,false,-0.006924444836713698,false,-0.005334609055214635,false
196,-0.0008340736791980126,30,-0.010195754818799384,false,-0.007131562447659917,false,-0.005498052832961453,false
197,-0.0024389963270853776,30,-0.010006457900149228,false,-0.006997001863909171,false,-0.005392671986806063,false
198,0.0001557150592811345,30,-0.009916774241974808,false,-0.006932861930580649,false,-0.00534214931867407,false
199,0.002244246455151827,30,-0.009742249105881517,false,-0.006808905993529071,false,-0.005245151634511661,false
200,0.0009529627178411886,30,-0.009654197132063181,false,-0.006745155177736195,false,-0.005194355676141178,false
201,-0.001867054822314599,30,-0.009523286050474335,false,-0.006651413270061749,false,-0.0051204285175443145,false
202,-0.0029946958010963007,30,-0.009478198950920258,false,-0.006621100198725474,false,-0.005097991425982975,false
203,-0.005266395342992326,30,-0.009531383755319173,false,-0.006658688064036639,false,-0.005127264620779433,true
204,-0.0007518260400023994,30,-0.009990156836218778,false,-0.006997991306014337,false,-0.00540287893369918,false
205,-1.2333466923351244e-5,30,-0.009881779080585525,false,-0.006922825243387048,false,-0.0053454179017209565,false
206,-0.012703911783602816,30,-0.009644351738959736,true,-0.006750179992054617,true,-0.005207307743012332,true
207,-0.02241860706558024,30,-0.010906847236271042,true,-0.007672665991934548,true,-0.005948535937940415,true
208,0.0019312858223287286,30,-0.014298661992161694,false,-0.010079884649809214,false,-0.007830870059239586,false
209,0.0002959029692379351,30,-0.014004948854971425,false,-0.00987226603987156,false,-0.00766914812320683,false
210,0.0009071886266675974,30,-0.013951571472759796,false,-0.00983587960972202,false,-0.007641819506730384,false
211,0.004023115915383959,30,-0.013391926851138776,false,-0.00943725036222669,false,-0.007329026959380217,false
212,-0.005706324786493767,30,-0.013342797700261788,false,-0.009399801477495195,false,-0.00729780478131068,false
213,-0.007881615847974258,30,-0.013236989134353543,false,-0.009320654260400987,false,-0.007232870630614898,true
214,-0.004549973711353757,30,-0.013385349603544804,false,-0.00941342504895823,false,-0.00729600676612328,false
215,-0.008058394334299016,30,-0.013425735305283015,false,-0.009454782933928388,false,-0.007337882918377043,true
216,0.003999001469726398,30,-0.014011362185468806,false,-0.00987489243451073,false,-0.007669755716352693,false
217,0.004337234242629228,30,-0.013789309650475609,false,-0.009703793725496679,false,-0.007525820303424931,false
218,0.0023580776606428235,30,-0.013475712072411593,false,-0.009477008257263893,false,-0.00734531404971445,false
219,0.0032609438181129043,30,-0.013050014666992503,false,-0.009169759403427437,false,-0.007101209680434422,false
220,0.004101987165882575,30,-0.01291869994543966,false,-0.009072839394077898,false,-0.007022625364890553,false
221,0.007275917255765835,30,-0.012575621132689617,false,-0.00882702237944553,false,-0.006828658254939266,false
222,0.0011220140183409186,30,-0.01291672870851882,false,-0.009080225651077951,false,-0.007035000067274528,false
223,-0.0037479532560283275,30,-0.01251238632269986,false,-0.008788768804631348,false,-0.006803722084159733,false
224,-0.003072370856029848,30,-0.012524656779257782,false,-0.008808046033782017,false,-0.006826734597852605,false
225,-0.003125605919934969,30,-0.012314119787302874,false,-0.008654611315756901,false,-0.006703740890765316,false
226,-0.0006414382133615591,30,-0.012220793308506986,false,-0.0085916945762914,false,-0.006657035470812433,false
227,-0.000404164682453021,30,-0.011816505795406688,false,-0.008300859731784186,false,-0.006426681824126057,false
228,-0.009787346080354208,30,-0.011448711410868978,false,-0.008044331769663765,true,-0.006229469580079875,true
229,-0.0024911317540483374,30,-0.012823564339934633,false,-0.009023113354116728,false,-0.006997106996292909,false
230,0.0007885252191072953,30,-0.012645091332810323,false,-0.008897173294930765,false,-0.0068991720572665,false
231,0.002959936079438527,30,-0.012294630416301949,false,-0.008645248638489,false,-0.006699776716454935,false
232,0.0029151913221223042,30,-0.012117830304950275,false,-0.008521555498384428,false,-0.006604394706211766,false
233,0.005120809003369652,30,-0.01199890153544873,false,-0.00843420858215095,false,-0.006533883959093934,false
234,0.0048028844978011955,30,-0.012063954351349417,false,-0.008488478955181147,false,-0.006582406251727885,false
235,0.0022256417066657966,30,-0.011980881400932989,false,-0.008422063781150253,false,-0.006524871276649754,false
236,0.0067857879222921,30,-0.011899234445183265,false,-0.00836576579464967,false,-0.006482086731857721,false
237,-0.011403475376186639,30,-0.011992452141620718,false,-0.008427156908667091,true,-0.006526511212554147,true
238,-0.005656369884512985,30,-0.013505219660743563,false,-0.009509440864694659,false,-0.0073793059740034075,false
239,0.0015250390711161784,30,-0.013446325527946687,false,-0.009462588099585563,false,-0.007338872417452291,false
240,0.0030106078461700518,30,-0.013276653880401256,false,-0.009340121648714077,false,-0.0072415708822554485,false
241,0.0029876182438711863,30,-0.01319410764804365,false,-0.00927679916854256,false,-0.007188496513241158,false
242,-0.007927880846395336,30,-0.012978470403412528,false,-0.009120379788092638,false,-0.007063645957063819,true
243,-0.0036247211035882513,30,-0.01444474912440519,false,-0.010179029326478616,false,-0.007904989886542455,false
244,-0.0020775093579785994,30,-0.014226590819661183,false,-0.010021152147160272,false,-0.00777924835213176,false
245,-0.006116909482407116,30,-0.014133679321694868,false,-0.009956271231694064,false,-0.007729310436475483,false
246,-0.011318170179308017,30,-0.014243379175723322,false,-0.010037376399356895,true,-0.00779517188264502,true
247,0.00040602601626232805,30,-0.014717152210469726,false,-0.010378595479068446,false,-0.008065726939413643,false
248,0.006644542203532507,30,-0.014495315728452508,false,-0.010221672779379553,false,-0.007943409536885099,false
249,0.0025806595593887128,30,-0.014725317843122736,false,-0.01038139607131811,false,-0.008065667448476409,false
250,-0.0074717127457660385,30,-0.014451582693138437,false,-0.010185501007809385,false,-0.007911268647038049,false
251,-0.000558226484387708,30,-0.014419495256163649,false,-0.010162010064717567,false,-0.007892360463025846,false
252,0.00536596467895779,30,-0.014771714634661455,false,-0.010409777142002532,false,-0.008084444405036537,false
253,0.004228960105525873,30,-0.01441993101389125,false,-0.010157700847234816,false,-0.007885521716816168,false
254,0.0025335827068629323,30,-0.014277030476793772,false,-0.010052872901836912,false,-0.007800990129174232,false
255,0.0010796959123015196,30,-0.01385348344865956,false,-0.009748890288772927,false,-0.007560746863362907,false
256,-0.0029370047941560083,30,-0.01332927468963537,false,-0.009372881928947361,false,-0.007263743587967822,false
257,0.005767501006299842,30,-0.013043063889850838,false,-0.009170167255865823,false,-0.007105540391072976,false
258,0.003282115246216877,30,-0.012968485527075094,false,-0.00911580398685494,false,-0.007061953713746725,false
259,0.0020666126099824324,30,-0.012882076184409405,false,-0.009048795499476943,false,-0.007005287750534084,false
260,0.00680261262067943,30,-0.012520020771496805,false,-0.008788590667205826,false,-0.006799379085927734,false
261,-0.00412263785771505,30,-0.013018780264913184,false,-0.009143106754611366,false,-0.00707699954732924,false
262,0.0007723361179992702,30,-0.012658205432109191,false,-0.008891702611098718,false,-0.006883793894316178,false
263,0.004962175090895012,30,-0.012274564882337287,false,-0.008618095207969032,false,-0.006668844754508503,false
264,-0.0012727514468146048,30,-0.012341132078335636,false,-0.008662926621338317,false,-0.006702088902586616,false
265,0.0010237239661549282,30,-0.012077125506742193,false,-0.008478283328845097,false,-0.006559753880515728,false
266,0.002887088278321062,30,-0.011680457940319851,false,-0.008196241147939974,false,-0.006338818068484328,false
267,0.00935211515356162,30,-0.011483125191777256,false,-0.00806374108206949,false,-0.0062408800658475564,false
268,-0.0009004455330032382,30,-0.01206782486911219,false,-0.008472578042740283,false,-0.006555965263005201,false
269,-0.0008324938091184047,30,-0.011426867380693017,false,-0.008017903213502675,false,-0.006200597030080124,false
270,-0.0030630399172642147,30,-0.011182308209488668,false,-0.007843515176447406,false,-0.0060636169649871995,false
271,-0.002914673094211131,30,-0.01140284905532899,false,-0.008000473953368802,false,-0.0061866803762390885,false
272,0.0008402342398473718,30,-0.011289526381811835,false,-0.007916749006253247,false,-0.006118733867548483,false
273,0.006937476648288036,30,-0.010988537201211747,false,-0.00770181476943768,false,-0.005949675202837443,false
274,0.002989638131459738,30,-0.011721081861984771,false,-0.008227381902876436,false,-0.006364903382328176,false
275,-0.0024424320048028157,30,-0.011437750411026633,false,-0.00802279861023048,false,-0.006202300441488565,false
276,0.0033364994757205135,30,-0.011378599178477715,false,-0.007978150353430167,false,-0.006165383667394827,false
277,0.004147728239316495,30,-0.011494859679172392,false,-0.008058572492440658,false,-0.006226700508403287,false
278,0.002734765519926765,30,-0.01134638571115213,false,-0.007948576916659511,false,-0.00613721762114416,false
279,0.0038110210370049173,30,-0.010875948268023324,false,-0.007611546159494406,false,-0.005871305474624814,false
280,-0.0012263636544934996,30,-0.010707839177845527,false,-0.0074944425329684025,false,-0.0057813926720373145,false
281,-0.0003355211343858128,30,-0.010464529138092038,false,-0.007322567660028236,false,-0.005647599622195532,false
282,-0.0006168046113684444,30,-0.010158359666999087,false,-0.007107634621353261,false,-0.0054813043880426425,false
283,-0.001140745329470665,30,-0.01007012346552807,false,-0.007046602254712345,false,-0.0054347742850879704,false
284,-0.004731731163850523,30,-0.009930205704794241,false,-0.006950060337321257,false,-0.005361355869280325,false
285,-0.004219731267748349,30,-0.010402229407437617,false,-0.007290114214300309,false,-0.005631057120522441,false
286,0.007753273257621754,30,-0.010410128982312234,false,-0.007291610361333152,false,-0.0056291396238672825,false
287,0.0021647353231605197,30,-0.01114141883204701,false,-0.007816330548255148,false,-0.006043738287908448,false
288,-0.0005540214334219698,30,-0.011004059113862694,false,-0.007715879826746966,false,-0.0059629636159548565,false
289,0.003820913817140546,30,-0.010722043381959265,false,-0.0075118911989378095,false,-0.005800570948616575,false
290,0.002231033836817599,30,-0.01066757131221948,false,-0.0074743330148294,false,-0.005772029494352216,false
291,-0.0015417737127622752,30,-0.010553618824295912,false,-0.007388893398095516,false,-0.005701789983744074,false
292,-0.005118284438430411,30,-0.010830493922695958,false,-0.007593286500157689,false,-0.005867543201761882,false
293,-0.005042559363006208,30,-0.011151209783692348,false,-0.007828681859619848,false,-0.006057454517565505,false
294,0.005382930893915561,30,-0.01131352398604068,false,-0.007945327336426979,false,-0.006149754165773486,false
295,-0.001020303599696503,30,-0.011290980394911127,false,-0.00792554130637731,false,-0.006131438181331768,false
296,0.0038849653813397217,30,-0.011147200824773511,false,-0.007822480257565576,false,-0.006050084025569115,false
297,0.005122801821006828,30,-0.011070168151308749,false,-0.007768710430389686,false,-0.006008715535670884,false
298,-0.0007770844055546859,30,-0.011223116932095661,false,-0.00787733501769121,false,-0.006093711059437075,false
299,0.00335039022216992,30,-0.011073939449705963,false,-0.007767402806748118,false,-0.00600470035748385,false
300,-0.0009378219137980533,30,-0.010956858874190015,false,-0.007680589890314973,false,-0.005934023018109071,false
301,0.002941141741607438,30,-0.01071615716037687,false,-0.007509511097259425,false,-0.005800059946485409,false
302,0.00041677166461296283,30,-0.010579603024642247,false,-0.0074074875074654776,false,-0.005716444462959902,false
303,-0.001426352146302922,30,-0.010312809990336845,false,-0.007214728491245282,false,-0.005563152707834667,false
304,0.0010691751678996255,30,-0.010309126379546864,false,-0.007215140827669714,false,-0.005565748578562969,false
305,-0.0008273768262926511,30,-0.01011882870179629,false,-0.00708240795457146,false,-0.005463703289819229,false
306,0.004901641039403186,30,-0.009986711119489795,false,-0.0069866962437482305,false,-0.005387399414371974,false
307,0.001594477371333257,30,-0.010108783716642146,false,-0.007069988344477483,false,-0.005450017775956594,false
308,-0.002509664459983965,30,-0.009989306852644077,false,-0.0069833936717082394,false,-0.00538095247765827,false
309,-0.00037202767195376984,30,-0.009983906945188954,false,-0.006975787839102355,false,-0.005372170674517046,false
310,-0.0012477938292112538,30,-0.009909089578274027,false,-0.006921956316226615,false,-0.005329526627445193,false
311,-0.00040417738178734753,30,-0.009770099869143001,false,-0.006823381459157857,false,-0.005252496778464741,false
312,0.0038713911990473186,30,-0.009623693653282696,false,-0.00671967329510172,false,-0.0051715507878308505,false
313,-0.0011761510788347459,30,-0.009878543986600168,false,-0.0069103664691291524,false,-0.0053280420176399276,false
314,-0.00229099957218274,30,-0.0097574805819278,false,-0.0068232023754698,false,-0.005258949521244824,false
315,0.002984216057998585,30,-0.009729415338881673,false,-0.0068023422698965455,false,-0.005241930447797365,false
316,-4.6608957746633844e-5,30,-0.009797777389534749,false,-0.006849651118943433,false,-0.005278015912970639,false
317,0.002599677986479996,30,-0.009648832652965048,false,-0.006742534089595999,false,-0.0051931970795693555,false
318,-0.003143849558371464,30,-0.009637120582254844,false,-0.006731035020050478,false,-0.005181811560156563,false
319,-0.002715502960335532,30,-0.009842391489805525,false,-0.006878204507332808,false,-0.0052980073952850985,false
320,0.004724973700089496,30,-0.009822960157806808,false,-0.0068628918918513795,false,-0.0052848904523386505,false
321,-0.004852291503859783,30,-0.01005323222040952,false,-0.0070334119017437515,false,-0.005423556864030197,false
322,-0.007503694177738819,30,-0.010287408798372586,false,-0.0072045547507445665,true,-0.0055610966653633995,true
323,-0.004896646880651315,30,-0.011090673560167463,false,-0.007793148564760584,false,-0.006035250191460159,false
324,-0.005322434340687618,30,-0.01113797414276568,false,-0.007826540031214312,false,-0.006061226759564822,false
325,-0.006924719354658878,30,-0.011177564527624213,false,-0.0078456809108109,false,-0.006069466083575069,true
326,-0.0019200643873872026,30,-0.011314672406704107,false,-0.007961549276485387,false,-0.006174011743245186,false
327,0.0034889207451388373,30,-0.011224032928707536,false,-0.007895255641018607,false,-0.006120696786344712,false
328,0.0027017204441539032,30,-0.011191936255642394,false,-0.00787131655534183,false,-0.0061011064803193505,false
329,-0.0007457003704454814,30,-0.011169250553813638,false,-0.007854119158166226,false,-0.006086834878046105,false
330,0.0018686750140352384,30,-0.011011121750109825,false,-0.007740259798756308,false,-0.0059965753955801195,false
331,0.0015981077122010662,30,-0.01090090544512938,false,-0.007662773407069574,false,-0.005936537199560566,false
332,0.00020606633199543375,30,-0.010794104093719715,false,-0.007584441953921748,false,-0.00587338294382966,false
333,-0.003146800446695702,30,-0.010690987102035192,false,-0.007509795570962791,false,-0.005813914137033205,false
334,0.001150933577561127,30,-0.010761349795973334,false,-0.007558591687330444,false,-0.00585121319070031,false
335,-0.005739537309038411,30,-0.010611406616673816,false,-0.00744933081304081,false,-0.005763639902675709,false
336,-0.007564184062843395,30,-0.011104968803871483,false,-0.007800304015079023,false,-0.006038599444343948,true
337,4.997745091730977e-5,30,-0.01155276366093191,false,-0.008117215792732273,false,-0.006285737936668684,false
338,-0.002473463574365482,30,-0.011289416188384567,false,-0.007928202422363641,false,-0.0061363518011148645,false
339,0.003364020091022335,30,-0.011370893655291422,false,-0.007991092080618302,false,-0.006189332367357054,false
340,0.004006827100451964,30,-0.011148430286132483,false,-0.007830607855908405,false,-0.006061888995213029,false
341,0.0016409669895373648,30,-0.011764124768741889,false,-0.008274363516877149,false,-0.006413984706586149,false
342,0.004046018541937878,30,-0.011545716047658978,false,-0.008114267503957261,false,-0.0062849749826148806,false
343,0.0019844684279500422,30,-0.011488794392994214,false,-0.008072343972821942,false,-0.006251046895635923,false
344,0.0005323218755524103,30,-0.010996765848454796,false,-0.007715200463968069,false,-0.0059658101001942195,false
345,-0.0002756637908949475,30,-0.010793033390454865,false,-0.007566976153543483,false,-0.00584717697784661,false
346,-0.0007864450142733951,30,-0.010558176762077105,false,-0.00740153147020136,false,-0.005718735545559665,false
347,0.003935799021920749,30,-0.01043878221948921,false,-0.0073150695308339675,false,-0.005649829855109417,false
348,0.006767511680302265,30,-0.010840635781551741,false,-0.007599732102166464,false,-0.005872018342922684,false
349,-0.001735783196688505,30,-0.01110847618597088,false,-0.007789713111462511,false,-0.006020492796779826,false
350,-0.00030188735974007955,30,-0.010993790196519927,false,-0.007707255955066051,false,-0.0059552167120291545,false
351,-0.004002450081632421,30,-0.010791452637048941,false,-0.007560595056884129,false,-0.005838236835961445,false
352,0.004647233196703864,30,-0.011141476031646655,false,-0.007815340774111437,false,-0.006042190375936245,false
353,0.003454272891257851,30,-0.011081299977949342,false,-0.007765906778451608,false,-0.005998482931667624,false
354,0.004640273503011562,30,-0.010810791815402903,false,-0.0075725296743347605,false,-0.005846224109393426,false
355,-0.0014792062510553706,30,-0.010987748303437713,false,-0.007698969663202325,false,-0.0059457339394798974,false
356,-0.0011651266967137616,30,-0.01094093901157461,false,-0.007666221947032688,false,-0.005920482397280743,false
357,0.002971213490114653,30,-0.010690939304005135,false,-0.007487619379653533,false,-0.005779941381147957,false
358,0.001905082030225336,30,-0.01052256238182612,false,-0.007367385984105537,false,-0.005685373121502646,false
359,0.0004588404343213977,30,-0.010308518369265078,false,-0.007216302194753353,false,-0.005567853194172931,false
360,-0.002320521473266697,30,-0.010069739649620112,false,-0.007045878827595771,false,-0.005433869812492737,false
361,0.00029178826491958125,30,-0.010062818425464932,false,-0.007047419511682402,false,-0.005439921508551687,false
362,-0.0014041562016895933,30,-0.009989810954284778,false,-0.006992462967627423,false,-0.005394587846953735,false
363,-0.0011622055132145916,30,-0.010140453578304742,false,-0.007102584355416618,false,-0.005483107513648045,false
364,0.0034153960162908916,30,-0.009981102698457863,false,-0.006991336822056952,false,-0.005397503696305077,false
365,0.0022678189685283105,30,-0.010014125259620577,false,-0.007014316364371145,false,-0.005415129342433059,false
366,-0.0028758491184186935,30,-0.009915575643397454,false,-0.006945324858184084,false,-0.005361895155333071,false
367,0.0006295846918442868,30,-0.009950595026174824,false,-0.006973081861909271,false,-0.005385780611658345,false
368,-0.0002893522389988929,30,-0.009872305272715846,false,-0.006915463959570353,false,-0.005339182796659986,false
369,-0.006801755858560744,30,-0.010338234768380613,false,-0.007253924364230176,false,-0.005609689900575829,true
370,-0.01590805326948107,30,-0.010720916705811994,true,-0.00752627690452217,true,-0.0058232262475019815,true
371,-0.0011091305257727355,30,-0.012527265506176874,false,-0.008824967816423696,false,-0.006851286617537744,false
372,0.002217726526683231,30,-0.012576672557095986,false,-0.008860411959565977,false,-0.006879287186210803,false
373,0.007178259546469197,30,-0.012570489989061202,false,-0.008854037686113916,false,-0.006872810715310155,false
374,0.0009915479486855374,30,-0.012934158103857661,false,-0.009111433420100028,false,-0.007073553036323358,false
375,-0.00211587929633246,30,-0.012719096071583566,false,-0.00895665408649069,false,-0.006950910186309608,false
376,-0.0033376252484838666,30,-0.012597936877829775,false,-0.008871708340171676,false,-0.006885269694818343,false
377,-0.006827102204962219,30,-0.012433803002580119,false,-0.008754538885399846,false,-0.0067931367988219495,true
378,5.3416512919984296e-6,30,-0.01284527413329903,false,-0.009048568651355617,false,-0.007024559007787892,false
379,0.0037747167824908915,30,-0.012889215500149492,false,-0.009080029450005966,false,-0.007049366461712303,false
380,0.006034493202791055,30,-0.012818388120901157,false,-0.009028450170440449,false,-0.007008048272864424,false
381,0.0014783532100608786,30,-0.012729633216030605,false,-0.008957121533895515,false,-0.006946009515481884,false
382,-0.0002349109682042176,30,-0.012448057227156674,false,-0.0087568743995022,false,-0.0067891184924730175,false
383,-0.004042697205959964,30,-0.012151127268470173,false,-0.008542799572245454,false,-0.006619213429194661,false
384,-0.0017185303113236537,30,-0.012163017432378615,false,-0.008562297531765049,false,-0.006642767076403621,false
385,0.002374299927236394,30,-0.011681580070025588,false,-0.008213123144636517,false,-0.006364101591957821,false
386,0.005513322418020721,30,-0.011586221415995463,false,-0.00814584924059969,false,-0.006311799564221106,false
387,-0.00048126345743894415,30,-0.011324756822279153,false,-0.007946657794277778,false,-0.006145805702347346,false
388,-1.9893666663363434e-5,30,-0.011164126624260824,false,-0.007829796037221953,false,-0.006052276739213341,false
389,0.005378984401317063,30,-0.010989985004863513,false,-0.0077066544783388905,false,-0.005956323123876152,false
390,0.0028408390827160926,30,-0.011010122557374347,false,-0.007720386339452954,false,-0.005966640134609417,false
391,0.0014066390780190056,30,-0.010806380580860123,false,-0.00757199532274235,false,-0.005847756509756324,false
392,-0.0021388739642599986,30,-0.010685885557949233,false,-0.007481959219805936,false,-0.005773957944351907,false
393,0.0020024482844807267,30,-0.010711917561446765,false,-0.00749892196659601,false,-0.005786085903949982,false
394,-0.00010037167139523755,30,-0.010489839496143422,false,-0.007339904818047167,false,-0.0056606862967801975,false
395,0.0016930250126273188,30,-0.01020178092573614,false,-0.007135258048297944,false,-0.005500506049315144,false
396,-0.0003978692051662014,30,-0.00998419423943883,false,-0.006978475048102956,false,-0.005376137269190913,false
397,-0.0003058505646708934,30,-0.00994431499325038,false,-0.006957807169232002,false,-0.005365710899149563,false
398,-0.0010983042968603376,30,-0.00976229864078205,false,-0.006826111768115172,false,-0.005260841410996835,false
399,-0.0016929703972017403,30,-0.00985002578042482,false,-0.006890587616020559,false,-0.005312922081313208,false
400,0.0008875216212243396,30,-0.009825833103473612,false,-0.006871909675701704,false,-0.0052971840266870145,false
401,-0.0019304309262279556,30,-0.009674998810338693,false,-0.0067627606506843125,false,-0.005210257263856101,false
402,0.0004985825809137511,30,-0.009609235478124119,false,-0.006716258790847816,false,-0.005174023623671605,false
403,-0.005645642830051447,30,-0.009517561459126031,false,-0.0066513211627402796,false,-0.005123339066615808,true
404,-0.01064985680305863,30,-0.010155887121668702,true,-0.007107570146022097,true,-0.00548252364591754,true
405,0.00038837433851863986,30,-0.011494883339284436,false,-0.008069745699563383,false,-0.006243817497781012,false
406,0.0051485030945917975,30,-0.011429835847274007,false,-0.008020886485085475,false,-0.006203588194154605,false
407,-0.00043532818676634384,30,-0.011498197861489498,false,-0.008072533861515746,false,-0.006246325059030339,false
408,-0.0031543235564634267,30,-0.0112756728731445,false,-0.007909191548685966,false,-0.006114532811525519,false
409,-0.0001813044847851155,30,-0.011330995173006005,false,-0.007952146920789884,false,-0.006150895420202907,false
410,0.0013710547692421867,30,-0.011161309743505538,false,-0.00783344286589791,false,-0.006059369347469589,false
411,0.006409734997804902,30,-0.010979530433291909,false,-0.007702529957758734,false,-0.005955573130056603,false
412,-3.9415921062860714e-5,30,-0.011198285017626425,false,-0.007855274529220316,false,-0.006073128007910856,false
413,0.003462280279976632,30,-0.01100585638327531,false,-0.007715859734541527,false,-0.005961974694995571,false
414,0.002129237839225371,30,-0.011009145962981467,false,-0.007716565432103488,false,-0.005961302934547539,false
415,0.0024651907076166575,30,-0.010811546389034265,false,-0.007573775731023054,false,-0.005847732173880749,false
416,0.0039226939561127295,30,-0.010459328294269776,false,-0.007321423900538817,false,-0.00564861867935162,false
417,-0.00023526503887972024,30,-0.010431516293866426,false,-0.007299757822133667,false,-0.005630228969222108,false
418,0.0013702182234748797,30,-0.010198898199307473,false,-0.007136783976370723,false,-0.005504382214789406,false
419,-9.083461675072659e-5,30,-0.009731979250851258,false,-0.006803074684188305,false,-0.005241686497454121,false
420,0.0029614688227458746,30,-0.00961327645423556,false,-0.006719975402519934,false,-0.005177567317861355,false
421,0.000858184267354831,30,-0.009516890990088506,false,-0.006648600254720787,false,-0.005119525077162217,false
422,0.003928271983267382,30,-0.009431030551657116,false,-0.006586969249880172,false,-0.005070810693713264,false
423,-7.3743799322118875e-6,30,-0.009650775714706659,false,-0.006744785273519231,false,-0.0051956125222874724,false
424,-0.0006017348053479825,30,-0.009671595578280089,false,-0.006756775727124694,false,-0.005202896050110262,false
425,-0.00011200888187246026,30,-0.009396048276402318,false,-0.006555594077135165,false,-0.005041358453968954,false
426,0.0005419915830103422,30,-0.009292105091055328,false,-0.006482856227640747,false,-0.004985256053549202,false
427,0.0017275485351929988,30,-0.009122152386435406,false,-0.0063576156288256275,false,-0.004883851312891512,false
428,-0.0003616637754304523,30,-0.008997611423599193,false,-0.00626813147571316,false,-0.00481305581532292,false
429,-0.0004905562377242378,30,-0.008982964162927062,false,-0.00625635551309782,false,-0.00480281053107706,false
430,0.0021619905516257866,30,-0.009350739899582764,false,-0.006515747927465245,false,-0.005004424197380758,false
431,-0.00039059861999551367,30,-0.00922005206045122,false,-0.0064202573247700125,false,-0.004927697111190252,false
432,-0.0034365403971623864,30,-0.009171156603529731,false,-0.0063825699861448015,false,-0.00489598477895566,false
433,-0.0036769488868248013,30,-0.009368328370955296,false,-0.006523175309501476,false,-0.005006434740290636,false
434,0.0014573941253236899,30,-0.009426403384529193,false,-0.006558399394503292,false,-0.005029477079825409,false
435,0.0043982836454771815,30,-0.009271585720289646,false,-0.006444748563370437,false,-0.004937772135093108,false
436,0.0022735170305216287,30,-0.009495574947601592,false,-0.006613821857909115,false,-0.005077569949074437,false
437,0.0025201646954054117,30,-0.009478005220745536,false,-0.006603192317954374,false,-0.005070640197076181,false
438,-0.004152281216174662,30,-0.009402873304456607,false,-0.006550268635323282,false,-0.0050295556416315,false
439,-0.0022804139842093197,30,-0.009552161673508674,false,-0.006652521055648055,false,-0.0051067333717357225,false
440,-0.0026158578762901907,30,-0.009716931767361086,false,-0.0067717474973667926,false,-0.005201680661026059,false
441,0.0030631336423659473,30,-0.009825167987007534,false,-0.00685079979230019,false,-0.005265175113683492,false
442,0.001942835763554622,30,-0.009852680731551005,false,-0.006866825827495023,false,-0.005275077626628556,false
443,0.004156517574308419,30,-0.00965343428766537,false,-0.006719877670434629,false,-0.0051560094927566285,false
444,-0.00011225152650802765,30,-0.009775518564013869,false,-0.006810220667164204,false,-0.005229431330772832,false
445,-0.0015150360445956286,30,-0.009630348628219118,false,-0.006707185710757396,false,-0.005148858375966705,false
446,0.0018619640490026169,30,-0.009505737217377184,false,-0.0066165169543410994,false,-0.005076284323027542,false
447,0.0024868134058428186,30,-0.009370130678539274,false,-0.006520722282700511,false,-0.005001713210474968,false
448,0.005207112128271977,30,-0.009506560983102832,false,-0.006618782713499888,false,-0.005079318803549765,false
449,0.005521842700761196,30,-0.009616785002708138,false,-0.006695692167309917,false,-0.005138468385607404,false
450,0.001893460202286912,30,-0.011468902289815909,false,-0.007996105780375153,false,-0.006144770811496159,false
451,0.0005647148790906074,30,-0.009693465134546093,false,-0.006748904789514898,false,-0.005179170565263297,false
452,0.002379430358372898,30,-0.009521434926696964,false,-0.00662280239576839,false,-0.0050775521192693305,false
453,0.0030787964899815098,30,-0.00943456278759207,false,-0.006560217350251831,false,-0.0050279144334757775,false
454,-0.0008196988733600352,30,-0.009417372996832353,false,-0.006543749543074554,false,-0.005011831513074759,false
455,0.00023931639566414364,30,-0.009267075671073257,false,-0.006434854623611843,false,-0.004925008063208341,false
456,0.002380740438478242,30,-0.009066903570693934,false,-0.006291020841958939,false,-0.00481120803080119,false
457,0.0019254248729320515,30,-0.009061561674875674,false,-0.0062914168450812005,false,-0.004814662886616837,false
458,-0.0024091340809168074,30,-0.008943281280141782,false,-0.006201202291900918,false,-0.004739410129717437,false
459,0.0016199723169274011,30,-0.01050952899948903,false,-0.007300274662792317,false,-0.005589433051024525,false
460,0.0014481851661555327,30,-0.00896088123415817,false,-0.0062183388126729995,false,-0.004756299595941809,false
461,-0.0029336830676764554,30,-0.010675256200336037,false,-0.007428948409772963,false,-0.0056983537388570005,false
462,-0.0011572836461327621,30,-0.01086625974096153,false,-0.007570870989007316,false,-0.005814111439186815,false
463,-0.0003622121265746507,30,-0.009213506464281946,false,-0.006415268797961975,false,-0.004923538652297103,false
464,-0.0014481394350130108,30,-0.009170181131674815,false,-0.006382885616406421,false,-0.004896988690978173,false
465,0.004894139886936457,30,-0.009094590139655441,false,-0.0063290132196974005,false,-0.004854694397064314,false
466,0.000990030591199072,30,-0.009223229789618164,false,-0.006421901650531739,false,-0.004928523985270673,false
467,0.002590204054676702,30,-0.009164675548942961,false,-0.006380167219608112,false,-0.0048957561326876805,false
468,0.0018309570023179148,30,-0.009217611128577826,false,-0.0064204969786385005,false,-0.004929365775398832,false
469,0.0019174061103571132,30,-0.010562266018380395,false,-0.007356877683013611,false,-0.005648097022249533,false
470,0.004674280528467508,30,-0.01047656994250241,false,-0.007292468867914629,false,-0.005595036367103108,false
471,0.002702732616918791,30,-0.01073334015184478,false,-0.007481314011229393,false,-0.005747670909060011,false
472,-0.0024972676873944717,30,-0.00913802163042308,false,-0.006364118607412889,false,-0.004885361170051577,false
473,0.000787190700319878,30,-0.0091932301535485,false,-0.006398561902098148,false,-0.004908734598292452,false
474,-0.0010424754023827289,30,-0.010535517466610618,false,-0.007335329943862115,false,-0.005629321817060404,false
475,-0.0047291293543394305,30,-0.01046689382186578,false,-0.007283545836248854,false,-0.005586514804381058,false
476,-0.011396119219292287,30,-0.011041535042514187,true,-0.007696342510686771,true,-0.005913032750103574,true
477,-0.0007054205371386769,30,-0.012563120878311662,false,-0.008792767997387825,false,-0.006782806827911754,false
478,-0.0016554420678450376,30,-0.012347847105962009,false,-0.00864068916581923,false,-0.0066644169854348494,false
479,-0.0025823679917916114,30,-0.012140986788482118,false,-0.008490979204904525,false,-0.006545173668132982,false
480,-0.008181900540578617,30,-0.012079727895426657,false,-0.00844598942910022,false,-0.0065088568985350505,true
481,-0.00034618902281051135,30,-0.012801339809124212,false,-0.008963298253143523,false,-0.00691725250146139,false
482,0.006244522723878129,30,-0.012577873774245008,false,-0.008803818472911883,false,-0.006791883556815596,false
483,0.007075192270015708,30,-0.012808990424117185,false,-0.00897172393437349,false,-0.006926091367634338,false
484,0.006416099049021544,30,-0.01309585272986057,false,-0.009164859669165118,false,-0.007069261814265723,false
485,-0.0032541553752608223,30,-0.013039437177270817,false,-0.009120642860304007,false,-0.007031548110547637,false
486,0.0013994403096749318,30,-0.012880744438904738,false,-0.009009270092412206,false,-0.006945401443818745,false
487,0.004284529932483621,30,-0.012661949379541555,false,-0.008851446890770543,false,-0.006820082113915754,false
488,0.003343653991499044,30,-0.012517729809052745,false,-0.008744065669150565,false,-0.00673233927976571,false
489,0.0009019104436290733,30,-0.012328253610904524,false,-0.008608645311159173,false,-0.00662573589014042,false
490,0.0011507266157284798,30,-0.012042998186914759,false,-0.008404708480298177,false,-0.0064651497003751736,false
491,-0.003690568537988225,30,-0.011729872017994712,false,-0.008178533780757193,false,-0.006285328507415774,false
492,8.474247089167523e-5,30,-0.01173869925427532,false,-0.008181388348443367,false,-0.006284999067574778,false
493,-0.0015250901130051382,30,-0.011562087192924227,false,-0.008058498820230294,false,-0.006190748822989409,false
494,-0.0036305856325589826,30,-0.011464330812474595,false,-0.007992704581696,false,-0.00614199348404145,false
495,-0.018904960924382493,30,-0.011694333122233391,true,-0.008167690246129216,true,-0.0062876499784283455,true
496,-0.016641029110582344,30,-0.014657722981331339,true,-0.010273420593815905,true,-0.007936165214158176,true
497,-0.01426593225492176,30,-0.015962871583793784,false,-0.011200711583544815,true,-0.00866202170871611,true
498,-0.017686620798351378,30,-0.016786491591764357,true,-0.011790453434395718,true,-0.009127083979420135,true
499,-0.0211926114179569,30,-0.017982936843990042,true,-0.012653311739347336,true,-0.00981210831714356,true
500,0.01424710776939394,30,-0.01980092505435838,false,-0.013947056781096557,false,-0.010826381265546086,false
501,-0.0019787656273701965,30,-0.019938679049184286,false,-0.014053746137959598,false,-0.010916510178858842,false
502,0.008195384597171866,30,-0.019762906378401533,false,-0.01392731103341907,false,-0.010816376748319456,false
503,-0.0012009252179631805,30,-0.019723669773383613,false,-0.01390203569015349,false,-0.010798544102033533,false
504,-0.014895458615839212,30,-0.01954768000769851,false,-0.013777013969836677,true,-0.010700693258106745,true
505,-0.021010040938045434,30,-0.016614434604461454,true,-0.011707578137512746,true,-0.009091751111703199,true
506,0.00571679887091671,30,-0.022238797838833584,false,-0.015676902743719922,false,-0.012178780749334542,false
507,-0.012037117935374706,30,-0.022295886168607355,false,-0.015721877873223246,false,-0.012217298376595869,false
508,-0.016971109844813696,30,-0.022871253362662394,false,-0.016133776505698843,true,-0.01254205252377218,true
509,-0.015591540920066592,30,-0.023509918856545017,false,-0.016584289661895794,false,-0.012892262364964387,true
510,-0.010748186552715533,30,-0.023931429629822042,false,-0.016881579894596325,false,-0.01312333108713381,false
511,0.004774251878722327,30,-0.024075989710882977,false,-0.016986634226937487,false,-0.013207325051014617,false
512,-0.008580964432055204,30,-0.02416340203774465,false,-0.017052701001524086,false,-0.013262012590667798,false
513,-0.010577761606479196,30,-0.023994468084796095,false,-0.016932924345740914,false,-0.013168441508107951,false
514,0.0029396093651764955,30,-0.02447686924967204,false,-0.017281015202228356,false,-0.013444932036178624,false
515,-0.0008993002355369742,30,-0.02455511948298533,false,-0.017336088601120986,false,-0.013487649950402275,false
516,0.01651146264902758,30,-0.02401100438742967,false,-0.016946372140049414,false,-0.013180242830056688,false
517,0.007873072854656294,30,-0.02477790876303003,false,-0.017487603574369442,false,-0.013601168854432223,false
518,0.004013027815852087,30,-0.02477131251456251,false,-0.017478542102228135,false,-0.013590793180672429,false
519,0.005311515633050479,30,-0.024920700636309547,false,-0.017587773126284446,false,-0.013678616604542138,false
520,0.005515484095839761,30,-0.02502612076155928,false,-0.01766170008022105,false,-0.013735754665385125,false
521,0.0008430556801028539,30,-0.0252258136893335,false,-0.017803592695183685,false,-0.013846834147464985,false
522,-0.012254406044873217,30,-0.02486036720463111,false,-0.01754525683922931,false,-0.013645598571357342,false
523,0.002349354797466734,30,-0.01923280060934486,false,-0.01357362367344431,false,-0.010556737389429546,false
524,3.542282961936489e-5,30,-0.019184513082517916,false,-0.013538055129353474,false,-0.010527949287971588,false
525,0.007830946318103653,30,-0.018804242323195594,false,-0.013266043056214235,false,-0.010313649519849585,false
526,0.0026250288395556717,30,-0.018976105468841008,false,-0.013386756209509026,false,-0.010407094801491325,false
527,-0.0006723882337793069,30,-0.018970542116713094,false,-0.013380567101559488,false,-0.010400572105428746,false
528,-0.0017341941856744445,30,-0.018443185766181154,false,-0.013003469117121448,false,-0.010103576299958013,false
529,0.0013841232060234228,30,-0.017908659982324913,false,-0.012621202091628632,false,-0.009802477855149382,false
530,0.014397258429080457,30,-0.017380418912717546,false,-0.012242911233547135,false,-0.009504124899975232,false
531,-0.0029098684833306944,30,-0.018747174990187018,false,-0.01322357783987398,false,-0.010278968637873358,false
532,6.659151035286702e-5,30,-0.0184883221902338,false,-0.013035842723797845,false,-0.010129146095917071,false
533,0.005653356418695399,30,-0.018021802017427167,false,-0.012701632508051475,false,-0.009865469828696233,false
534,-0.000628622727619957,30,-0.0178439543809306,false,-0.012563001663003689,false,-0.009747745310056857,false
535,-0.010775551772819877,30,-0.01744524062279302,false,-0.012279210720722886,false,-0.009525219295663225,true
536,0.0020334617354467624,30,-0.0182723291519546,false,-0.012879618814105365,false,-0.01000478488751193,false
537,0.0020644392189551933,30,-0.017946455931666532,false,-0.012650492072629393,false,-0.009827233335902059,false
538,0.0011013059042744825,30,-0.017538992949621756,false,-0.012361657370980892,false,-0.009601638931575491,false
539,0.006249576521313151,30,-0.017089353454951127,false,-0.012043736513603999,false,-0.009353936792344641,false
540,-0.0010464722890907877,30,-0.016788798657728806,false,-0.01182098288554247,false,-0.009172658679676971,false
541,0.001075001676421285,30,-0.016264440706463674,false,-0.01144789958398011,false,-0.008880219334113277,false
542,-0.001532758480388089,30,-0.015799002874428134,false,-0.011118228674488993,false,-0.008622925268655574,false
543,-0.010154330986985819,30,-0.015383712177340103,false,-0.01082235151214959,false,-0.008390707019827684,true
544,-0.0031787399605367164,30,-0.015915672066020514,false,-0.011207238774212291,false,-0.008697190408849725,false
545,0.0032053354366896112,30,-0.015658266748888088,false,-0.011020494568622145,false,-0.008548115380357185,false
546,-0.001988079205808986,30,-0.015309020454321818,false,-0.010770571745887327,false,-0.008351141532931507,false
547,0.0009474175627495661,30,-0.015104425186593917,false,-0.010619555669661277,false,-0.008228688325437323,false
548,0.008269340990981738,30,-0.014695892294622188,false,-0.010327663852635132,false,-0.007998977433860554,false
549,0.0029331204646966163,30,-0.015147642267411155,false,-0.010637672053296039,false,-0.0082334236202836,false
550,-0.0038620997020573115,30,-0.014698364360965454,false,-0.010313004399046387,false,-0.0079751852303874,false
551,-0.002438194812759734,30,-0.01450592937246282,false,-0.010184897053781576,false,-0.007881370713702667,false
552,-0.0027921688629057883,30,-0.014343158763284363,false,-0.010065685128038866,false,-0.007785379760920424,false
553,0.0025565710091902077,30,-0.014186841307036105,false,-0.009950445391348614,false,-0.007692038404527667,false
554,0.004881814723505636,30,-0.013843050646399034,false,-0.009705855263966412,false,-0.007500331714354331,false
555,0.000739427284669403,30,-0.01378351596505257,false,-0.009663312729212293,false,-0.007466847630072967,false
556,0.004338491462023794,30,-0.01376635781544517,false,-0.00964615724731484,false,-0.007449693570321815,false
557,-0.006219245143341847,30,-0.013730608914697344,false,-0.009626085673436691,false,-0.007437979521387464,false
558,-0.0043105551150767535,30,-0.013819430782616196,false,-0.009694544318002634,false,-0.0074955826069335076,false
559,0.006322553979488768,30,-0.013672230539474398,false,-0.009583430191240349,false,-0.007403705855284569,false
560,0.0021094918432874917,30,-0.01314403365199279,false,-0.0091969237785623,false,-0.007092734110430502,false
561,0.009057387910692894,30,-0.012875570203662279,false,-0.009001696890540528,false,-0.00693654936171387,false
562,0.0070461745046703555,30,-0.013100243868372092,false,-0.009153404762386127,false,-0.007049359439377093,false
563,0.003927729690883688,30,-0.013143954666609378,false,-0.009189122698670346,false,-0.007080816410529922,false
564,0.0028826247889884122,30,-0.012858521481591762,false,-0.008979854987085282,false,-0.006912152230998514,false
565,0.0028433494211098412,30,-0.01262686978446737,false,-0.008817455506271745,false,-0.0067866708504480166,false
566,-0.004970526317993482,30,-0.012402238055288119,false,-0.00865800141176467,false,-0.006661962711809471,false
567,0.00826478377445353,30,-0.012504089091005522,false,-0.008736606690593993,false,-0.006728175763657464,false
568,0.004170238670620502,30,-0.013438661850792982,false,-0.009414787502793431,false,-0.00726967497731857,false
569,0.0009805843056202497,30,-0.01321043641999993,false,-0.009242850739111737,false,-0.007127745493790368,false
570,0.005873889688404359,30,-0.012854263305432241,false,-0.00898465763752369,false,-0.006921785174568725,false
571,-0.023647090560147705,30,-0.012548815382965003,true,-0.008775501821953061,true,-0.006763962324877353,true
572,-0.0068103004885184245,30,-0.015308982159607945,false,-0.010772668223895153,false,-0.008354376050378021,false
573,-0.006004728012837763,30,-0.015556360786204648,false,-0.010948433095044187,false,-0.008491963893488526,false
574,0.012050867944428958,30,-0.015882840216588315,false,-0.011177786771119995,false,-0.008669540189334867,false
575,0.0015372247146996398,30,-0.016712181824475526,false,-0.011762389165297569,false,-0.009123673014286352,false
576,0.0013765819134701734,30,-0.016306565402623766,false,-0.01147074167783879,false,-0.008892781944036013,false
577,-0.0018042006712873152,30,-0.015815206343551543,false,-0.011116017044442825,false,-0.008610896617383046,false
578,-0.0006053922019467964,30,-0.01540484619935896,false,-0.010820746049090332,false,-0.008376979221415644,false
579,0.00476137314529728,30,-0.014819234638268316,false,-0.010405338179156025,false,-0.00805230630943623,false
580,-0.008483746984380522,30,-0.014449312669551169,false,-0.010137019675015024,false,-0.00783815223629996,true
581,-0.0016941369758303442,30,-0.015428262455101692,false,-0.010839950203638954,false,-0.00839393792040362,false
582,-0.006675063473060299,30,-0.015102787317949395,false,-0.010605019391944146,false,-0.00820727595357125,false
583,0.0018105114277777428,30,-0.015210038314713398,false,-0.010686475924120973,false,-0.008274981552123278,false
584,0.003945386622933523,30,-0.015048063349695552,false,-0.010568037752585274,false,-0.008179752684094783,false
585,0.004254569429220124,30,-0.014806436292087392,false,-0.010400998806397815,false,-0.008052476384109135,false
586,0.008450357054522111,30,-0.014433546238946547,false,-0.010130034552899354,false,-0.007835848397246492,false
587,0.00999414785870163,30,-0.01459345349287724,false,-0.010235131309970762,false,-0.007911725881256153,false
588,-0.0018581365024532548,30,-0.014964955962814065,false,-0.010509685273225811,false,-0.008134596954335332,false
589,-0.00035777436228095897,30,-0.014721724700584578,false,-0.0103361784944521,false,-0.007998260039692095,false
590,-0.002314170416046518,30,-0.01430091992630639,false,-0.010038841329908666,false,-0.007766743001034089,false
591,0.001669264007403301,30,-0.01380091331426085,false,-0.009672399384073138,false,-0.007471503884529053,false
592,0.0008541216006016049,30,-0.013373880231062917,false,-0.009360256028769992,false,-0.007220607818042974,false
593,0.004579490185721052,30,-0.01347754703888493,false,-0.009443895817100386,false,-0.007293571276387874,false
594,0.005922213647101238,30,-0.013505822219510065,false,-0.009461219854829396,false,-0.0073050573003612075,false
595,-0.0025324480493695775,30,-0.013277846759937036,false,-0.009294260921446104,false,-0.007170626051311705,false
596,0.004170993678412895,30,-0.013079897628610329,false,-0.009156797525746812,false,-0.007065407377461501,false
597,0.0033483508952772143,30,-0.012757045132641538,false,-0.008922592626150107,false,-0.006878460183470225,false
598,0.002483242224416369,30,-0.012714753141400702,false,-0.008910735354993116,false,-0.006882827548973084,false
599,0.002610568285247342,30,-0.012341565761650249,false,-0.008638356495068614,false,-0.0066641893379485,false
600,-0.0018519687022128509,30,-0.012058553925172974,false,-0.008434033269581793,false,-0.006501814719811149,false
601,-0.004079603507653656,30,-0.011969335309701725,false,-0.008380893617691466,false,-0.006467908629903707,false
602,0.002273328943200824,30,-0.012000304640447228,false,-0.008405396403663447,false,-0.006488964124784922,false
603,0.002492759915890848,30,-0.011786672739628364,false,-0.00825296169021052,false,-0.006369153405470323,false
604,0.0027781941802649097,30,-0.011599155304247988,false,-0.008117805699517934,false,-0.0062619111071890235,false
605,-0.0030201916801980626,30,-0.011670402673716305,false,-0.008167299607396256,false,-0.006299808325187519,false
606,-0.002694558047898462,30,-0.01160618869581713,false,-0.008113672820568787,false,-0.006251825530744855,false
607,0.0020134398113731875,30,-0.011472061061372095,false,-0.008019648413977318,false,-0.006179180006529127,false
608,0.007004092618985956,30,-0.011167804278712784,false,-0.00780426725830163,false,-0.006011178118734105,false
609,0.00323341800290909,30,-0.011344315003555873,false,-0.00792106714112979,false,-0.006096146372630673,false
610,0.0030075171392119748,30,-0.01132181344285355,false,-0.007902322853965572,false,-0.00607940507408667,false
611,0.00421206490670238,30,-0.011093083367462741,false,-0.0077391940244859545,false,-0.005951248026059625,false
612,0.00016521983727344687,30,-0.011082939463264493,false,-0.007728881097751074,false,-0.005940844994035896,false
613,-0.0008386840500504179,30,-0.010764055400565598,false,-0.007502894009933459,false,-0.00576438093978309,false
614,0.008819015527714892,30,-0.011104856213448446,false,-0.007747146326571757,false,-0.005957163610329455,false
615,0.0005984330065056394,30,-0.01185540084010179,false,-0.008288053694255918,false,-0.006386314130972761,false
616,-0.001609482783651172,30,-0.011448451215291136,false,-0.007992687848929547,false,-0.006150433185598734,false
617,0.000842948497928572,30,-0.011049355030312347,false,-0.007707864091011597,false,-0.005926527635707455,false
618,0.0008845275545997848,30,-0.010878655904411014,false,-0.007584119165560658,false,-0.0058278138207731416,false
619,-0.0013241973703123043,30,-0.01058582561175912,false,-0.007372303853161415,false,-0.005659187294568841,false
620,-0.0050756012637980215,30,-0.010386434878147898,false,-0.007226753688991724,false,-0.005542339338743487,false
621,0.0012144563474530035,30,-0.010661285363213263,false,-0.0074172840744564945,false,-0.005687918991118781,false
622,0.007364441167942718,30,-0.010360552449030027,false,-0.007204920541013651,false,-0.005522664847557586,false
623,0.002965214389405312,30,-0.010980905161068769,false,-0.0076448767403968845,false,-0.0058664523335609665,false
624,0.0033253870256458604,30,-0.010705501338002306,false,-0.0074481638046094735,false,-0.005711689218604055,false
625,0.0022196513645542175,30,-0.01074090708314968,false,-0.0074831384557058405,false,-0.005746434055056995,false
626,0.003991044573380436,30,-0.010543800814001171,false,-0.007339613451950785,false,-0.005631473025617747,false
627,-0.00036696407172584066,30,-0.010486557804131345,false,-0.00729827549435963,false,-0.005598613992543277,false
628,-0.0014492160116062265,30,-0.0103054047282289,false,-0.007166674460710177,false,-0.005493428969262685,false
629,0.011970125433006058,30,-0.010386598719726858,false,-0.007229381714386788,false,-0.005546281011412758,false
630,-0.012759135258279293,30,-0.011694133613228457,true,-0.008157095488946366,true,-0.006271513552907131,true
631,-0.007510265706166698,30,-0.012403364540274617,false,-0.008699549367493236,false,-0.006725059204020058,true
632,-0.005908643644305277,30,-0.012818649892060342,false,-0.00900068606105675,false,-0.006965343670266794,false
633,0.0031672404228863553,30,-0.012823349591723201,false,-0.009001036950519728,false,-0.00696337622510401,false
634,-0.0020851065418201944,30,-0.012765298927311782,false,-0.00896048298433279,false,-0.006932149683997939,false
635,0.0021227677158257015,30,-0.01267502100292354,false,-0.008892035164330889,false,-0.006875339411866996,false
636,0.008399784387804211,30,-0.012436251396474132,false,-0.008719392193394532,false,-0.006737948305635878,false
637,0.0010633584960829793,30,-0.012833256721411975,false,-0.009001226168809334,false,-0.00695838486078567,false
638,0.0024651891052275094,30,-0.012645753042102581,false,-0.008867616438530805,false,-0.006853505795313035,false
639,-0.0060769684126761,30,-0.012273981050469368,false,-0.008597245797513916,false,-0.006637191839096774,false
640,-0.0010700595898635388,30,-0.012496082434716942,false,-0.00875725656624183,false,-0.006764102330443542,false
641,-0.013726070624955334,30,-0.012262190446630322,true,-0.008594229099407382,true,-0.006638852477670375,true
642,-0.0017130500134602752,30,-0.013117265687254428,false,-0.009195374576326666,false,-0.007104628937168704,false
643,-0.0057650046842578385,30,-0.012963390640954517,false,-0.009084520927776592,false,-0.007016709836568042,false
644,-0.005892128828714274,30,-0.013136633909130661,false,-0.009211602591472585,false,-0.007119182919726324,false
645,0.004542354591768274,30,-0.013357753704236057,false,-0.009362261063952385,false,-0.007232278721840723,false
646,0.007170443062258208,30,-0.013260751112674283,false,-0.009297178082882404,false,-0.007184211967012564,false
647,0.00041406713251389347,30,-0.013381360719502735,false,-0.009382732577657952,false,-0.007251078711266282,false
648,0.002545677667995936,30,-0.013114610220915097,false,-0.00919279647391876,false,-0.0071020920771863736,false
649,0.003420545480325909,30,-0.01313384865712839,false,-0.0092060770479948,false,-0.007112196537002775,false
650,-0.004831709906187801,30,-0.012787440808130095,false,-0.008957557862802109,false,-0.006915861436269824,false
651,0.009017615743331597,30,-0.012718555468579846,false,-0.008918860031688734,false,-0.006893256454202048,false
652,0.0005478340968182535,30,-0.013196688032980507,false,-0.009258655189044224,false,-0.007159304451748276,false
653,0.0035132953478663634,30,-0.013132974728775643,false,-0.009213148441957404,false,-0.00712350355289181,false
654,0.0059541091956293556,30,-0.012980908429890992,false,-0.009108660429726124,false,-0.007044379349222673,false
655,0.0027683111991222207,30,-0.013017379308365856,false,-0.009124638985778923,false,-0.007049433524019507,false
656,0.006395903195300459,30,-0.012773263956109608,false,-0.008952310071483123,false,-0.006915373694170824,false
657,-0.002972836032678105,30,-0.012799968357124672,false,-0.008977208625179693,false,-0.0069393095573440375,false
658,-0.0015182866818443006,30,-0.012693942817229187,false,-0.008900413191451226,false,-0.006878096585053761,false
659,-0.0056566428800365,30,-0.01246303380658459,false,-0.008734764434332293,false,-0.006747237827608443,false
660,0.0008123916510372715,30,-0.012492217060556265,false,-0.00875445715123822,false,-0.006761871174322224,false
661,-0.0023222492592524574,30,-0.012121640560444314,false,-0.008486270654132873,false,-0.006548268408948476,false
662,0.0005969176250410531,30,-0.012344430658536038,false,-0.008650228012431474,false,-0.006680862251360706,false
663,0.0029311338926881303,30,-0.012029049099743488,false,-0.00842287147147624,false,-0.006500431521697729,false
664,0.00014143739920386529,30,-0.011710602150698047,false,-0.008189984731699285,false,-0.006313156612885456,false
665,0.0022487021736186537,30,-0.011514162739658553,false,-0.008046808198488681,false,-0.0061983743227581115,false
666,-0.006818175423129874,30,-0.011161245723771408,false,-0.007791071835906011,false,-0.005994444606856868,true
667,-0.00344220570229503,30,-0.01184554047357105,false,-0.00829146073829197,false,-0.006396793982488895,false
668,-0.014231392375402888,30,-0.01172856822280623,true,-0.008205037608284635,true,-0.006326656475717211,true
669,-0.002469137749456741,30,-0.013143975371570379,false,-0.0092329141542419,false,-0.0071479418912881254,false
670,-0.008542928884835361,30,-0.013157033063498606,false,-0.009241694008805484,false,-0.007154441246581794,true
671,0.013338037770353769,30,-0.013480668376026683,false,-0.00948562855777371,false,-0.007355887613411047,false
672,0.011460789941287294,30,-0.014579314366544307,false,-0.010252463161904616,false,-0.007945834795252743,false
673,0.0034413630753463834,30,-0.01517171536135896,false,-0.010676074042255998,false,-0.008279464290153679,false
674,0.0108619608782928,30,-0.014989030428920736,false,-0.010550912312224962,false,-0.008184967966474218,false
675,0.0008886046499557285,30,-0.0153109810670802,false,-0.010788130363896581,false,-0.008377015389823082,false
676,0.006883940049421065,30,-0.014991775590502387,false,-0.010557253456931641,false,-0.008193226116478722,false
677,0.005730937827366376,30,-0.014267814927728321,false,-0.010033009455841286,false,-0.007775450328725281,false
678,0.0028217276379343343,30,-0.014260618550266667,false,-0.010018833706260522,false,-0.00775755390169342,false
679,-0.0014872786712243095,30,-0.013923025223516294,false,-0.009777398367259183,false,-0.007567380030150044,false
680,0.0056909226853435945,30,-0.013865908201843472,false,-0.00973679854359111,false,-0.007535585463620116,false
681,0.005244169409847644,30,-0.014127800638850774,false,-0.009917057178536099,false,-0.00767232542075325,false
682,-0.004715467761673065,30,-0.014022547643604449,false,-0.009836598128982615,false,-0.007605083931904187,false
683,-0.004585623515078347,30,-0.013880092707484774,false,-0.009733479624411732,false,-0.007522935533436329,false
684,-0.0015873221079642824,30,-0.014008593340341506,false,-0.009821278224207138,false,-0.00758903603001548,false
685,-0.00017466161383859858,30,-0.01359009352947885,false,-0.009519056116433946,false,-0.007348801135499743,false
686,-0.0006401552913715003,30,-0.013246085488487137,false,-0.009273129098474699,false,-0.0071551607479922955,false
687,0.005925615414348357,30,-0.012851773762377812,false,-0.008988556951371796,false,-0.0069290903643910405,false
688,0.000308963603582003,30,-0.012961117611514382,false,-0.009068682831428997,false,-0.006993640253246567,false
689,0.004971093116760273,30,-0.012538236212081253,false,-0.008762221981566707,false,-0.0067492427675723814,false
690,-0.004838463929123609,30,-0.012345851095174465,false,-0.008620766648988957,false,-0.006634937914566207,false
691,0.0058673524943973635,30,-0.012274666019375075,false,-0.008562099842687364,false,-0.006582944551412846,false
692,-0.001921365128807983,30,-0.012372894664838083,false,-0.008634119023177383,false,-0.0066409915631080035,false
693,0.0008727332351337667,30,-0.012092383094611508,false,-0.008430646005913934,false,-0.006478587513365329,false
694,0.0023508159201702065,30,-0.011679940329049184,false,-0.008132730702081767,false,-0.006241726375598345,false
695,-0.0015981576101684416,30,-0.011579419666061979,false,-0.00806339379412743,false,-0.006189013412063547,false
696,-0.0004811388658771217,30,-0.01122929473143855,false,-0.0078094465194378975,false,-0.005986338092000934,false
697,-0.0014696135688960867,30,-0.010833025453573458,false,-0.007524686891132629,false,-0.00576102384525958,false
698,-0.004952525536276069,30,-0.010918989783052824,false,-0.007597353151820428,false,-0.005826600954681115,false
699,-0.0004860115442509087,30,-0.010761611040852239,false,-0.007486073680359635,false,-0.005739896833871701,false
700,-0.0004040812455579398,30,-0.010500984209520057,false,-0.007296614725741697,false,-0.005588377210989376,false
701,0.005956494800456466,30,-0.010283863642478193,false,-0.007138565343779383,false,-0.00546181845921331,false
702,0.003081026293002411,30,-0.010763764258283898,false,-0.007489565293108951,false,-0.00574410194021243,false
703,0.006399691918956019,30,-0.010606341877089994,false,-0.007375665561948417,false,-0.005653403972738889,false
704,-0.0024276995641451813,30,-0.010810045401092889,false,-0.007518953212614063,false,-0.005764484144883822,false
705,-0.005168744153318359,30,-0.01064421966593096,false,-0.007397589908018644,false,-0.00566682359750017,false
706,-0.004641438830131153,30,-0.01088540818409857,false,-0.007564082210324058,false,-0.005793495623526025,false
707,0.0021604971931956846,30,-0.010921493398467597,false,-0.007586667120474406,false,-0.005808883571452241,false
708,0.0030511707176405158,30,-0.010740517578960823,false,-0.007455516496350135,false,-0.00570429457461943,false
709,0.004786931353318022,30,-0.010473428150270265,false,-0.007263877244364155,false,-0.005552877532648219,false
710,0.0018938044712157411,30,-0.010576074860908596,false,-0.007342680478270253,false,-0.005618969897335798,false
711,0.0031547118048834903,30,-0.010547736501965234,false,-0.007320028242987989,false,-0.0055993489135370425,false
712,0.005427556095227496,30,-0.010295625098238833,false,-0.007136074512625386,false,-0.005451729786642508,false
713,-0.008320980091715013,30,-0.01039402587674527,false,-0.0072020830886639735,true,-0.00550047019940556,true
714,0.0038438659402542205,30,-0.011406267338092968,false,-0.007937050539261607,false,-0.006087623900862565,false
715,0.005430023332281019,30,-0.011149952115166863,false,-0.007751765358395888,false,-0.005940204572588512,false
716,0.006152473001667555,30,-0.011173464368178055,false,-0.007780151352923304,false,-0.005971188740684041,false
717,0.00796776852276536,30,-0.011581013255412682,false,-0.008084413909885258,false,-0.00622038973716551,false
718,-0.004636715026226872,30,-0.011810137841478633,false,-0.008247891954674982,false,-0.006348871853711168,false
719,-0.0028690944468802043,30,-0.011833755166103927,false,-0.008263823537030413,false,-0.0063607061953018995,false
720,0.002316415176414185,30,-0.011603286132091262,false,-0.008095318821844982,false,-0.006225234429198212,false
721,0.0009538620352368945,30,-0.011328763988645456,false,-0.007894837824719336,false,-0.006064224493203206,false
722,-0.0024560819894087127,30,-0.011040097505369141,false,-0.007686286271116409,false,-0.005898381912161851,false
723,0.005931798935391928,30,-0.011111469307266848,false,-0.0077390821446940185,false,-0.005941275027088069,false
724,0.005916517917386104,30,-0.01117333805033646,false,-0.007782512639642827,false,-0.005974876160190275,false
725,0.0008587064861107663,30,-0.01119678524721049,false,-0.00780181700293166,false,-0.0059919719942244645,false
726,-0.0027428946407040203,30,-0.010990566404050503,false,-0.0076541620280496415,false,-0.005875537200818984,false
727,0.0035062894401939955,30,-0.010826750162702885,false,-0.007535591098134145,false,-0.005781086379007833,false
728,-0.0006598252789907828,30,-0.010768229583919282,false,-0.0074897926717410095,false,-0.0057420700849785886,false
729,-0.0142076476498119,30,-0.010589441377242232,true,-0.007360069034853867,true,-0.005638502588694018,true
730,-0.0039138004684580365,30,-0.01244633329987151,false,-0.008701613156261494,false,-0.006705316704199228,false
731,-0.010918419653383457,30,-0.012446579030301384,false,-0.008700828317741539,true,-0.0067039824731855106,true
732,0.00546816235902199,30,-0.01349394000933825,false,-0.009455548850600591,false,-0.007302697467037448,false
733,0.003657243794123002,30,-0.01342756159544208,false,-0.009414722756100433,false,-0.0072754932194566795,false
734,0.0030326926305660274,30,-0.013208923041930429,false,-0.00925900925516402,false,-0.007153324831208095,false
735,0.0008445248284286292,30,-0.013064136973228273,false,-0.009146999902906268,false,-0.0070587886252039735,false
736,0.00516283981071722,30,-0.012840744093884759,false,-0.008987506974493227,false,-0.006933360524184544,false
737,0.004747974702758101,30,-0.012792499650213876,false,-0.00894684416582539,false,-0.006896739457082695,false
738,0.0028968574444222586,30,-0.01266668261328784,false,-0.008852959174734727,false,-0.006819877321469502,false
739,0.002426591185156905,30,-0.012335936291546185,false,-0.008614354766028147,false,-0.006630393425651455,false
740,0.0010407924876099975,30,-0.011904314279760577,false,-0.00830059248018991,false,-0.006379461723602303,false
741,0.001365859113127555,30,-0.011565511111193945,false,-0.008056595481658518,false,-0.006186005543507751,false
742,0.0014642680263676233,30,-0.011278176085995776,false,-0.007849149829824532,false,-0.006021148621001516,false
743,-0.0028413026965176257,30,-0.011187224927470185,false,-0.007777782710410965,false,-0.00596022168037223,false
744,-0.0024081561248813104,30,-0.011001000955934905,false,-0.007650129492065926,false,-0.005863792313824985,false
745,-0.0022850286180795144,30,-0.010902165852091658,false,-0.007580029277125724,false,-0.005809010561831991,false
746,-0.0022297795895221875,30,-0.010981088323324718,false,-0.007631645582406217,false,-0.005846070051083508,false
747,0.0011543326393876055,30,-0.0109944856959853,false,-0.007657371199763096,false,-0.005878367810070079,false
748,-0.0018130511075676752,30,-0.010666053958151815,false,-0.0074184373890878305,false,-0.005687145013195874,false
749,-0.0035552418302814436,30,-0.010854008801773122,false,-0.007553275077887137,false,-0.005793666143307679,false
750,-0.017682841517369437,30,-0.011122266929655721,true,-0.007753471472466909,true,-0.0059575790797108796,true
751,0.01005819897489329,30,-0.013598008594387976,false,-0.009512246902022193,false,-0.007334142462265922,false
752,-0.0014946579128567693,30,-0.014063489525040475,false,-0.00985484450134103,false,-0.007611231412352963,false
753,-0.003985966875817339,30,-0.013799917916065992,false,-0.009667633193848633,false,-0.007464727499026514,false
754,-0.006360041126680224,30,-0.013795754606709053,false,-0.009670318388574904,false,-0.007471063605938191,false
755,0.005514705217565318,30,-0.013845092756637825,false,-0.009710122444535986,false,-0.0075057850716838724,false
756,0.004391858862595634,30,-0.014209953183547857,false,-0.009965244088593407,false,-0.007702405376666296,false
757,0.0034411801361682484,30,-0.013948800089773708,false,-0.009779550714931208,false,-0.007556939300574025,false
758,0.004835145429289012,30,-0.013588071049726924,false,-0.00952339033515319,false,-0.007356524086652434,false
759,0.004558185384884543,30,-0.01343033194706829,false,-0.00940773643721302,false,-0.007263305655620821,false
760,0.00459238486898782,30,-0.013270162124268358,false,-0.009293701457552372,false,-0.0071738649901261,false
761,0.0029780329952409776,30,-0.013089265466127016,false,-0.009162116056587183,false,-0.007068567237896278,false
762,0.0017649358608023407,30,-0.012853834666754412,false,-0.008992248477527187,false,-0.006933651168982956,false
763,-0.0018963510393793096,30,-0.012439866155441992,false,-0.00869507052623706,false,-0.006698733833083465,false
764,0.0011375995084406973,30,-0.012106349768353605,false,-0.008456083742652852,false,-0.006510140431341758,false
765,-0.002879589020771856,30,-0.012043768254241775,false,-0.008412846139588844,false,-0.0064772149956795425,false
766,0.0022267776052173342,30,-0.011897353220811431,false,-0.008307331031169861,false,-0.006393503485943126,false
767,-0.0038495034756610693,30,-0.01171746798022329,false,-0.008179608379433568,false,-0.006293588517307802,false
768,-0.0033313877323481716,30,-0.011742190899908005,false,-0.008199148671305539,false,-0.006310365969469951,false
769,0.002829582625706137,30,-0.011599762250525038,false,-0.008096636157668603,false,-0.006229132600098526,false
770,0.010085096185126275,30,-0.01139338718336997,false,-0.007946874275604586,false,-0.006109550997522165,false
771,0.003571008900227847,30,-0.012366660762764261,false,-0.00864660486939944,false,-0.006663456837878368,false
772,-0.0022058570547510057,30,-0.011989865275965537,false,-0.008372539906698246,false,-0.006444157137442327,false
773,-0.0002956430195916182,30,-0.011739850598963543,false,-0.008192487565238512,false,-0.006301401458180253,false
774,0.0035406100045591825,30,-0.011431775553356035,false,-0.00797119713680416,false,-0.006126375588033915,false
775,0.009233634393697458,30,-0.01136490475687435,false,-0.007925168823926257,false,-0.006091458326042258,false
776,0.0016584679418743908,30,-0.011975307450900231,false,-0.008369190387103898,false,-0.006446782724020728,false
777,0.0015419870660710886,30,-0.011646802733090848,false,-0.008132500833122216,false,-0.00625903949413419,false
778,0.00040337492587537015,30,-0.011235802631229261,false,-0.007837393712716268,false,-0.006025714493306283,false
779,0.001317987969832336,30,-0.010907032279021452,false,-0.007603217641673862,false,-0.005841966283528251,false
780,0.000366710231052011,30,-0.010737796519486628,false,-0.007481925009095772,false,-0.0057462319545280175,false
781,0.0018071444778463357,30,-0.010412537551972316,false,-0.00724620814358258,false,-0.005558249652261175,false
782,0.003055145640499257,30,-0.010251735311443215,false,-0.007131850332960291,false,-0.005468651195365022,false
783,0.006868546021144978,30,-0.010190139282297485,false,-0.0070836026616749,false,-0.005427519484262375,false
784,0.004061769676120391,30,-0.010624940107805462,false,-0.007396364835268293,false,-0.0056752233040967374,false
785,-0.0009901808095801245,30,-0.01054266594962472,false,-0.007334367954268119,false,-0.0056240361645300135,false
786,-0.004319746004318983,30,-0.010403735131692642,false,-0.007238464902360377,false,-0.0055510710554752575,false
787,-0.0007511781966012935,30,-0.010805140846325669,false,-0.007525114245267666,false,-0.005776544201245744,false
788,-0.0007396152114522215,30,-0.010800239910257295,false,-0.0075205401228264565,false,-0.0057721443019398775,false
789,0.002643513861207097,30,-0.010715745993866571,false,-0.007462244515421093,false,-0.005727814916113648,false
790,0.00019141480198755522,30,-0.010591447177016875,false,-0.007375361038843358,false,-0.005660877418987827,false
791,-0.001774201548786561,30,-0.010434598042970207,false,-0.007260632088618137,false,-0.005568602582901535,false
792,0.0006510790906982594,30,-0.010264911997776018,false,-0.007139359302463316,false,-0.005473138725998207,false
793,0.004227448450804308,30,-0.009984583233848054,false,-0.006937502042849741,false,-0.005313114334968446,false
794,-0.004511676284883403,30,-0.00997540928301261,false,-0.006923825823379317,false,-0.005297037972748347,false
795,0.0032672873742199773,30,-0.010239543370708799,false,-0.007115002166240222,false,-0.005449320811801319,false
796,-0.005265533661705068,30,-0.010195971313895486,false,-0.0070783480997575155,false,-0.00541635470036539,false
797,-0.00026313870332144183,30,-0.01034760307303729,false,-0.007196135730510979,false,-0.00551610015150763,false
798,0.00583571236217849,30,-0.010300606306807245,false,-0.007159802278737378,false,-0.005485451273213555,false
799,0.005458518780552609,30,-0.010510080004463952,false,-0.007307167493571732,false,-0.005599706685673812,false
800,-0.0003645168398725827,30,-0.010697181348935792,false,-0.0074376795543308035,false,-0.005700051208681546,false
801,-0.009161918461804237,30,-0.010561715105883388,false,-0.007348090000812171,true,-0.005634918348596978,true
802,-0.015671674618198007,30,-0.01156785485004974,true,-0.00806632217756202,true,-0.006199668066494408,true
803,0.003937092919725934,30,-0.01306723944005692,false,-0.009150590809611024,false,-0.007062639917399324,false
804,0.007001228613560068,30,-0.01310984026317546,false,-0.009183577827515686,false,-0.007090501851318192,false
805,0.0005788883592792444,30,-0.013320147188921666,false,-0.009331298590907176,false,-0.0072048581631444265,false
806,0.0009395722383375195,30,-0.013093237407611398,false,-0.009167743484815563,false,-0.007075077199982129,false
807,-0.0035591133917444056,30,-0.012824476576842363,false,-0.008975826816056819,false,-0.006924125869646496,false
808,0.008655200509334,30,-0.012741090311287026,false,-0.00891399684661937,false,-0.006873787481905261,false
809,0.00010761076319772368,30,-0.013200413417381764,false,-0.009243447804310767,false,-0.007134004077845567,false
810,0.0014179397450707109,30,-0.012814925770422043,false,-0.00896727822795229,false,-0.006916111560417634,false
811,-0.0007800296369955801,30,-0.012447702573261159,false,-0.008705758734118363,false,-0.006710942319694482,false
812,9.914005842961803e-5,30,-0.01224617535653125,false,-0.00856006526760288,false,-0.006595013618818049,false
813,-0.0001752288570348735,30,-0.011868445233007854,false,-0.008287438976576328,false,-0.00637841779198243,false
814,0.0013770825423085943,30,-0.011587402038282632,false,-0.00808429774280428,false,-0.006216805805335801,false
815,0.00025412653043454104,30,-0.011178213617739855,false,-0.0077884313766091885,false,-0.005981351006990638,false
816,0.0006954832954188232,30,-0.011113445971900338,false,-0.00773912767922349,false,-0.005940291083304801,false
817,-0.0010311916746024196,30,-0.01075891133471983,false,-0.0074834570803623554,false,-0.005737324537447545,false
818,0.0037493997587402387,30,-0.010656576294254101,false,-0.007414556221909322,false,-0.005686247317709793,false
819,-0.0007493832093859466,30,-0.010564817299123272,false,-0.0073556909874190396,false,-0.005644917625301011,false
820,-0.0015260994870283926,30,-0.010335403654249599,false,-0.007189854684437403,false,-0.005512974168028337,false
821,-0.001200554863100522,30,-0.01020459062204006,false,-0.007092383353633302,false,-0.0054332771748699955,false
822,0.004235158589490175,30,-0.010223916467328401,false,-0.007104139293082304,false,-0.005440997625526782,false
823,0.00151661284204257,30,-0.010265226014136073,false,-0.007133303797191432,false,-0.005463687652313321,false
824,-0.0008563158270360243,30,-0.009997799234978365,false,-0.0069421505425930185,false,-0.005313195531424412,false
825,-0.0010407827906116244,30,-0.009858402909909376,false,-0.006842964679880953,false,-0.005235445717405033,false
826,-0.005866066332223876,30,-0.009762081105675821,false,-0.006777353392229854,false,-0.005186206092506669,true
827,-0.0037141900709514258,30,-0.010388221535783086,false,-0.0072209009157449405,false,-0.005532414013161525,false
828,-0.012467052902390351,30,-0.010446777763680252,true,-0.007262870698125286,true,-0.0055655416228112715,true
829,0.007786296030296836,30,-0.012486358208651082,false,-0.008715218959394179,false,-0.00670483857986953,false
830,-0.0011185165745298713,30,-0.01260461477739275,false,-0.00879529100177337,false,-0.006764554592538151,false
831,0.0048421796524380665,30,-0.01236637429016452,false,-0.008621822524078036,false,-0.006625615833450522,false
832,0.004568944873558046,30,-0.01221771830007207,false,-0.008513233034810923,false,-0.006538385647516306,false
833,0.0020786307745533734,30,-0.011995831450557744,false,-0.008347030168252155,false,-0.006401867706225068,false
834,-0.0009629675226112002,30,-0.011613653113031275,false,-0.008079139118704521,false,-0.0061949027870044976,false
835,-0.0015954076016415286,30,-0.011242252292510817,false,-0.007811104720155625,false,-0.0059819726455244025,false
836,0.0013349587931462865,30,-0.01096292903278587,false,-0.007609128915303731,false,-0.005821230482658441,false
837,0.003887276561720601,30,-0.010785559905248484,false,-0.0074806352372420205,false,-0.0057187921258595835,false
838,-0.00309125025821082,30,-0.01082392166550006,false,-0.007516791907108783,false,-0.005753773270201646,false
839,0.002648633441027034,30,-0.010816513287988185,false,-0.007507790705699432,false,-0.005743922940266437,false
840,-0.00767806086396479,30,-0.010545832109933522,false,-0.007312207022173488,true,-0.0055883734531923315,true
841,0.007265893360970896,30,-0.011396949102362712,false,-0.00792663164158813,false,-0.006076618244379911,false
842,0.0017198772917234656,30,-0.011753651951656193,false,-0.008181856492738143,false,-0.00627774555021619,false
843,-0.0026005416360993907,30,-0.011503882765207894,false,-0.008000945867793674,false,-0.006133543169613767,false
844,0.0018808861070846367,30,-0.011465642630962846,false,-0.007975044209634649,false,-0.0061142191074004355,false
845,-0.0006549654123341414,30,-0.011267338337570971,false,-0.007831383041607142,false,-0.005999687987310057,false
846,-0.002163775339241444,30,-0.011217881082104225,false,-0.007799106335419445,false,-0.005976570168370256,false
847,-0.009129462990066848,30,-0.01130038107628633,false,-0.007865623116392462,true,-0.0060345663575237995,true
848,0.005570061050352138,30,-0.01227642194726028,false,-0.008566512336899623,false,-0.006588773251304028,false
849,6.090517040779366e-5,30,-0.012303577716063618,false,-0.00859213295663327,false,-0.006613575488749098,false
850,0.002808740571954054,30,-0.012192781228302871,false,-0.008510737809615863,false,-0.006547854087688904,false
851,0.006087296994790073,30,-0.012042137815820373,false,-0.00840155383954045,false,-0.00646077199294935,false
852,-0.0060253657259975715,30,-0.012456374121061669,false,-0.008694963810066082,false,-0.006689769891528789,false
853,-0.0001536290841887305,30,-0.012493064603708042,false,-0.00871580279913293,false,-0.006702158508023285,false
854,0.00018657527502817598,30,-0.012343390618983064,false,-0.008612136101286803,false,-0.006623018124572636,false
855,0.003531621187767535,30,-0.01202007527147441,false,-0.008376863099411089,false,-0.006434680171372905,false
856,-0.0038595027984139104,30,-0.011737015954040263,false,-0.008171807017394679,false,-0.006271207325524232,false
857,0.0008219656410806858,30,-0.011619341736615958,false,-0.008087406070533005,false,-0.006204544236079227,false
858,0.006082545851179034,30,-0.01129080368348756,false,-0.007851611489738208,false,-0.006018190857209076,false
859,-0.002406589892967923,30,-0.011538182392874099,false,-0.008026043432332935,false,-0.0061537351483502215,false
860,0.004529160916336847,30,-0.011453155367496446,false,-0.007961710089043166,false,-0.0061004335304091755,false
861,-0.0017963526236610316,30,-0.011425801968501653,false,-0.007943171777252938,false,-0.006086594508989451,false
862,0.0008444870468839169,30,-0.011175635995875469,false,-0.007765873217269377,false,-0.005948141297056171,false
863,-0.0003277375022323345,30,-0.010812967618234231,false,-0.007505668052352241,false,-0.005742558891700137,false
864,0.002856593703566399,30,-0.010627831736527428,false,-0.007377006904814595,false,-0.005644004215975993,false
865,-0.00028115975290461,30,-0.011323258233567687,false,-0.00788811479300622,false,-0.006056852535820044,false
866,-0.0062011320402250705,30,-0.011003098262332171,false,-0.007656854551733251,false,-0.005872984411636617,true
867,0.0020078915382163616,30,-0.013609700845946841,false,-0.00955408214430721,false,-0.007392046821369681,false
868,0.003561404684735858,30,-0.013242168346847537,false,-0.009287574988705789,false,-0.007179395902565375,false
869,0.0012940425214752955,30,-0.013149289756218882,false,-0.009223803953144214,false,-0.007131141996904086,false
870,0.0009777096333105574,30,-0.012779122575016335,false,-0.00895451472458891,false,-0.006915630431628811,false
871,0.0018929170210836193,30,-0.012392472738348826,false,-0.008673406168780002,false,-0.006690785542113806,false
872,-0.0003358285248437682,30,-0.011985480254492427,false,-0.008377190894563524,false,-0.006453625188450172,false
